"indicator","country","iso3c","missing_years","nb_missing_years"
"NW.DOW.PC","Montenegro","MNE","1995-2006",12
"NW.DOW.PC","Serbia","SRB","1995-2006",12
"NW.DOW.PC","Sudan","SDN","1995-2011",17
"NW.DOW.PC.CD","Angola","AGO","1995-2001",7
"NW.DOW.PC.CD","Belarus","BLR","1995-1998",4
"NW.DOW.PC.CD","Bosnia and Herzegovina","BIH","1995",1
"NW.DOW.PC.CD","Bulgaria","BGR","1995",1
"NW.DOW.PC.CD","Congo, Dem. Rep.","","1995-2000",6
"NW.DOW.PC.CD","Iraq","IRQ","1995-1999",5
"NW.DOW.PC.CD","Montenegro","MNE","1995-2003",9
"NW.DOW.PC.CD","Serbia","SRB","1995-1998",4
"NW.DOW.PC.CD","Sudan","SDN","2012-2013",2
"NW.DOW.PC.CD","Tajikistan","TJK","1995-1996",2
"NW.DOW.PC.CD","Turkiye","TUR","1995-1998",4
"NW.DOW.PC.CD","Zambia","ZMB","1995-1996",2
"NW.DOW.TO","Montenegro","MNE","1995-2006",12
"NW.DOW.TO","Serbia","SRB","1995-2006",12
"NW.DOW.TO","Sudan","SDN","1995-2011",17
"NW.DOW.TO.CD","Angola","AGO","1995-2001",7
"NW.DOW.TO.CD","Belarus","BLR","1995-1998",4
"NW.DOW.TO.CD","Bosnia and Herzegovina","BIH","1995",1
"NW.DOW.TO.CD","Bulgaria","BGR","1995",1
"NW.DOW.TO.CD","Congo, Dem. Rep.","","1995-2000",6
"NW.DOW.TO.CD","Iraq","IRQ","1995-1999",5
"NW.DOW.TO.CD","Montenegro","MNE","1995-2003",9
"NW.DOW.TO.CD","Serbia","SRB","1995-1998",4
"NW.DOW.TO.CD","Sudan","SDN","2012-2013",2
"NW.DOW.TO.CD","Tajikistan","TJK","1995-1996",2
"NW.DOW.TO.CD","Turkiye","TUR","1995-1998",4
"NW.DOW.TO.CD","Zambia","ZMB","1995-1996",2
"NW.HCA.FEMA.PC","Montenegro","MNE","1995-2006",12
"NW.HCA.FEMA.PC","Serbia","SRB","1995-2006",12
"NW.HCA.FEMA.PC","Sudan","SDN","1995-2011",17
"NW.HCA.FEMA.PC.CD","Montenegro","MNE","1995-2006",12
"NW.HCA.FEMA.PC.CD","Serbia","SRB","1995-2006",12
"NW.HCA.FEMA.PC.CD","Sudan","SDN","1995-2011",17
"NW.HCA.FEMA.TO","Montenegro","MNE","1995-2006",12
"NW.HCA.FEMA.TO","Serbia","SRB","1995-2006",12
"NW.HCA.FEMA.TO","Sudan","SDN","1995-2011",17
"NW.HCA.FEMA.TO.CD","Montenegro","MNE","1995-2006",12
"NW.HCA.FEMA.TO.CD","Serbia","SRB","1995-2006",12
"NW.HCA.FEMA.TO.CD","Sudan","SDN","1995-2011",17
"NW.HCA.MALE.PC","Montenegro","MNE","1995-2006",12
"NW.HCA.MALE.PC","Serbia","SRB","1995-2006",12
"NW.HCA.MALE.PC","Sudan","SDN","1995-2011",17
"NW.HCA.MALE.PC.CD","Montenegro","MNE","1995-2006",12
"NW.HCA.MALE.PC.CD","Serbia","SRB","1995-2006",12
"NW.HCA.MALE.PC.CD","Sudan","SDN","1995-2011",17
"NW.HCA.MALE.TO","Montenegro","MNE","1995-2006",12
"NW.HCA.MALE.TO","Serbia","SRB","1995-2006",12
"NW.HCA.MALE.TO","Sudan","SDN","1995-2011",17
"NW.HCA.MALE.TO.CD","Montenegro","MNE","1995-2006",12
"NW.HCA.MALE.TO.CD","Serbia","SRB","1995-2006",12
"NW.HCA.MALE.TO.CD","Sudan","SDN","1995-2011",17
"NW.HCA.PC","Montenegro","MNE","1995-2006",12
"NW.HCA.PC","Serbia","SRB","1995-2006",12
"NW.HCA.PC","Sudan","SDN","1995-2011",17
"NW.HCA.PC.CD","Montenegro","MNE","1995-2006",12
"NW.HCA.PC.CD","Serbia","SRB","1995-2006",12
"NW.HCA.PC.CD","Sudan","SDN","1995-2011",17
"NW.HCA.TO","Montenegro","MNE","1995-2006",12
"NW.HCA.TO","Serbia","SRB","1995-2006",12
"NW.HCA.TO","Sudan","SDN","1995-2011",17
"NW.HCA.TO.CD","Montenegro","MNE","1995-2006",12
"NW.HCA.TO.CD","Serbia","SRB","1995-2006",12
"NW.HCA.TO.CD","Sudan","SDN","1995-2011",17
"NW.NCA.AGRI.PC","Montenegro","MNE","1995-2006",12
"NW.NCA.AGRI.PC","Serbia","SRB","1995-2006",12
"NW.NCA.AGRI.PC","Sudan","SDN","1995-2011",17
"NW.NCA.AGRI.PC.CD","Montenegro","MNE","1995-2006",12
"NW.NCA.AGRI.PC.CD","Serbia","SRB","1995-2006",12
"NW.NCA.AGRI.PC.CD","Sudan","SDN","1995-2011",17
"NW.NCA.AGRI.TO","Montenegro","MNE","1995-2006",12
"NW.NCA.AGRI.TO","Serbia","SRB","1995-2006",12
"NW.NCA.AGRI.TO","Sudan","SDN","1995-2011",17
"NW.NCA.AGRI.TO.CD","Montenegro","MNE","1995-2006",12
"NW.NCA.AGRI.TO.CD","Serbia","SRB","1995-2006",12
"NW.NCA.AGRI.TO.CD","Sudan","SDN","1995-2011",17
"NW.NCA.CROP.PC.CD","Montenegro","MNE","1995-2006",12
"NW.NCA.CROP.PC.CD","Serbia","SRB","1995-2006",12
"NW.NCA.CROP.PC.CD","Sudan","SDN","1995-2011",17
"NW.NCA.CROP.TO.CD","Montenegro","MNE","1995-2006",12
"NW.NCA.CROP.TO.CD","Serbia","SRB","1995-2006",12
"NW.NCA.CROP.TO.CD","Sudan","SDN","1995-2011",17
"NW.NCA.FISH.PC","Montenegro","MNE","1995-2006",12
"NW.NCA.FISH.PC","Serbia","SRB","1995-2006",12
"NW.NCA.FISH.PC","Sudan","SDN","1995-2011",17
"NW.NCA.FISH.PC.CD","Montenegro","MNE","1995-2006",12
"NW.NCA.FISH.PC.CD","Sao Tome and Principe","STP","1995-2017, 2019-2020",25
"NW.NCA.FISH.PC.CD","Serbia","SRB","1995-2006",12
"NW.NCA.FISH.PC.CD","Sudan","SDN","1995-2011",17
"NW.NCA.FISH.TO","Montenegro","MNE","1995-2006",12
"NW.NCA.FISH.TO","Serbia","SRB","1995-2006",12
"NW.NCA.FISH.TO","Sudan","SDN","1995-2011",17
"NW.NCA.FISH.TO.CD","Montenegro","MNE","1995-2006",12
"NW.NCA.FISH.TO.CD","Sao Tome and Principe","STP","1995-2017, 2019-2020",25
"NW.NCA.FISH.TO.CD","Serbia","SRB","1995-2006",12
"NW.NCA.FISH.TO.CD","Sudan","SDN","1995-2011",17
"NW.NCA.FSTC.PC","Montenegro","MNE","1995-2006",12
"NW.NCA.FSTC.PC","Serbia","SRB","1995-2006",12
"NW.NCA.FSTC.PC","Sudan","SDN","1995-2011",17
"NW.NCA.FSTC.PC.CD","Kuwait","KWT","1995-2020",26
"NW.NCA.FSTC.PC.CD","Maldives","MDV","1995-2020",26
"NW.NCA.FSTC.PC.CD","Montenegro","MNE","1995-2006",12
"NW.NCA.FSTC.PC.CD","Serbia","SRB","1995-2006",12
"NW.NCA.FSTC.PC.CD","Sudan","SDN","1995-2011",17
"NW.NCA.FSTC.TO","Montenegro","MNE","1995-2006",12
"NW.NCA.FSTC.TO","Serbia","SRB","1995-2006",12
"NW.NCA.FSTC.TO","Sudan","SDN","1995-2011",17
"NW.NCA.FSTC.TO.CD","Kuwait","KWT","1995-2020",26
"NW.NCA.FSTC.TO.CD","Maldives","MDV","1995-2020",26
"NW.NCA.FSTC.TO.CD","Montenegro","MNE","1995-2006",12
"NW.NCA.FSTC.TO.CD","Serbia","SRB","1995-2006",12
"NW.NCA.FSTC.TO.CD","Sudan","SDN","1995-2011",17
"NW.NCA.FSTP.PC","Montenegro","MNE","1995-2006",12
"NW.NCA.FSTP.PC","Serbia","SRB","1995-2006",12
"NW.NCA.FSTP.PC","Sudan","SDN","1995-2011",17
"NW.NCA.FSTP.PC.CD","Kuwait","KWT","1995-2020",26
"NW.NCA.FSTP.PC.CD","Maldives","MDV","1995-2020",26
"NW.NCA.FSTP.PC.CD","Montenegro","MNE","1995-2006",12
"NW.NCA.FSTP.PC.CD","Serbia","SRB","1995-2006",12
"NW.NCA.FSTP.PC.CD","Sudan","SDN","1995-2011",17
"NW.NCA.FSTP.TO","Montenegro","MNE","1995-2006",12
"NW.NCA.FSTP.TO","Serbia","SRB","1995-2006",12
"NW.NCA.FSTP.TO","Sudan","SDN","1995-2011",17
"NW.NCA.FSTP.TO.CD","Kuwait","KWT","1995-2020",26
"NW.NCA.FSTP.TO.CD","Maldives","MDV","1995-2020",26
"NW.NCA.FSTP.TO.CD","Montenegro","MNE","1995-2006",12
"NW.NCA.FSTP.TO.CD","Serbia","SRB","1995-2006",12
"NW.NCA.FSTP.TO.CD","Sudan","SDN","1995-2011",17
"NW.NCA.FSTW.PC","Montenegro","MNE","1995-2006",12
"NW.NCA.FSTW.PC","Serbia","SRB","1995-2006",12
"NW.NCA.FSTW.PC","Sudan","SDN","1995-2011",17
"NW.NCA.FSTW.PC.CD","Kuwait","KWT","1995-2020",26
"NW.NCA.FSTW.PC.CD","Maldives","MDV","1995-2020",26
"NW.NCA.FSTW.PC.CD","Montenegro","MNE","1995-2006",12
"NW.NCA.FSTW.PC.CD","Serbia","SRB","1995-2006",12
"NW.NCA.FSTW.PC.CD","Sudan","SDN","1995-2011",17
"NW.NCA.FSTW.TO","Montenegro","MNE","1995-2006",12
"NW.NCA.FSTW.TO","Serbia","SRB","1995-2006",12
"NW.NCA.FSTW.TO","Sudan","SDN","1995-2011",17
"NW.NCA.FSTW.TO.CD","Kuwait","KWT","1995-2020",26
"NW.NCA.FSTW.TO.CD","Maldives","MDV","1995-2020",26
"NW.NCA.FSTW.TO.CD","Montenegro","MNE","1995-2006",12
"NW.NCA.FSTW.TO.CD","Serbia","SRB","1995-2006",12
"NW.NCA.FSTW.TO.CD","Sudan","SDN","1995-2011",17
"NW.NCA.FTIM.PC","Montenegro","MNE","1995-2006",12
"NW.NCA.FTIM.PC","Serbia","SRB","1995-2006",12
"NW.NCA.FTIM.PC","Sudan","SDN","1995-2011",17
"NW.NCA.FTIM.PC.CD","Montenegro","MNE","1995-2006",12
"NW.NCA.FTIM.PC.CD","Serbia","SRB","1995-2006",12
"NW.NCA.FTIM.PC.CD","Sudan","SDN","1995-2011",17
"NW.NCA.FTIM.TO","Montenegro","MNE","1995-2006",12
"NW.NCA.FTIM.TO","Serbia","SRB","1995-2006",12
"NW.NCA.FTIM.TO","Sudan","SDN","1995-2011",17
"NW.NCA.FTIM.TO.CD","Montenegro","MNE","1995-2006",12
"NW.NCA.FTIM.TO.CD","Serbia","SRB","1995-2006",12
"NW.NCA.FTIM.TO.CD","Sudan","SDN","1995-2011",17
"NW.NCA.HYDR.PC","Belize","BLZ","1995-1999",5
"NW.NCA.HYDR.PC","Cambodia","KHM","1995-1999",5
"NW.NCA.HYDR.PC","Lesotho","LSO","1995-1998",4
"NW.NCA.HYDR.PC","Montenegro","MNE","1995-2006",12
"NW.NCA.HYDR.PC","Serbia","SRB","1995-2006",12
"NW.NCA.HYDR.PC","Sierra Leone","SLE","1995-2006",12
"NW.NCA.HYDR.PC","Sudan","SDN","1995-2011",17
"NW.NCA.HYDR.PC.CD","Bahrain","BHR","1995-2020",26
"NW.NCA.HYDR.PC.CD","Belarus","BLR","1995-2020",26
"NW.NCA.HYDR.PC.CD","Belize","BLZ","1995-1999",5
"NW.NCA.HYDR.PC.CD","Benin","BEN","1995-2020",26
"NW.NCA.HYDR.PC.CD","Botswana","BWA","1995-2020",26
"NW.NCA.HYDR.PC.CD","Chad","TCD","1995-2020",26
"NW.NCA.HYDR.PC.CD","Comoros","COM","1995-2020",26
"NW.NCA.HYDR.PC.CD","Denmark","DNK","1995-2020",26
"NW.NCA.HYDR.PC.CD","Djibouti","DJI","1995-2020",26
"NW.NCA.HYDR.PC.CD","Estonia","EST","1995-2020",26
"NW.NCA.HYDR.PC.CD","Gambia, The","GMB","1995-2020",26
"NW.NCA.HYDR.PC.CD","Guinea-Bissau","GNB","1995-2020",26
"NW.NCA.HYDR.PC.CD","Guyana","GUY","1995-2020",26
"NW.NCA.HYDR.PC.CD","Hungary","HUN","1995-2020",26
"NW.NCA.HYDR.PC.CD","Israel","ISR","1995-2020",26
"NW.NCA.HYDR.PC.CD","Jamaica","JAM","1995-2020",26
"NW.NCA.HYDR.PC.CD","Jordan","JOR","1995-2020",26
"NW.NCA.HYDR.PC.CD","Kuwait","KWT","1995-2020",26
"NW.NCA.HYDR.PC.CD","Kyrgyz Republic","KGZ","1995-2020",26
"NW.NCA.HYDR.PC.CD","Lesotho","LSO","1995-1999",5
"NW.NCA.HYDR.PC.CD","Liberia","LBR","1995-2015",21
"NW.NCA.HYDR.PC.CD","Luxembourg","LUX","1995-2020",26
"NW.NCA.HYDR.PC.CD","Maldives","MDV","1995-2020",26
"NW.NCA.HYDR.PC.CD","Malta","MLT","1995-2020",26
"NW.NCA.HYDR.PC.CD","Mauritania","MRT","1995-2020",26
"NW.NCA.HYDR.PC.CD","Moldova","MDA","1995-2020",26
"NW.NCA.HYDR.PC.CD","Mongolia","MNG","1995-2020",26
"NW.NCA.HYDR.PC.CD","Montenegro","MNE","1995-2020",26
"NW.NCA.HYDR.PC.CD","Netherlands","NLD","1995-2020",26
"NW.NCA.HYDR.PC.CD","Niger","NER","1995-2020",26
"NW.NCA.HYDR.PC.CD","Oman","OMN","1995-2020",26
"NW.NCA.HYDR.PC.CD","Qatar","QAT","1995-2020",26
"NW.NCA.HYDR.PC.CD","Sao Tome and Principe","STP","1995-2020",26
"NW.NCA.HYDR.PC.CD","Saudi Arabia","SAU","1995-2020",26
"NW.NCA.HYDR.PC.CD","Senegal","SEN","1995-2020",26
"NW.NCA.HYDR.PC.CD","Serbia","SRB","1995-2020",26
"NW.NCA.HYDR.PC.CD","Sierra Leone","SLE","1995-2006",12
"NW.NCA.HYDR.PC.CD","Singapore","SGP","1995-2020",26
"NW.NCA.HYDR.PC.CD","Solomon Islands","SLB","1995-2020",26
"NW.NCA.HYDR.PC.CD","St. Lucia","LCA","1995-2020",26
"NW.NCA.HYDR.PC.CD","Sudan","SDN","1995-2020",26
"NW.NCA.HYDR.PC.CD","Trinidad and Tobago","TTO","1995-2020",26
"NW.NCA.HYDR.PC.CD","Tunisia","TUN","1995-2020",26
"NW.NCA.HYDR.PC.CD","United Arab Emirates","ARE","1995-2020",26
"NW.NCA.HYDR.TO","Belize","BLZ","1995-1999",5
"NW.NCA.HYDR.TO","Cambodia","KHM","1995-1999",5
"NW.NCA.HYDR.TO","Lesotho","LSO","1995-1998",4
"NW.NCA.HYDR.TO","Montenegro","MNE","1995-2006",12
"NW.NCA.HYDR.TO","Serbia","SRB","1995-2006",12
"NW.NCA.HYDR.TO","Sierra Leone","SLE","1995-2006",12
"NW.NCA.HYDR.TO","Sudan","SDN","1995-2011",17
"NW.NCA.HYDR.TO.CD","Bahrain","BHR","1995-2020",26
"NW.NCA.HYDR.TO.CD","Belarus","BLR","1995-2020",26
"NW.NCA.HYDR.TO.CD","Belize","BLZ","1995-1999",5
"NW.NCA.HYDR.TO.CD","Benin","BEN","1995-2020",26
"NW.NCA.HYDR.TO.CD","Botswana","BWA","1995-2020",26
"NW.NCA.HYDR.TO.CD","Chad","TCD","1995-2020",26
"NW.NCA.HYDR.TO.CD","Comoros","COM","1995-2020",26
"NW.NCA.HYDR.TO.CD","Denmark","DNK","1995-2020",26
"NW.NCA.HYDR.TO.CD","Djibouti","DJI","1995-2020",26
"NW.NCA.HYDR.TO.CD","Estonia","EST","1995-2020",26
"NW.NCA.HYDR.TO.CD","Gambia, The","GMB","1995-2020",26
"NW.NCA.HYDR.TO.CD","Guinea-Bissau","GNB","1995-2020",26
"NW.NCA.HYDR.TO.CD","Guyana","GUY","1995-2020",26
"NW.NCA.HYDR.TO.CD","Hungary","HUN","1995-2020",26
"NW.NCA.HYDR.TO.CD","Israel","ISR","1995-2020",26
"NW.NCA.HYDR.TO.CD","Jamaica","JAM","1995-2020",26
"NW.NCA.HYDR.TO.CD","Jordan","JOR","1995-2020",26
"NW.NCA.HYDR.TO.CD","Kuwait","KWT","1995-2020",26
"NW.NCA.HYDR.TO.CD","Kyrgyz Republic","KGZ","1995-2020",26
"NW.NCA.HYDR.TO.CD","Lesotho","LSO","1995-1999",5
"NW.NCA.HYDR.TO.CD","Liberia","LBR","1995-2015",21
"NW.NCA.HYDR.TO.CD","Luxembourg","LUX","1995-2020",26
"NW.NCA.HYDR.TO.CD","Maldives","MDV","1995-2020",26
"NW.NCA.HYDR.TO.CD","Malta","MLT","1995-2020",26
"NW.NCA.HYDR.TO.CD","Mauritania","MRT","1995-2020",26
"NW.NCA.HYDR.TO.CD","Moldova","MDA","1995-2020",26
"NW.NCA.HYDR.TO.CD","Mongolia","MNG","1995-2020",26
"NW.NCA.HYDR.TO.CD","Montenegro","MNE","1995-2020",26
"NW.NCA.HYDR.TO.CD","Netherlands","NLD","1995-2020",26
"NW.NCA.HYDR.TO.CD","Niger","NER","1995-2020",26
"NW.NCA.HYDR.TO.CD","Oman","OMN","1995-2020",26
"NW.NCA.HYDR.TO.CD","Qatar","QAT","1995-2020",26
"NW.NCA.HYDR.TO.CD","Sao Tome and Principe","STP","1995-2020",26
"NW.NCA.HYDR.TO.CD","Saudi Arabia","SAU","1995-2020",26
"NW.NCA.HYDR.TO.CD","Senegal","SEN","1995-2020",26
"NW.NCA.HYDR.TO.CD","Serbia","SRB","1995-2020",26
"NW.NCA.HYDR.TO.CD","Sierra Leone","SLE","1995-2006",12
"NW.NCA.HYDR.TO.CD","Singapore","SGP","1995-2020",26
"NW.NCA.HYDR.TO.CD","Solomon Islands","SLB","1995-2020",26
"NW.NCA.HYDR.TO.CD","St. Lucia","LCA","1995-2020",26
"NW.NCA.HYDR.TO.CD","Sudan","SDN","1995-2020",26
"NW.NCA.HYDR.TO.CD","Trinidad and Tobago","TTO","1995-2020",26
"NW.NCA.HYDR.TO.CD","Tunisia","TUN","1995-2020",26
"NW.NCA.HYDR.TO.CD","United Arab Emirates","ARE","1995-2020",26
"NW.NCA.MANG.PC","Montenegro","MNE","1995-2006",12
"NW.NCA.MANG.PC","Serbia","SRB","1995-2006",12
"NW.NCA.MANG.PC","Sudan","SDN","1995-2011",17
"NW.NCA.MANG.PC.CD","Montenegro","MNE","1995-2006",12
"NW.NCA.MANG.PC.CD","Serbia","SRB","1995-2006",12
"NW.NCA.MANG.PC.CD","Sudan","SDN","1995-2011",17
"NW.NCA.MANG.TO","Montenegro","MNE","1995-2006",12
"NW.NCA.MANG.TO","Serbia","SRB","1995-2006",12
"NW.NCA.MANG.TO","Sudan","SDN","1995-2011",17
"NW.NCA.MANG.TO.CD","Montenegro","MNE","1995-2006",12
"NW.NCA.MANG.TO.CD","Serbia","SRB","1995-2006",12
"NW.NCA.MANG.TO.CD","Sudan","SDN","1995-2011",17
"NW.NCA.MBAU.PC","Albania","ALB","1995-2020",26
"NW.NCA.MBAU.PC","Dominican Republic","DOM","1995-2020",26
"NW.NCA.MBAU.PC","Hungary","HUN","1995-2020",26
"NW.NCA.MBAU.PC","Iran, Islamic Rep.","IRN","1995-2020",26
"NW.NCA.MBAU.PC","Mexico","MEX","1995-2020",26
"NW.NCA.MBAU.PC","Montenegro","MNE","1995-2006",12
"NW.NCA.MBAU.PC","Pakistan","PAK","1995-2020",26
"NW.NCA.MBAU.PC","Romania","ROU","1995-2020",26
"NW.NCA.MBAU.PC","Serbia","SRB","1995-2006",12
"NW.NCA.MBAU.PC","Sudan","SDN","1995-2011",17
"NW.NCA.MBAU.PC","Tanzania","TZA","1995-2020",26
"NW.NCA.MBAU.PC","Zimbabwe","ZWE","1995-2020",26
"NW.NCA.MBAU.PC.CD","Albania","ALB","1998-2020",23
"NW.NCA.MBAU.PC.CD","Angola","AGO","1995-2020",26
"NW.NCA.MBAU.PC.CD","Argentina","ARG","1995-2020",26
"NW.NCA.MBAU.PC.CD","Armenia","ARM","1995-2020",26
"NW.NCA.MBAU.PC.CD","Austria","AUT","1995-2020",26
"NW.NCA.MBAU.PC.CD","Azerbaijan","AZE","1995-2020",26
"NW.NCA.MBAU.PC.CD","Bahrain","BHR","1995-2020",26
"NW.NCA.MBAU.PC.CD","Bangladesh","BGD","1995-2020",26
"NW.NCA.MBAU.PC.CD","Belarus","BLR","1995-2020",26
"NW.NCA.MBAU.PC.CD","Belgium","BEL","1995-2020",26
"NW.NCA.MBAU.PC.CD","Belize","BLZ","1995-2020",26
"NW.NCA.MBAU.PC.CD","Benin","BEN","1995-2020",26
"NW.NCA.MBAU.PC.CD","Bolivia","BOL","1995-2020",26
"NW.NCA.MBAU.PC.CD","Bosnia and Herzegovina","BIH","1996-1997",2
"NW.NCA.MBAU.PC.CD","Botswana","BWA","1995-2020",26
"NW.NCA.MBAU.PC.CD","Bulgaria","BGR","1995-2020",26
"NW.NCA.MBAU.PC.CD","Burkina Faso","BFA","1995-2020",26
"NW.NCA.MBAU.PC.CD","Burundi","BDI","1995-2020",26
"NW.NCA.MBAU.PC.CD","Cambodia","KHM","1995-2020",26
"NW.NCA.MBAU.PC.CD","Cameroon","CMR","1995-2020",26
"NW.NCA.MBAU.PC.CD","Canada","CAN","1995-2020",26
"NW.NCA.MBAU.PC.CD","Central African Republic","CAF","1995-2020",26
"NW.NCA.MBAU.PC.CD","Chad","TCD","1995-2020",26
"NW.NCA.MBAU.PC.CD","Chile","CHL","1995-2020",26
"NW.NCA.MBAU.PC.CD","Colombia","COL","1995-2011",17
"NW.NCA.MBAU.PC.CD","Comoros","COM","1995-2020",26
"NW.NCA.MBAU.PC.CD","Congo, Dem. Rep.","","1995-2020",26
"NW.NCA.MBAU.PC.CD","Congo, Rep.","COG","1995-2020",26
"NW.NCA.MBAU.PC.CD","Costa Rica","CRI","1995-2020",26
"NW.NCA.MBAU.PC.CD","Cote d'Ivoire","CIV","1995-2020",26
"NW.NCA.MBAU.PC.CD","Croatia","HRV","1996-2008",13
"NW.NCA.MBAU.PC.CD","Czechia","CZE","1995-2020",26
"NW.NCA.MBAU.PC.CD","Denmark","DNK","1995-2020",26
"NW.NCA.MBAU.PC.CD","Djibouti","DJI","1995-2020",26
"NW.NCA.MBAU.PC.CD","Dominican Republic","DOM","1995-2002, 2011, 2017-2020",13
"NW.NCA.MBAU.PC.CD","Ecuador","ECU","1995-2020",26
"NW.NCA.MBAU.PC.CD","Egypt, Arab Rep.","EGY","1995-2020",26
"NW.NCA.MBAU.PC.CD","El Salvador","SLV","1995-2020",26
"NW.NCA.MBAU.PC.CD","Estonia","EST","1995-2020",26
"NW.NCA.MBAU.PC.CD","Eswatini","SWZ","1995-2020",26
"NW.NCA.MBAU.PC.CD","Ethiopia","ETH","1995-2020",26
"NW.NCA.MBAU.PC.CD","Finland","FIN","1995-2020",26
"NW.NCA.MBAU.PC.CD","Gabon","GAB","1995-2020",26
"NW.NCA.MBAU.PC.CD","Gambia, The","GMB","1995-2020",26
"NW.NCA.MBAU.PC.CD","Georgia","GEO","1995-2020",26
"NW.NCA.MBAU.PC.CD","Germany","DEU","1995-2020",26
"NW.NCA.MBAU.PC.CD","Greece","GRC","2018-2020",3
"NW.NCA.MBAU.PC.CD","Guatemala","GTM","1995-2020",26
"NW.NCA.MBAU.PC.CD","Guinea-Bissau","GNB","1995-2020",26
"NW.NCA.MBAU.PC.CD","Guyana","GUY","2017-2020",4
"NW.NCA.MBAU.PC.CD","Haiti","HTI","1995-2020",26
"NW.NCA.MBAU.PC.CD","Honduras","HND","1995-2020",26
"NW.NCA.MBAU.PC.CD","Hungary","HUN","2019",1
"NW.NCA.MBAU.PC.CD","Iceland","ISL","1995-2020",26
"NW.NCA.MBAU.PC.CD","Iran, Islamic Rep.","IRN","2018-2020",3
"NW.NCA.MBAU.PC.CD","Iraq","IRQ","1995-2007, 2011-2020",23
"NW.NCA.MBAU.PC.CD","Ireland","IRL","1995-2020",26
"NW.NCA.MBAU.PC.CD","Israel","ISR","1995-2020",26
"NW.NCA.MBAU.PC.CD","Italy","ITA","1996-2020",25
"NW.NCA.MBAU.PC.CD","Japan","JPN","1995-2020",26
"NW.NCA.MBAU.PC.CD","Jordan","JOR","1995-2020",26
"NW.NCA.MBAU.PC.CD","Kazakhstan","KAZ","2017-2018",2
"NW.NCA.MBAU.PC.CD","Kenya","KEN","1995-2020",26
"NW.NCA.MBAU.PC.CD","Korea, Rep.","KOR","1995-2020",26
"NW.NCA.MBAU.PC.CD","Kuwait","KWT","1995-2020",26
"NW.NCA.MBAU.PC.CD","Kyrgyz Republic","KGZ","1995-2020",26
"NW.NCA.MBAU.PC.CD","Lao PDR","LAO","1995-2020",26
"NW.NCA.MBAU.PC.CD","Latvia","LVA","1995-2020",26
"NW.NCA.MBAU.PC.CD","Lebanon","LBN","1995-2020",26
"NW.NCA.MBAU.PC.CD","Lesotho","LSO","1995-2020",26
"NW.NCA.MBAU.PC.CD","Liberia","LBR","1995-2020",26
"NW.NCA.MBAU.PC.CD","Lithuania","LTU","1995-2020",26
"NW.NCA.MBAU.PC.CD","Luxembourg","LUX","1995-2020",26
"NW.NCA.MBAU.PC.CD","Madagascar","MDG","1995-2020",26
"NW.NCA.MBAU.PC.CD","Malawi","MWI","1995-2020",26
"NW.NCA.MBAU.PC.CD","Maldives","MDV","1995-2020",26
"NW.NCA.MBAU.PC.CD","Mali","MLI","1995-2020",26
"NW.NCA.MBAU.PC.CD","Malta","MLT","1995-2020",26
"NW.NCA.MBAU.PC.CD","Mauritania","MRT","1995-2020",26
"NW.NCA.MBAU.PC.CD","Mauritius","MUS","1995-2020",26
"NW.NCA.MBAU.PC.CD","Mexico","MEX","1995-2006, 2013-2020",20
"NW.NCA.MBAU.PC.CD","Moldova","MDA","1995-2020",26
"NW.NCA.MBAU.PC.CD","Mongolia","MNG","1995-2020",26
"NW.NCA.MBAU.PC.CD","Montenegro","MNE","1995-2006, 2012",13
"NW.NCA.MBAU.PC.CD","Morocco","MAR","1995-2020",26
"NW.NCA.MBAU.PC.CD","Namibia","NAM","1995-2020",26
"NW.NCA.MBAU.PC.CD","Nepal","NPL","1995-2020",26
"NW.NCA.MBAU.PC.CD","Netherlands","NLD","1995-2020",26
"NW.NCA.MBAU.PC.CD","New Zealand","NZL","1995-2020",26
"NW.NCA.MBAU.PC.CD","Nicaragua","NIC","1995-2020",26
"NW.NCA.MBAU.PC.CD","Niger","NER","1995-2020",26
"NW.NCA.MBAU.PC.CD","Nigeria","NGA","1995-2020",26
"NW.NCA.MBAU.PC.CD","North Macedonia","MKD","1995-2020",26
"NW.NCA.MBAU.PC.CD","Norway","NOR","1995-2020",26
"NW.NCA.MBAU.PC.CD","Oman","OMN","1995-2020",26
"NW.NCA.MBAU.PC.CD","Pakistan","PAK","2018-2020",3
"NW.NCA.MBAU.PC.CD","Panama","PAN","1995-2020",26
"NW.NCA.MBAU.PC.CD","Papua New Guinea","PNG","1995-2020",26
"NW.NCA.MBAU.PC.CD","Paraguay","PRY","1995-2020",26
"NW.NCA.MBAU.PC.CD","Peru","PER","1995-2020",26
"NW.NCA.MBAU.PC.CD","Philippines","PHL","1995-2020",26
"NW.NCA.MBAU.PC.CD","Poland","POL","1995-2020",26
"NW.NCA.MBAU.PC.CD","Portugal","PRT","1995-2020",26
"NW.NCA.MBAU.PC.CD","Qatar","QAT","1995-2020",26
"NW.NCA.MBAU.PC.CD","Romania","ROU","1999-2020",22
"NW.NCA.MBAU.PC.CD","Rwanda","RWA","1995-2020",26
"NW.NCA.MBAU.PC.CD","Sao Tome and Principe","STP","1995-2020",26
"NW.NCA.MBAU.PC.CD","Saudi Arabia","SAU","1995-2010, 2012, 2018",18
"NW.NCA.MBAU.PC.CD","Senegal","SEN","1995-2020",26
"NW.NCA.MBAU.PC.CD","Serbia","SRB","1995-2020",26
"NW.NCA.MBAU.PC.CD","Sierra Leone","SLE","1995, 1998-2005",9
"NW.NCA.MBAU.PC.CD","Singapore","SGP","1995-2020",26
"NW.NCA.MBAU.PC.CD","Slovak Republic","SVK","1995-2020",26
"NW.NCA.MBAU.PC.CD","Slovenia","SVN","1995-2020",26
"NW.NCA.MBAU.PC.CD","Solomon Islands","SLB","1995-2014",20
"NW.NCA.MBAU.PC.CD","South Africa","ZAF","1995-2020",26
"NW.NCA.MBAU.PC.CD","Spain","ESP","1995-2020",26
"NW.NCA.MBAU.PC.CD","Sri Lanka","LKA","1995-2020",26
"NW.NCA.MBAU.PC.CD","St. Lucia","LCA","1995-2020",26
"NW.NCA.MBAU.PC.CD","Sudan","SDN","1995-2020",26
"NW.NCA.MBAU.PC.CD","Suriname","SUR","2016-2020",5
"NW.NCA.MBAU.PC.CD","Sweden","SWE","1995-2020",26
"NW.NCA.MBAU.PC.CD","Switzerland","CHE","1995-2020",26
"NW.NCA.MBAU.PC.CD","Tajikistan","TJK","1995-2020",26
"NW.NCA.MBAU.PC.CD","Tanzania","TZA","1995-2004, 2018-2019",12
"NW.NCA.MBAU.PC.CD","Thailand","THA","1995-2020",26
"NW.NCA.MBAU.PC.CD","Togo","TGO","1995-2020",26
"NW.NCA.MBAU.PC.CD","Trinidad and Tobago","TTO","1995-2020",26
"NW.NCA.MBAU.PC.CD","Tunisia","TUN","1995-2020",26
"NW.NCA.MBAU.PC.CD","Uganda","UGA","1995-2020",26
"NW.NCA.MBAU.PC.CD","Ukraine","UKR","1995-2020",26
"NW.NCA.MBAU.PC.CD","United Arab Emirates","ARE","1995-2020",26
"NW.NCA.MBAU.PC.CD","United Kingdom","GBR","1995-2020",26
"NW.NCA.MBAU.PC.CD","Uruguay","URY","1995-2020",26
"NW.NCA.MBAU.PC.CD","Viet Nam","VNM","1995",1
"NW.NCA.MBAU.PC.CD","Zambia","ZMB","1995-2020",26
"NW.NCA.MBAU.PC.CD","Zimbabwe","ZWE","1998-2020",23
"NW.NCA.MBAU.TO","Albania","ALB","1995-2020",26
"NW.NCA.MBAU.TO","Dominican Republic","DOM","1995-2020",26
"NW.NCA.MBAU.TO","Hungary","HUN","1995-2020",26
"NW.NCA.MBAU.TO","Iran, Islamic Rep.","IRN","1995-2020",26
"NW.NCA.MBAU.TO","Mexico","MEX","1995-2020",26
"NW.NCA.MBAU.TO","Montenegro","MNE","1995-2006",12
"NW.NCA.MBAU.TO","Pakistan","PAK","1995-2020",26
"NW.NCA.MBAU.TO","Romania","ROU","1995-2020",26
"NW.NCA.MBAU.TO","Serbia","SRB","1995-2006",12
"NW.NCA.MBAU.TO","Sudan","SDN","1995-2011",17
"NW.NCA.MBAU.TO","Tanzania","TZA","1995-2020",26
"NW.NCA.MBAU.TO","Zimbabwe","ZWE","1995-2020",26
"NW.NCA.MBAU.TO.CD","Albania","ALB","1998-2020",23
"NW.NCA.MBAU.TO.CD","Angola","AGO","1995-2020",26
"NW.NCA.MBAU.TO.CD","Argentina","ARG","1995-2020",26
"NW.NCA.MBAU.TO.CD","Armenia","ARM","1995-2020",26
"NW.NCA.MBAU.TO.CD","Austria","AUT","1995-2020",26
"NW.NCA.MBAU.TO.CD","Azerbaijan","AZE","1995-2020",26
"NW.NCA.MBAU.TO.CD","Bahrain","BHR","1995-2020",26
"NW.NCA.MBAU.TO.CD","Bangladesh","BGD","1995-2020",26
"NW.NCA.MBAU.TO.CD","Belarus","BLR","1995-2020",26
"NW.NCA.MBAU.TO.CD","Belgium","BEL","1995-2020",26
"NW.NCA.MBAU.TO.CD","Belize","BLZ","1995-2020",26
"NW.NCA.MBAU.TO.CD","Benin","BEN","1995-2020",26
"NW.NCA.MBAU.TO.CD","Bolivia","BOL","1995-2020",26
"NW.NCA.MBAU.TO.CD","Bosnia and Herzegovina","BIH","1996-1997",2
"NW.NCA.MBAU.TO.CD","Botswana","BWA","1995-2020",26
"NW.NCA.MBAU.TO.CD","Bulgaria","BGR","1995-2020",26
"NW.NCA.MBAU.TO.CD","Burkina Faso","BFA","1995-2020",26
"NW.NCA.MBAU.TO.CD","Burundi","BDI","1995-2020",26
"NW.NCA.MBAU.TO.CD","Cambodia","KHM","1995-2020",26
"NW.NCA.MBAU.TO.CD","Cameroon","CMR","1995-2020",26
"NW.NCA.MBAU.TO.CD","Canada","CAN","1995-2020",26
"NW.NCA.MBAU.TO.CD","Central African Republic","CAF","1995-2020",26
"NW.NCA.MBAU.TO.CD","Chad","TCD","1995-2020",26
"NW.NCA.MBAU.TO.CD","Chile","CHL","1995-2020",26
"NW.NCA.MBAU.TO.CD","Colombia","COL","1995-2011",17
"NW.NCA.MBAU.TO.CD","Comoros","COM","1995-2020",26
"NW.NCA.MBAU.TO.CD","Congo, Dem. Rep.","","1995-2020",26
"NW.NCA.MBAU.TO.CD","Congo, Rep.","COG","1995-2020",26
"NW.NCA.MBAU.TO.CD","Costa Rica","CRI","1995-2020",26
"NW.NCA.MBAU.TO.CD","Cote d'Ivoire","CIV","1995-2020",26
"NW.NCA.MBAU.TO.CD","Croatia","HRV","1996-2008",13
"NW.NCA.MBAU.TO.CD","Czechia","CZE","1995-2020",26
"NW.NCA.MBAU.TO.CD","Denmark","DNK","1995-2020",26
"NW.NCA.MBAU.TO.CD","Djibouti","DJI","1995-2020",26
"NW.NCA.MBAU.TO.CD","Dominican Republic","DOM","1995-2002, 2011, 2017-2020",13
"NW.NCA.MBAU.TO.CD","Ecuador","ECU","1995-2020",26
"NW.NCA.MBAU.TO.CD","Egypt, Arab Rep.","EGY","1995-2020",26
"NW.NCA.MBAU.TO.CD","El Salvador","SLV","1995-2020",26
"NW.NCA.MBAU.TO.CD","Estonia","EST","1995-2020",26
"NW.NCA.MBAU.TO.CD","Eswatini","SWZ","1995-2020",26
"NW.NCA.MBAU.TO.CD","Ethiopia","ETH","1995-2020",26
"NW.NCA.MBAU.TO.CD","Finland","FIN","1995-2020",26
"NW.NCA.MBAU.TO.CD","Gabon","GAB","1995-2020",26
"NW.NCA.MBAU.TO.CD","Gambia, The","GMB","1995-2020",26
"NW.NCA.MBAU.TO.CD","Georgia","GEO","1995-2020",26
"NW.NCA.MBAU.TO.CD","Germany","DEU","1995-2020",26
"NW.NCA.MBAU.TO.CD","Greece","GRC","2018-2020",3
"NW.NCA.MBAU.TO.CD","Guatemala","GTM","1995-2020",26
"NW.NCA.MBAU.TO.CD","Guinea-Bissau","GNB","1995-2020",26
"NW.NCA.MBAU.TO.CD","Guyana","GUY","2017-2020",4
"NW.NCA.MBAU.TO.CD","Haiti","HTI","1995-2020",26
"NW.NCA.MBAU.TO.CD","Honduras","HND","1995-2020",26
"NW.NCA.MBAU.TO.CD","Hungary","HUN","2019",1
"NW.NCA.MBAU.TO.CD","Iceland","ISL","1995-2020",26
"NW.NCA.MBAU.TO.CD","Iran, Islamic Rep.","IRN","2018-2020",3
"NW.NCA.MBAU.TO.CD","Iraq","IRQ","1995-2007, 2011-2020",23
"NW.NCA.MBAU.TO.CD","Ireland","IRL","1995-2020",26
"NW.NCA.MBAU.TO.CD","Israel","ISR","1995-2020",26
"NW.NCA.MBAU.TO.CD","Italy","ITA","1996-2020",25
"NW.NCA.MBAU.TO.CD","Japan","JPN","1995-2020",26
"NW.NCA.MBAU.TO.CD","Jordan","JOR","1995-2020",26
"NW.NCA.MBAU.TO.CD","Kazakhstan","KAZ","2017-2018",2
"NW.NCA.MBAU.TO.CD","Kenya","KEN","1995-2020",26
"NW.NCA.MBAU.TO.CD","Korea, Rep.","KOR","1995-2020",26
"NW.NCA.MBAU.TO.CD","Kuwait","KWT","1995-2020",26
"NW.NCA.MBAU.TO.CD","Kyrgyz Republic","KGZ","1995-2020",26
"NW.NCA.MBAU.TO.CD","Lao PDR","LAO","1995-2020",26
"NW.NCA.MBAU.TO.CD","Latvia","LVA","1995-2020",26
"NW.NCA.MBAU.TO.CD","Lebanon","LBN","1995-2020",26
"NW.NCA.MBAU.TO.CD","Lesotho","LSO","1995-2020",26
"NW.NCA.MBAU.TO.CD","Liberia","LBR","1995-2020",26
"NW.NCA.MBAU.TO.CD","Lithuania","LTU","1995-2020",26
"NW.NCA.MBAU.TO.CD","Luxembourg","LUX","1995-2020",26
"NW.NCA.MBAU.TO.CD","Madagascar","MDG","1995-2020",26
"NW.NCA.MBAU.TO.CD","Malawi","MWI","1995-2020",26
"NW.NCA.MBAU.TO.CD","Maldives","MDV","1995-2020",26
"NW.NCA.MBAU.TO.CD","Mali","MLI","1995-2020",26
"NW.NCA.MBAU.TO.CD","Malta","MLT","1995-2020",26
"NW.NCA.MBAU.TO.CD","Mauritania","MRT","1995-2020",26
"NW.NCA.MBAU.TO.CD","Mauritius","MUS","1995-2020",26
"NW.NCA.MBAU.TO.CD","Mexico","MEX","1995-2006, 2013-2020",20
"NW.NCA.MBAU.TO.CD","Moldova","MDA","1995-2020",26
"NW.NCA.MBAU.TO.CD","Mongolia","MNG","1995-2020",26
"NW.NCA.MBAU.TO.CD","Montenegro","MNE","1995-2006, 2012",13
"NW.NCA.MBAU.TO.CD","Morocco","MAR","1995-2020",26
"NW.NCA.MBAU.TO.CD","Namibia","NAM","1995-2020",26
"NW.NCA.MBAU.TO.CD","Nepal","NPL","1995-2020",26
"NW.NCA.MBAU.TO.CD","Netherlands","NLD","1995-2020",26
"NW.NCA.MBAU.TO.CD","New Zealand","NZL","1995-2020",26
"NW.NCA.MBAU.TO.CD","Nicaragua","NIC","1995-2020",26
"NW.NCA.MBAU.TO.CD","Niger","NER","1995-2020",26
"NW.NCA.MBAU.TO.CD","Nigeria","NGA","1995-2020",26
"NW.NCA.MBAU.TO.CD","North Macedonia","MKD","1995-2020",26
"NW.NCA.MBAU.TO.CD","Norway","NOR","1995-2020",26
"NW.NCA.MBAU.TO.CD","Oman","OMN","1995-2020",26
"NW.NCA.MBAU.TO.CD","Pakistan","PAK","2018-2020",3
"NW.NCA.MBAU.TO.CD","Panama","PAN","1995-2020",26
"NW.NCA.MBAU.TO.CD","Papua New Guinea","PNG","1995-2020",26
"NW.NCA.MBAU.TO.CD","Paraguay","PRY","1995-2020",26
"NW.NCA.MBAU.TO.CD","Peru","PER","1995-2020",26
"NW.NCA.MBAU.TO.CD","Philippines","PHL","1995-2020",26
"NW.NCA.MBAU.TO.CD","Poland","POL","1995-2020",26
"NW.NCA.MBAU.TO.CD","Portugal","PRT","1995-2020",26
"NW.NCA.MBAU.TO.CD","Qatar","QAT","1995-2020",26
"NW.NCA.MBAU.TO.CD","Romania","ROU","1999-2020",22
"NW.NCA.MBAU.TO.CD","Rwanda","RWA","1995-2020",26
"NW.NCA.MBAU.TO.CD","Sao Tome and Principe","STP","1995-2020",26
"NW.NCA.MBAU.TO.CD","Saudi Arabia","SAU","1995-2010, 2012, 2018",18
"NW.NCA.MBAU.TO.CD","Senegal","SEN","1995-2020",26
"NW.NCA.MBAU.TO.CD","Serbia","SRB","1995-2020",26
"NW.NCA.MBAU.TO.CD","Sierra Leone","SLE","1995, 1998-2005",9
"NW.NCA.MBAU.TO.CD","Singapore","SGP","1995-2020",26
"NW.NCA.MBAU.TO.CD","Slovak Republic","SVK","1995-2020",26
"NW.NCA.MBAU.TO.CD","Slovenia","SVN","1995-2020",26
"NW.NCA.MBAU.TO.CD","Solomon Islands","SLB","1995-2014",20
"NW.NCA.MBAU.TO.CD","South Africa","ZAF","1995-2020",26
"NW.NCA.MBAU.TO.CD","Spain","ESP","1995-2020",26
"NW.NCA.MBAU.TO.CD","Sri Lanka","LKA","1995-2020",26
"NW.NCA.MBAU.TO.CD","St. Lucia","LCA","1995-2020",26
"NW.NCA.MBAU.TO.CD","Sudan","SDN","1995-2020",26
"NW.NCA.MBAU.TO.CD","Suriname","SUR","2016-2020",5
"NW.NCA.MBAU.TO.CD","Sweden","SWE","1995-2020",26
"NW.NCA.MBAU.TO.CD","Switzerland","CHE","1995-2020",26
"NW.NCA.MBAU.TO.CD","Tajikistan","TJK","1995-2020",26
"NW.NCA.MBAU.TO.CD","Tanzania","TZA","1995-2004, 2018-2019",12
"NW.NCA.MBAU.TO.CD","Thailand","THA","1995-2020",26
"NW.NCA.MBAU.TO.CD","Togo","TGO","1995-2020",26
"NW.NCA.MBAU.TO.CD","Trinidad and Tobago","TTO","1995-2020",26
"NW.NCA.MBAU.TO.CD","Tunisia","TUN","1995-2020",26
"NW.NCA.MBAU.TO.CD","Uganda","UGA","1995-2020",26
"NW.NCA.MBAU.TO.CD","Ukraine","UKR","1995-2020",26
"NW.NCA.MBAU.TO.CD","United Arab Emirates","ARE","1995-2020",26
"NW.NCA.MBAU.TO.CD","United Kingdom","GBR","1995-2020",26
"NW.NCA.MBAU.TO.CD","Uruguay","URY","1995-2020",26
"NW.NCA.MBAU.TO.CD","Viet Nam","VNM","1995",1
"NW.NCA.MBAU.TO.CD","Zambia","ZMB","1995-2020",26
"NW.NCA.MBAU.TO.CD","Zimbabwe","ZWE","1998-2020",23
"NW.NCA.MCOB.PC","Botswana","BWA","1995-2020",26
"NW.NCA.MCOB.PC","Finland","FIN","1995-2020",26
"NW.NCA.MCOB.PC","Montenegro","MNE","1995-2006",12
"NW.NCA.MCOB.PC","Serbia","SRB","1995-2006",12
"NW.NCA.MCOB.PC","Sudan","SDN","1995-2011",17
"NW.NCA.MCOB.PC","Turkiye","TUR","1995-2020",26
"NW.NCA.MCOB.PC","Uganda","UGA","1995-2020",26
"NW.NCA.MCOB.PC","Viet Nam","VNM","1995-2020",26
"NW.NCA.MCOB.PC","Zimbabwe","ZWE","1995-2020",26
"NW.NCA.MCOB.PC.CD","Albania","ALB","1995-2020",26
"NW.NCA.MCOB.PC.CD","Angola","AGO","1995-2020",26
"NW.NCA.MCOB.PC.CD","Argentina","ARG","1995-2020",26
"NW.NCA.MCOB.PC.CD","Armenia","ARM","1995-2020",26
"NW.NCA.MCOB.PC.CD","Austria","AUT","1995-2020",26
"NW.NCA.MCOB.PC.CD","Azerbaijan","AZE","1995-2020",26
"NW.NCA.MCOB.PC.CD","Bahrain","BHR","1995-2020",26
"NW.NCA.MCOB.PC.CD","Bangladesh","BGD","1995-2020",26
"NW.NCA.MCOB.PC.CD","Belarus","BLR","1995-2020",26
"NW.NCA.MCOB.PC.CD","Belgium","BEL","1995-2020",26
"NW.NCA.MCOB.PC.CD","Belize","BLZ","1995-2020",26
"NW.NCA.MCOB.PC.CD","Benin","BEN","1995-2020",26
"NW.NCA.MCOB.PC.CD","Bolivia","BOL","1995-2020",26
"NW.NCA.MCOB.PC.CD","Bosnia and Herzegovina","BIH","1995-2020",26
"NW.NCA.MCOB.PC.CD","Botswana","BWA","2017-2020",4
"NW.NCA.MCOB.PC.CD","Brazil","BRA","1995-2001, 2015-2020",13
"NW.NCA.MCOB.PC.CD","Bulgaria","BGR","1995-2020",26
"NW.NCA.MCOB.PC.CD","Burkina Faso","BFA","1995-2020",26
"NW.NCA.MCOB.PC.CD","Burundi","BDI","1995-2020",26
"NW.NCA.MCOB.PC.CD","Cambodia","KHM","1995-2020",26
"NW.NCA.MCOB.PC.CD","Cameroon","CMR","1995-2020",26
"NW.NCA.MCOB.PC.CD","Central African Republic","CAF","1995-2020",26
"NW.NCA.MCOB.PC.CD","Chad","TCD","1995-2020",26
"NW.NCA.MCOB.PC.CD","Chile","CHL","1995-2020",26
"NW.NCA.MCOB.PC.CD","China","CHN","1995-2004, 2016",11
"NW.NCA.MCOB.PC.CD","Colombia","COL","1995-2020",26
"NW.NCA.MCOB.PC.CD","Comoros","COM","1995-2020",26
"NW.NCA.MCOB.PC.CD","Congo, Rep.","COG","1995-2020",26
"NW.NCA.MCOB.PC.CD","Costa Rica","CRI","1995-2020",26
"NW.NCA.MCOB.PC.CD","Cote d'Ivoire","CIV","1995-2020",26
"NW.NCA.MCOB.PC.CD","Croatia","HRV","1995-2020",26
"NW.NCA.MCOB.PC.CD","Czechia","CZE","1995-2020",26
"NW.NCA.MCOB.PC.CD","Denmark","DNK","1995-2020",26
"NW.NCA.MCOB.PC.CD","Djibouti","DJI","1995-2020",26
"NW.NCA.MCOB.PC.CD","Dominican Republic","DOM","1995-2020",26
"NW.NCA.MCOB.PC.CD","Ecuador","ECU","1995-2020",26
"NW.NCA.MCOB.PC.CD","Egypt, Arab Rep.","EGY","1995-2020",26
"NW.NCA.MCOB.PC.CD","El Salvador","SLV","1995-2020",26
"NW.NCA.MCOB.PC.CD","Estonia","EST","1995-2020",26
"NW.NCA.MCOB.PC.CD","Eswatini","SWZ","1995-2020",26
"NW.NCA.MCOB.PC.CD","Ethiopia","ETH","1995-2020",26
"NW.NCA.MCOB.PC.CD","Finland","FIN","1995-2004",10
"NW.NCA.MCOB.PC.CD","France","FRA","1995-2020",26
"NW.NCA.MCOB.PC.CD","Gabon","GAB","1995-2020",26
"NW.NCA.MCOB.PC.CD","Gambia, The","GMB","1995-2020",26
"NW.NCA.MCOB.PC.CD","Georgia","GEO","1995-2020",26
"NW.NCA.MCOB.PC.CD","Germany","DEU","1995-2020",26
"NW.NCA.MCOB.PC.CD","Ghana","GHA","1995-2020",26
"NW.NCA.MCOB.PC.CD","Greece","GRC","1995-2020",26
"NW.NCA.MCOB.PC.CD","Guatemala","GTM","1995-2020",26
"NW.NCA.MCOB.PC.CD","Guinea","GIN","1995-2020",26
"NW.NCA.MCOB.PC.CD","Guinea-Bissau","GNB","1995-2020",26
"NW.NCA.MCOB.PC.CD","Guyana","GUY","1995-2020",26
"NW.NCA.MCOB.PC.CD","Haiti","HTI","1995-2020",26
"NW.NCA.MCOB.PC.CD","Honduras","HND","1995-2020",26
"NW.NCA.MCOB.PC.CD","Hungary","HUN","1995-2020",26
"NW.NCA.MCOB.PC.CD","Iceland","ISL","1995-2020",26
"NW.NCA.MCOB.PC.CD","India","IND","1995-2020",26
"NW.NCA.MCOB.PC.CD","Indonesia","IDN","1995-2019",25
"NW.NCA.MCOB.PC.CD","Iran, Islamic Rep.","IRN","1995-2020",26
"NW.NCA.MCOB.PC.CD","Iraq","IRQ","1995-2020",26
"NW.NCA.MCOB.PC.CD","Ireland","IRL","1995-2020",26
"NW.NCA.MCOB.PC.CD","Israel","ISR","1995-2020",26
"NW.NCA.MCOB.PC.CD","Italy","ITA","1995-2020",26
"NW.NCA.MCOB.PC.CD","Jamaica","JAM","1995-2020",26
"NW.NCA.MCOB.PC.CD","Japan","JPN","1995-2020",26
"NW.NCA.MCOB.PC.CD","Jordan","JOR","1995-2020",26
"NW.NCA.MCOB.PC.CD","Kazakhstan","KAZ","1995-2020",26
"NW.NCA.MCOB.PC.CD","Kenya","KEN","1995-2020",26
"NW.NCA.MCOB.PC.CD","Korea, Rep.","KOR","1995-2020",26
"NW.NCA.MCOB.PC.CD","Kuwait","KWT","1995-2020",26
"NW.NCA.MCOB.PC.CD","Kyrgyz Republic","KGZ","1995-2020",26
"NW.NCA.MCOB.PC.CD","Lao PDR","LAO","1995-2020",26
"NW.NCA.MCOB.PC.CD","Latvia","LVA","1995-2020",26
"NW.NCA.MCOB.PC.CD","Lebanon","LBN","1995-2020",26
"NW.NCA.MCOB.PC.CD","Lesotho","LSO","1995-2020",26
"NW.NCA.MCOB.PC.CD","Liberia","LBR","1995-2020",26
"NW.NCA.MCOB.PC.CD","Lithuania","LTU","1995-2020",26
"NW.NCA.MCOB.PC.CD","Luxembourg","LUX","1995-2020",26
"NW.NCA.MCOB.PC.CD","Madagascar","MDG","1995-2011",17
"NW.NCA.MCOB.PC.CD","Malawi","MWI","1995-2020",26
"NW.NCA.MCOB.PC.CD","Malaysia","MYS","1995-2020",26
"NW.NCA.MCOB.PC.CD","Maldives","MDV","1995-2020",26
"NW.NCA.MCOB.PC.CD","Mali","MLI","1995-2020",26
"NW.NCA.MCOB.PC.CD","Malta","MLT","1995-2020",26
"NW.NCA.MCOB.PC.CD","Mauritania","MRT","1995-2020",26
"NW.NCA.MCOB.PC.CD","Mauritius","MUS","1995-2020",26
"NW.NCA.MCOB.PC.CD","Mexico","MEX","1995-2020",26
"NW.NCA.MCOB.PC.CD","Moldova","MDA","1995-2020",26
"NW.NCA.MCOB.PC.CD","Mongolia","MNG","1995-2020",26
"NW.NCA.MCOB.PC.CD","Montenegro","MNE","1995-2020",26
"NW.NCA.MCOB.PC.CD","Mozambique","MOZ","1995-2020",26
"NW.NCA.MCOB.PC.CD","Namibia","NAM","1995-2020",26
"NW.NCA.MCOB.PC.CD","Nepal","NPL","1995-2020",26
"NW.NCA.MCOB.PC.CD","Netherlands","NLD","1995-2020",26
"NW.NCA.MCOB.PC.CD","New Zealand","NZL","1995-2020",26
"NW.NCA.MCOB.PC.CD","Nicaragua","NIC","1995-2020",26
"NW.NCA.MCOB.PC.CD","Niger","NER","1995-2020",26
"NW.NCA.MCOB.PC.CD","Nigeria","NGA","1995-2020",26
"NW.NCA.MCOB.PC.CD","North Macedonia","MKD","1995-2020",26
"NW.NCA.MCOB.PC.CD","Norway","NOR","1995-2020",26
"NW.NCA.MCOB.PC.CD","Oman","OMN","1995-2020",26
"NW.NCA.MCOB.PC.CD","Pakistan","PAK","1995-2020",26
"NW.NCA.MCOB.PC.CD","Panama","PAN","1995-2020",26
"NW.NCA.MCOB.PC.CD","Papua New Guinea","PNG","1995-2011",17
"NW.NCA.MCOB.PC.CD","Paraguay","PRY","1995-2020",26
"NW.NCA.MCOB.PC.CD","Peru","PER","1995-2020",26
"NW.NCA.MCOB.PC.CD","Philippines","PHL","1995-2006",12
"NW.NCA.MCOB.PC.CD","Poland","POL","1995-2020",26
"NW.NCA.MCOB.PC.CD","Portugal","PRT","1995-2020",26
"NW.NCA.MCOB.PC.CD","Qatar","QAT","1995-2020",26
"NW.NCA.MCOB.PC.CD","Romania","ROU","1995-2020",26
"NW.NCA.MCOB.PC.CD","Rwanda","RWA","1995-2020",26
"NW.NCA.MCOB.PC.CD","Sao Tome and Principe","STP","1995-2020",26
"NW.NCA.MCOB.PC.CD","Saudi Arabia","SAU","1995-2020",26
"NW.NCA.MCOB.PC.CD","Senegal","SEN","1995-2020",26
"NW.NCA.MCOB.PC.CD","Serbia","SRB","1995-2020",26
"NW.NCA.MCOB.PC.CD","Sierra Leone","SLE","1995-2020",26
"NW.NCA.MCOB.PC.CD","Singapore","SGP","1995-2020",26
"NW.NCA.MCOB.PC.CD","Slovak Republic","SVK","1995-2020",26
"NW.NCA.MCOB.PC.CD","Slovenia","SVN","1995-2020",26
"NW.NCA.MCOB.PC.CD","Solomon Islands","SLB","1995-2020",26
"NW.NCA.MCOB.PC.CD","South Africa","ZAF","1995-2012",18
"NW.NCA.MCOB.PC.CD","Spain","ESP","1995-2020",26
"NW.NCA.MCOB.PC.CD","Sri Lanka","LKA","1995-2020",26
"NW.NCA.MCOB.PC.CD","St. Lucia","LCA","1995-2020",26
"NW.NCA.MCOB.PC.CD","Sudan","SDN","1995-2020",26
"NW.NCA.MCOB.PC.CD","Suriname","SUR","1995-2020",26
"NW.NCA.MCOB.PC.CD","Sweden","SWE","1995-2020",26
"NW.NCA.MCOB.PC.CD","Switzerland","CHE","1995-2020",26
"NW.NCA.MCOB.PC.CD","Tajikistan","TJK","1995-2020",26
"NW.NCA.MCOB.PC.CD","Tanzania","TZA","1995-2020",26
"NW.NCA.MCOB.PC.CD","Thailand","THA","1995-2020",26
"NW.NCA.MCOB.PC.CD","Togo","TGO","1995-2020",26
"NW.NCA.MCOB.PC.CD","Trinidad and Tobago","TTO","1995-2020",26
"NW.NCA.MCOB.PC.CD","Tunisia","TUN","1995-2020",26
"NW.NCA.MCOB.PC.CD","Turkiye","TUR","1995-2016",22
"NW.NCA.MCOB.PC.CD","Uganda","UGA","1995-2004, 2014-2020",17
"NW.NCA.MCOB.PC.CD","Ukraine","UKR","1995-2020",26
"NW.NCA.MCOB.PC.CD","United Arab Emirates","ARE","1995-2020",26
"NW.NCA.MCOB.PC.CD","United Kingdom","GBR","1995-2020",26
"NW.NCA.MCOB.PC.CD","United States","USA","1995-2013",19
"NW.NCA.MCOB.PC.CD","Uruguay","URY","1995-2020",26
"NW.NCA.MCOB.PC.CD","Viet Nam","VNM","1995-2013, 2017-2020",23
"NW.NCA.MCOB.PC.CD","Zambia","ZMB","2017-2020",4
"NW.NCA.MCOB.TO","Botswana","BWA","1995-2020",26
"NW.NCA.MCOB.TO","Finland","FIN","1995-2020",26
"NW.NCA.MCOB.TO","Montenegro","MNE","1995-2006",12
"NW.NCA.MCOB.TO","Serbia","SRB","1995-2006",12
"NW.NCA.MCOB.TO","Sudan","SDN","1995-2011",17
"NW.NCA.MCOB.TO","Turkiye","TUR","1995-2020",26
"NW.NCA.MCOB.TO","Uganda","UGA","1995-2020",26
"NW.NCA.MCOB.TO","Viet Nam","VNM","1995-2020",26
"NW.NCA.MCOB.TO","Zimbabwe","ZWE","1995-2020",26
"NW.NCA.MCOB.TO.CD","Albania","ALB","1995-2020",26
"NW.NCA.MCOB.TO.CD","Angola","AGO","1995-2020",26
"NW.NCA.MCOB.TO.CD","Argentina","ARG","1995-2020",26
"NW.NCA.MCOB.TO.CD","Armenia","ARM","1995-2020",26
"NW.NCA.MCOB.TO.CD","Austria","AUT","1995-2020",26
"NW.NCA.MCOB.TO.CD","Azerbaijan","AZE","1995-2020",26
"NW.NCA.MCOB.TO.CD","Bahrain","BHR","1995-2020",26
"NW.NCA.MCOB.TO.CD","Bangladesh","BGD","1995-2020",26
"NW.NCA.MCOB.TO.CD","Belarus","BLR","1995-2020",26
"NW.NCA.MCOB.TO.CD","Belgium","BEL","1995-2020",26
"NW.NCA.MCOB.TO.CD","Belize","BLZ","1995-2020",26
"NW.NCA.MCOB.TO.CD","Benin","BEN","1995-2020",26
"NW.NCA.MCOB.TO.CD","Bolivia","BOL","1995-2020",26
"NW.NCA.MCOB.TO.CD","Bosnia and Herzegovina","BIH","1995-2020",26
"NW.NCA.MCOB.TO.CD","Botswana","BWA","2017-2020",4
"NW.NCA.MCOB.TO.CD","Brazil","BRA","1995-2001, 2015-2020",13
"NW.NCA.MCOB.TO.CD","Bulgaria","BGR","1995-2020",26
"NW.NCA.MCOB.TO.CD","Burkina Faso","BFA","1995-2020",26
"NW.NCA.MCOB.TO.CD","Burundi","BDI","1995-2020",26
"NW.NCA.MCOB.TO.CD","Cambodia","KHM","1995-2020",26
"NW.NCA.MCOB.TO.CD","Cameroon","CMR","1995-2020",26
"NW.NCA.MCOB.TO.CD","Central African Republic","CAF","1995-2020",26
"NW.NCA.MCOB.TO.CD","Chad","TCD","1995-2020",26
"NW.NCA.MCOB.TO.CD","Chile","CHL","1995-2020",26
"NW.NCA.MCOB.TO.CD","China","CHN","1995-2004, 2016",11
"NW.NCA.MCOB.TO.CD","Colombia","COL","1995-2020",26
"NW.NCA.MCOB.TO.CD","Comoros","COM","1995-2020",26
"NW.NCA.MCOB.TO.CD","Congo, Rep.","COG","1995-2020",26
"NW.NCA.MCOB.TO.CD","Costa Rica","CRI","1995-2020",26
"NW.NCA.MCOB.TO.CD","Cote d'Ivoire","CIV","1995-2020",26
"NW.NCA.MCOB.TO.CD","Croatia","HRV","1995-2020",26
"NW.NCA.MCOB.TO.CD","Czechia","CZE","1995-2020",26
"NW.NCA.MCOB.TO.CD","Denmark","DNK","1995-2020",26
"NW.NCA.MCOB.TO.CD","Djibouti","DJI","1995-2020",26
"NW.NCA.MCOB.TO.CD","Dominican Republic","DOM","1995-2020",26
"NW.NCA.MCOB.TO.CD","Ecuador","ECU","1995-2020",26
"NW.NCA.MCOB.TO.CD","Egypt, Arab Rep.","EGY","1995-2020",26
"NW.NCA.MCOB.TO.CD","El Salvador","SLV","1995-2020",26
"NW.NCA.MCOB.TO.CD","Estonia","EST","1995-2020",26
"NW.NCA.MCOB.TO.CD","Eswatini","SWZ","1995-2020",26
"NW.NCA.MCOB.TO.CD","Ethiopia","ETH","1995-2020",26
"NW.NCA.MCOB.TO.CD","Finland","FIN","1995-2004",10
"NW.NCA.MCOB.TO.CD","France","FRA","1995-2020",26
"NW.NCA.MCOB.TO.CD","Gabon","GAB","1995-2020",26
"NW.NCA.MCOB.TO.CD","Gambia, The","GMB","1995-2020",26
"NW.NCA.MCOB.TO.CD","Georgia","GEO","1995-2020",26
"NW.NCA.MCOB.TO.CD","Germany","DEU","1995-2020",26
"NW.NCA.MCOB.TO.CD","Ghana","GHA","1995-2020",26
"NW.NCA.MCOB.TO.CD","Greece","GRC","1995-2020",26
"NW.NCA.MCOB.TO.CD","Guatemala","GTM","1995-2020",26
"NW.NCA.MCOB.TO.CD","Guinea","GIN","1995-2020",26
"NW.NCA.MCOB.TO.CD","Guinea-Bissau","GNB","1995-2020",26
"NW.NCA.MCOB.TO.CD","Guyana","GUY","1995-2020",26
"NW.NCA.MCOB.TO.CD","Haiti","HTI","1995-2020",26
"NW.NCA.MCOB.TO.CD","Honduras","HND","1995-2020",26
"NW.NCA.MCOB.TO.CD","Hungary","HUN","1995-2020",26
"NW.NCA.MCOB.TO.CD","Iceland","ISL","1995-2020",26
"NW.NCA.MCOB.TO.CD","India","IND","1995-2020",26
"NW.NCA.MCOB.TO.CD","Indonesia","IDN","1995-2019",25
"NW.NCA.MCOB.TO.CD","Iran, Islamic Rep.","IRN","1995-2020",26
"NW.NCA.MCOB.TO.CD","Iraq","IRQ","1995-2020",26
"NW.NCA.MCOB.TO.CD","Ireland","IRL","1995-2020",26
"NW.NCA.MCOB.TO.CD","Israel","ISR","1995-2020",26
"NW.NCA.MCOB.TO.CD","Italy","ITA","1995-2020",26
"NW.NCA.MCOB.TO.CD","Jamaica","JAM","1995-2020",26
"NW.NCA.MCOB.TO.CD","Japan","JPN","1995-2020",26
"NW.NCA.MCOB.TO.CD","Jordan","JOR","1995-2020",26
"NW.NCA.MCOB.TO.CD","Kazakhstan","KAZ","1995-2020",26
"NW.NCA.MCOB.TO.CD","Kenya","KEN","1995-2020",26
"NW.NCA.MCOB.TO.CD","Korea, Rep.","KOR","1995-2020",26
"NW.NCA.MCOB.TO.CD","Kuwait","KWT","1995-2020",26
"NW.NCA.MCOB.TO.CD","Kyrgyz Republic","KGZ","1995-2020",26
"NW.NCA.MCOB.TO.CD","Lao PDR","LAO","1995-2020",26
"NW.NCA.MCOB.TO.CD","Latvia","LVA","1995-2020",26
"NW.NCA.MCOB.TO.CD","Lebanon","LBN","1995-2020",26
"NW.NCA.MCOB.TO.CD","Lesotho","LSO","1995-2020",26
"NW.NCA.MCOB.TO.CD","Liberia","LBR","1995-2020",26
"NW.NCA.MCOB.TO.CD","Lithuania","LTU","1995-2020",26
"NW.NCA.MCOB.TO.CD","Luxembourg","LUX","1995-2020",26
"NW.NCA.MCOB.TO.CD","Madagascar","MDG","1995-2011",17
"NW.NCA.MCOB.TO.CD","Malawi","MWI","1995-2020",26
"NW.NCA.MCOB.TO.CD","Malaysia","MYS","1995-2020",26
"NW.NCA.MCOB.TO.CD","Maldives","MDV","1995-2020",26
"NW.NCA.MCOB.TO.CD","Mali","MLI","1995-2020",26
"NW.NCA.MCOB.TO.CD","Malta","MLT","1995-2020",26
"NW.NCA.MCOB.TO.CD","Mauritania","MRT","1995-2020",26
"NW.NCA.MCOB.TO.CD","Mauritius","MUS","1995-2020",26
"NW.NCA.MCOB.TO.CD","Mexico","MEX","1995-2020",26
"NW.NCA.MCOB.TO.CD","Moldova","MDA","1995-2020",26
"NW.NCA.MCOB.TO.CD","Mongolia","MNG","1995-2020",26
"NW.NCA.MCOB.TO.CD","Montenegro","MNE","1995-2020",26
"NW.NCA.MCOB.TO.CD","Mozambique","MOZ","1995-2020",26
"NW.NCA.MCOB.TO.CD","Namibia","NAM","1995-2020",26
"NW.NCA.MCOB.TO.CD","Nepal","NPL","1995-2020",26
"NW.NCA.MCOB.TO.CD","Netherlands","NLD","1995-2020",26
"NW.NCA.MCOB.TO.CD","New Zealand","NZL","1995-2020",26
"NW.NCA.MCOB.TO.CD","Nicaragua","NIC","1995-2020",26
"NW.NCA.MCOB.TO.CD","Niger","NER","1995-2020",26
"NW.NCA.MCOB.TO.CD","Nigeria","NGA","1995-2020",26
"NW.NCA.MCOB.TO.CD","North Macedonia","MKD","1995-2020",26
"NW.NCA.MCOB.TO.CD","Norway","NOR","1995-2020",26
"NW.NCA.MCOB.TO.CD","Oman","OMN","1995-2020",26
"NW.NCA.MCOB.TO.CD","Pakistan","PAK","1995-2020",26
"NW.NCA.MCOB.TO.CD","Panama","PAN","1995-2020",26
"NW.NCA.MCOB.TO.CD","Papua New Guinea","PNG","1995-2011",17
"NW.NCA.MCOB.TO.CD","Paraguay","PRY","1995-2020",26
"NW.NCA.MCOB.TO.CD","Peru","PER","1995-2020",26
"NW.NCA.MCOB.TO.CD","Philippines","PHL","1995-2006",12
"NW.NCA.MCOB.TO.CD","Poland","POL","1995-2020",26
"NW.NCA.MCOB.TO.CD","Portugal","PRT","1995-2020",26
"NW.NCA.MCOB.TO.CD","Qatar","QAT","1995-2020",26
"NW.NCA.MCOB.TO.CD","Romania","ROU","1995-2020",26
"NW.NCA.MCOB.TO.CD","Rwanda","RWA","1995-2020",26
"NW.NCA.MCOB.TO.CD","Sao Tome and Principe","STP","1995-2020",26
"NW.NCA.MCOB.TO.CD","Saudi Arabia","SAU","1995-2020",26
"NW.NCA.MCOB.TO.CD","Senegal","SEN","1995-2020",26
"NW.NCA.MCOB.TO.CD","Serbia","SRB","1995-2020",26
"NW.NCA.MCOB.TO.CD","Sierra Leone","SLE","1995-2020",26
"NW.NCA.MCOB.TO.CD","Singapore","SGP","1995-2020",26
"NW.NCA.MCOB.TO.CD","Slovak Republic","SVK","1995-2020",26
"NW.NCA.MCOB.TO.CD","Slovenia","SVN","1995-2020",26
"NW.NCA.MCOB.TO.CD","Solomon Islands","SLB","1995-2020",26
"NW.NCA.MCOB.TO.CD","South Africa","ZAF","1995-2012",18
"NW.NCA.MCOB.TO.CD","Spain","ESP","1995-2020",26
"NW.NCA.MCOB.TO.CD","Sri Lanka","LKA","1995-2020",26
"NW.NCA.MCOB.TO.CD","St. Lucia","LCA","1995-2020",26
"NW.NCA.MCOB.TO.CD","Sudan","SDN","1995-2020",26
"NW.NCA.MCOB.TO.CD","Suriname","SUR","1995-2020",26
"NW.NCA.MCOB.TO.CD","Sweden","SWE","1995-2020",26
"NW.NCA.MCOB.TO.CD","Switzerland","CHE","1995-2020",26
"NW.NCA.MCOB.TO.CD","Tajikistan","TJK","1995-2020",26
"NW.NCA.MCOB.TO.CD","Tanzania","TZA","1995-2020",26
"NW.NCA.MCOB.TO.CD","Thailand","THA","1995-2020",26
"NW.NCA.MCOB.TO.CD","Togo","TGO","1995-2020",26
"NW.NCA.MCOB.TO.CD","Trinidad and Tobago","TTO","1995-2020",26
"NW.NCA.MCOB.TO.CD","Tunisia","TUN","1995-2020",26
"NW.NCA.MCOB.TO.CD","Turkiye","TUR","1995-2016",22
"NW.NCA.MCOB.TO.CD","Uganda","UGA","1995-2004, 2014-2020",17
"NW.NCA.MCOB.TO.CD","Ukraine","UKR","1995-2020",26
"NW.NCA.MCOB.TO.CD","United Arab Emirates","ARE","1995-2020",26
"NW.NCA.MCOB.TO.CD","United Kingdom","GBR","1995-2020",26
"NW.NCA.MCOB.TO.CD","United States","USA","1995-2013",19
"NW.NCA.MCOB.TO.CD","Uruguay","URY","1995-2020",26
"NW.NCA.MCOB.TO.CD","Viet Nam","VNM","1995-2013, 2017-2020",23
"NW.NCA.MCOB.TO.CD","Zambia","ZMB","2017-2020",4
"NW.NCA.MCOP.PC","Argentina","ARG","1995-2020",26
"NW.NCA.MCOP.PC","Botswana","BWA","1995-2020",26
"NW.NCA.MCOP.PC","Japan","JPN","1995-2020",26
"NW.NCA.MCOP.PC","Malaysia","MYS","1995-2020",26
"NW.NCA.MCOP.PC","Montenegro","MNE","1995-2006",12
"NW.NCA.MCOP.PC","Norway","NOR","1995-2020",26
"NW.NCA.MCOP.PC","Serbia","SRB","1995-2006",12
"NW.NCA.MCOP.PC","Slovak Republic","SVK","1995-2020",26
"NW.NCA.MCOP.PC","Sudan","SDN","1995-2011",17
"NW.NCA.MCOP.PC.CD","Albania","ALB","2000-2003, 2017",5
"NW.NCA.MCOP.PC.CD","Angola","AGO","1995-2020",26
"NW.NCA.MCOP.PC.CD","Argentina","ARG","1995-1996, 2019",3
"NW.NCA.MCOP.PC.CD","Austria","AUT","1995-2020",26
"NW.NCA.MCOP.PC.CD","Azerbaijan","AZE","1995-2009",15
"NW.NCA.MCOP.PC.CD","Bahrain","BHR","1995-2020",26
"NW.NCA.MCOP.PC.CD","Bangladesh","BGD","1995-2020",26
"NW.NCA.MCOP.PC.CD","Belarus","BLR","1995-2020",26
"NW.NCA.MCOP.PC.CD","Belgium","BEL","1995-2020",26
"NW.NCA.MCOP.PC.CD","Belize","BLZ","1995-2020",26
"NW.NCA.MCOP.PC.CD","Benin","BEN","1995-2020",26
"NW.NCA.MCOP.PC.CD","Bosnia and Herzegovina","BIH","1995-2020",26
"NW.NCA.MCOP.PC.CD","Botswana","BWA","2019",1
"NW.NCA.MCOP.PC.CD","Burkina Faso","BFA","1995-2020",26
"NW.NCA.MCOP.PC.CD","Burundi","BDI","1995-2020",26
"NW.NCA.MCOP.PC.CD","Cambodia","KHM","1995-2020",26
"NW.NCA.MCOP.PC.CD","Cameroon","CMR","1995-2020",26
"NW.NCA.MCOP.PC.CD","Central African Republic","CAF","1995-2020",26
"NW.NCA.MCOP.PC.CD","Chad","TCD","1995-2020",26
"NW.NCA.MCOP.PC.CD","Comoros","COM","1995-2020",26
"NW.NCA.MCOP.PC.CD","Congo, Rep.","COG","1995-1996, 1998-2020",25
"NW.NCA.MCOP.PC.CD","Costa Rica","CRI","1995-2020",26
"NW.NCA.MCOP.PC.CD","Cote d'Ivoire","CIV","1995-2020",26
"NW.NCA.MCOP.PC.CD","Croatia","HRV","1995-2020",26
"NW.NCA.MCOP.PC.CD","Czechia","CZE","1995-2020",26
"NW.NCA.MCOP.PC.CD","Denmark","DNK","1995-2020",26
"NW.NCA.MCOP.PC.CD","Djibouti","DJI","1995-2020",26
"NW.NCA.MCOP.PC.CD","Dominican Republic","DOM","1995-2007",13
"NW.NCA.MCOP.PC.CD","Ecuador","ECU","2005-2020",16
"NW.NCA.MCOP.PC.CD","Egypt, Arab Rep.","EGY","1995-2020",26
"NW.NCA.MCOP.PC.CD","El Salvador","SLV","1995-2020",26
"NW.NCA.MCOP.PC.CD","Estonia","EST","1995-2020",26
"NW.NCA.MCOP.PC.CD","Eswatini","SWZ","1995-2020",26
"NW.NCA.MCOP.PC.CD","Ethiopia","ETH","1995-2020",26
"NW.NCA.MCOP.PC.CD","France","FRA","1996-2020",25
"NW.NCA.MCOP.PC.CD","Gabon","GAB","1995-2020",26
"NW.NCA.MCOP.PC.CD","Gambia, The","GMB","1995-2020",26
"NW.NCA.MCOP.PC.CD","Germany","DEU","1995-2015",21
"NW.NCA.MCOP.PC.CD","Ghana","GHA","1995-2020",26
"NW.NCA.MCOP.PC.CD","Greece","GRC","1995-2020",26
"NW.NCA.MCOP.PC.CD","Guatemala","GTM","1995-2020",26
"NW.NCA.MCOP.PC.CD","Guinea","GIN","1995-2020",26
"NW.NCA.MCOP.PC.CD","Guinea-Bissau","GNB","1995-2020",26
"NW.NCA.MCOP.PC.CD","Guyana","GUY","1995-2020",26
"NW.NCA.MCOP.PC.CD","Haiti","HTI","1995-2020",26
"NW.NCA.MCOP.PC.CD","Honduras","HND","1995-2020",26
"NW.NCA.MCOP.PC.CD","Hungary","HUN","1995-2020",26
"NW.NCA.MCOP.PC.CD","Iceland","ISL","1995-2020",26
"NW.NCA.MCOP.PC.CD","Iraq","IRQ","1995-2020",26
"NW.NCA.MCOP.PC.CD","Ireland","IRL","1995-2020",26
"NW.NCA.MCOP.PC.CD","Israel","ISR","1995-2020",26
"NW.NCA.MCOP.PC.CD","Italy","ITA","1995-2020",26
"NW.NCA.MCOP.PC.CD","Jamaica","JAM","1995-2020",26
"NW.NCA.MCOP.PC.CD","Japan","JPN","2007-2020",14
"NW.NCA.MCOP.PC.CD","Jordan","JOR","1995-2020",26
"NW.NCA.MCOP.PC.CD","Kenya","KEN","1995-2020",26
"NW.NCA.MCOP.PC.CD","Korea, Rep.","KOR","1997-2004, 2009-2018",18
"NW.NCA.MCOP.PC.CD","Kuwait","KWT","1995-2020",26
"NW.NCA.MCOP.PC.CD","Kyrgyz Republic","KGZ","1995-2013",19
"NW.NCA.MCOP.PC.CD","Lao PDR","LAO","1995-2003",9
"NW.NCA.MCOP.PC.CD","Latvia","LVA","1995-2020",26
"NW.NCA.MCOP.PC.CD","Lebanon","LBN","1995-2020",26
"NW.NCA.MCOP.PC.CD","Lesotho","LSO","1995-2020",26
"NW.NCA.MCOP.PC.CD","Liberia","LBR","1995-2020",26
"NW.NCA.MCOP.PC.CD","Lithuania","LTU","1995-2020",26
"NW.NCA.MCOP.PC.CD","Luxembourg","LUX","1995-2020",26
"NW.NCA.MCOP.PC.CD","Madagascar","MDG","1995-2020",26
"NW.NCA.MCOP.PC.CD","Malawi","MWI","1995-2020",26
"NW.NCA.MCOP.PC.CD","Malaysia","MYS","2000-2008, 2010-2020",20
"NW.NCA.MCOP.PC.CD","Maldives","MDV","1995-2020",26
"NW.NCA.MCOP.PC.CD","Mali","MLI","1995-2020",26
"NW.NCA.MCOP.PC.CD","Malta","MLT","1995-2020",26
"NW.NCA.MCOP.PC.CD","Mauritania","MRT","1995-2005",11
"NW.NCA.MCOP.PC.CD","Mauritius","MUS","1995-2020",26
"NW.NCA.MCOP.PC.CD","Moldova","MDA","1995-2020",26
"NW.NCA.MCOP.PC.CD","Montenegro","MNE","1995-2020",26
"NW.NCA.MCOP.PC.CD","Mozambique","MOZ","1995-2020",26
"NW.NCA.MCOP.PC.CD","Namibia","NAM","1999, 2009-2010",3
"NW.NCA.MCOP.PC.CD","Nepal","NPL","1995-2020",26
"NW.NCA.MCOP.PC.CD","Netherlands","NLD","1995-2020",26
"NW.NCA.MCOP.PC.CD","New Zealand","NZL","1995-2020",26
"NW.NCA.MCOP.PC.CD","Nicaragua","NIC","1995-2020",26
"NW.NCA.MCOP.PC.CD","Niger","NER","1995-2020",26
"NW.NCA.MCOP.PC.CD","Nigeria","NGA","1995-2020",26
"NW.NCA.MCOP.PC.CD","Norway","NOR","1999-2020",22
"NW.NCA.MCOP.PC.CD","Oman","OMN","1995-2009, 2016-2020",20
"NW.NCA.MCOP.PC.CD","Pakistan","PAK","1997-2002",6
"NW.NCA.MCOP.PC.CD","Panama","PAN","1995-2018, 2020",25
"NW.NCA.MCOP.PC.CD","Paraguay","PRY","1995-2020",26
"NW.NCA.MCOP.PC.CD","Qatar","QAT","1995-2020",26
"NW.NCA.MCOP.PC.CD","Rwanda","RWA","1995-2020",26
"NW.NCA.MCOP.PC.CD","Sao Tome and Principe","STP","1995-2020",26
"NW.NCA.MCOP.PC.CD","Senegal","SEN","1995-2020",26
"NW.NCA.MCOP.PC.CD","Serbia","SRB","1995-2006",12
"NW.NCA.MCOP.PC.CD","Sierra Leone","SLE","1995-2020",26
"NW.NCA.MCOP.PC.CD","Singapore","SGP","1995-2020",26
"NW.NCA.MCOP.PC.CD","Slovak Republic","SVK","1995, 2000-2020",22
"NW.NCA.MCOP.PC.CD","Slovenia","SVN","1995-2020",26
"NW.NCA.MCOP.PC.CD","Solomon Islands","SLB","1995-2020",26
"NW.NCA.MCOP.PC.CD","Sri Lanka","LKA","1995-2020",26
"NW.NCA.MCOP.PC.CD","St. Lucia","LCA","1995-2020",26
"NW.NCA.MCOP.PC.CD","Sudan","SDN","1995-2020",26
"NW.NCA.MCOP.PC.CD","Suriname","SUR","1995-2020",26
"NW.NCA.MCOP.PC.CD","Switzerland","CHE","1995-2020",26
"NW.NCA.MCOP.PC.CD","Tajikistan","TJK","1995-2012, 2018",19
"NW.NCA.MCOP.PC.CD","Tanzania","TZA","1995-2000",6
"NW.NCA.MCOP.PC.CD","Thailand","THA","1995-2020",26
"NW.NCA.MCOP.PC.CD","Togo","TGO","1995-2020",26
"NW.NCA.MCOP.PC.CD","Trinidad and Tobago","TTO","1995-2020",26
"NW.NCA.MCOP.PC.CD","Tunisia","TUN","1995-2020",26
"NW.NCA.MCOP.PC.CD","Uganda","UGA","1995-2020",26
"NW.NCA.MCOP.PC.CD","Ukraine","UKR","1995-2020",26
"NW.NCA.MCOP.PC.CD","United Arab Emirates","ARE","1995-2020",26
"NW.NCA.MCOP.PC.CD","United Kingdom","GBR","1995-2020",26
"NW.NCA.MCOP.PC.CD","Uruguay","URY","1995-2020",26
"NW.NCA.MCOP.PC.CD","Viet Nam","VNM","1995-1998",4
"NW.NCA.MCOP.TO","Argentina","ARG","1995-2020",26
"NW.NCA.MCOP.TO","Botswana","BWA","1995-2020",26
"NW.NCA.MCOP.TO","Japan","JPN","1995-2020",26
"NW.NCA.MCOP.TO","Malaysia","MYS","1995-2020",26
"NW.NCA.MCOP.TO","Montenegro","MNE","1995-2006",12
"NW.NCA.MCOP.TO","Norway","NOR","1995-2020",26
"NW.NCA.MCOP.TO","Serbia","SRB","1995-2006",12
"NW.NCA.MCOP.TO","Slovak Republic","SVK","1995-2020",26
"NW.NCA.MCOP.TO","Sudan","SDN","1995-2011",17
"NW.NCA.MCOP.TO.CD","Albania","ALB","2000-2003, 2017",5
"NW.NCA.MCOP.TO.CD","Angola","AGO","1995-2020",26
"NW.NCA.MCOP.TO.CD","Argentina","ARG","1995-1996, 2019",3
"NW.NCA.MCOP.TO.CD","Austria","AUT","1995-2020",26
"NW.NCA.MCOP.TO.CD","Azerbaijan","AZE","1995-2009",15
"NW.NCA.MCOP.TO.CD","Bahrain","BHR","1995-2020",26
"NW.NCA.MCOP.TO.CD","Bangladesh","BGD","1995-2020",26
"NW.NCA.MCOP.TO.CD","Belarus","BLR","1995-2020",26
"NW.NCA.MCOP.TO.CD","Belgium","BEL","1995-2020",26
"NW.NCA.MCOP.TO.CD","Belize","BLZ","1995-2020",26
"NW.NCA.MCOP.TO.CD","Benin","BEN","1995-2020",26
"NW.NCA.MCOP.TO.CD","Bosnia and Herzegovina","BIH","1995-2020",26
"NW.NCA.MCOP.TO.CD","Botswana","BWA","2019",1
"NW.NCA.MCOP.TO.CD","Burkina Faso","BFA","1995-2020",26
"NW.NCA.MCOP.TO.CD","Burundi","BDI","1995-2020",26
"NW.NCA.MCOP.TO.CD","Cambodia","KHM","1995-2020",26
"NW.NCA.MCOP.TO.CD","Cameroon","CMR","1995-2020",26
"NW.NCA.MCOP.TO.CD","Central African Republic","CAF","1995-2020",26
"NW.NCA.MCOP.TO.CD","Chad","TCD","1995-2020",26
"NW.NCA.MCOP.TO.CD","Comoros","COM","1995-2020",26
"NW.NCA.MCOP.TO.CD","Congo, Rep.","COG","1995-1996, 1998-2020",25
"NW.NCA.MCOP.TO.CD","Costa Rica","CRI","1995-2020",26
"NW.NCA.MCOP.TO.CD","Cote d'Ivoire","CIV","1995-2020",26
"NW.NCA.MCOP.TO.CD","Croatia","HRV","1995-2020",26
"NW.NCA.MCOP.TO.CD","Czechia","CZE","1995-2020",26
"NW.NCA.MCOP.TO.CD","Denmark","DNK","1995-2020",26
"NW.NCA.MCOP.TO.CD","Djibouti","DJI","1995-2020",26
"NW.NCA.MCOP.TO.CD","Dominican Republic","DOM","1995-2007",13
"NW.NCA.MCOP.TO.CD","Ecuador","ECU","2005-2020",16
"NW.NCA.MCOP.TO.CD","Egypt, Arab Rep.","EGY","1995-2020",26
"NW.NCA.MCOP.TO.CD","El Salvador","SLV","1995-2020",26
"NW.NCA.MCOP.TO.CD","Estonia","EST","1995-2020",26
"NW.NCA.MCOP.TO.CD","Eswatini","SWZ","1995-2020",26
"NW.NCA.MCOP.TO.CD","Ethiopia","ETH","1995-2020",26
"NW.NCA.MCOP.TO.CD","France","FRA","1996-2020",25
"NW.NCA.MCOP.TO.CD","Gabon","GAB","1995-2020",26
"NW.NCA.MCOP.TO.CD","Gambia, The","GMB","1995-2020",26
"NW.NCA.MCOP.TO.CD","Germany","DEU","1995-2015",21
"NW.NCA.MCOP.TO.CD","Ghana","GHA","1995-2020",26
"NW.NCA.MCOP.TO.CD","Greece","GRC","1995-2020",26
"NW.NCA.MCOP.TO.CD","Guatemala","GTM","1995-2020",26
"NW.NCA.MCOP.TO.CD","Guinea","GIN","1995-2020",26
"NW.NCA.MCOP.TO.CD","Guinea-Bissau","GNB","1995-2020",26
"NW.NCA.MCOP.TO.CD","Guyana","GUY","1995-2020",26
"NW.NCA.MCOP.TO.CD","Haiti","HTI","1995-2020",26
"NW.NCA.MCOP.TO.CD","Honduras","HND","1995-2020",26
"NW.NCA.MCOP.TO.CD","Hungary","HUN","1995-2020",26
"NW.NCA.MCOP.TO.CD","Iceland","ISL","1995-2020",26
"NW.NCA.MCOP.TO.CD","Iraq","IRQ","1995-2020",26
"NW.NCA.MCOP.TO.CD","Ireland","IRL","1995-2020",26
"NW.NCA.MCOP.TO.CD","Israel","ISR","1995-2020",26
"NW.NCA.MCOP.TO.CD","Italy","ITA","1995-2020",26
"NW.NCA.MCOP.TO.CD","Jamaica","JAM","1995-2020",26
"NW.NCA.MCOP.TO.CD","Japan","JPN","2007-2020",14
"NW.NCA.MCOP.TO.CD","Jordan","JOR","1995-2020",26
"NW.NCA.MCOP.TO.CD","Kenya","KEN","1995-2020",26
"NW.NCA.MCOP.TO.CD","Korea, Rep.","KOR","1997-2004, 2009-2018",18
"NW.NCA.MCOP.TO.CD","Kuwait","KWT","1995-2020",26
"NW.NCA.MCOP.TO.CD","Kyrgyz Republic","KGZ","1995-2013",19
"NW.NCA.MCOP.TO.CD","Lao PDR","LAO","1995-2003",9
"NW.NCA.MCOP.TO.CD","Latvia","LVA","1995-2020",26
"NW.NCA.MCOP.TO.CD","Lebanon","LBN","1995-2020",26
"NW.NCA.MCOP.TO.CD","Lesotho","LSO","1995-2020",26
"NW.NCA.MCOP.TO.CD","Liberia","LBR","1995-2020",26
"NW.NCA.MCOP.TO.CD","Lithuania","LTU","1995-2020",26
"NW.NCA.MCOP.TO.CD","Luxembourg","LUX","1995-2020",26
"NW.NCA.MCOP.TO.CD","Madagascar","MDG","1995-2020",26
"NW.NCA.MCOP.TO.CD","Malawi","MWI","1995-2020",26
"NW.NCA.MCOP.TO.CD","Malaysia","MYS","2000-2008, 2010-2020",20
"NW.NCA.MCOP.TO.CD","Maldives","MDV","1995-2020",26
"NW.NCA.MCOP.TO.CD","Mali","MLI","1995-2020",26
"NW.NCA.MCOP.TO.CD","Malta","MLT","1995-2020",26
"NW.NCA.MCOP.TO.CD","Mauritania","MRT","1995-2005",11
"NW.NCA.MCOP.TO.CD","Mauritius","MUS","1995-2020",26
"NW.NCA.MCOP.TO.CD","Moldova","MDA","1995-2020",26
"NW.NCA.MCOP.TO.CD","Montenegro","MNE","1995-2020",26
"NW.NCA.MCOP.TO.CD","Mozambique","MOZ","1995-2020",26
"NW.NCA.MCOP.TO.CD","Namibia","NAM","1999, 2009-2010",3
"NW.NCA.MCOP.TO.CD","Nepal","NPL","1995-2020",26
"NW.NCA.MCOP.TO.CD","Netherlands","NLD","1995-2020",26
"NW.NCA.MCOP.TO.CD","New Zealand","NZL","1995-2020",26
"NW.NCA.MCOP.TO.CD","Nicaragua","NIC","1995-2020",26
"NW.NCA.MCOP.TO.CD","Niger","NER","1995-2020",26
"NW.NCA.MCOP.TO.CD","Nigeria","NGA","1995-2020",26
"NW.NCA.MCOP.TO.CD","Norway","NOR","1999-2020",22
"NW.NCA.MCOP.TO.CD","Oman","OMN","1995-2009, 2016-2020",20
"NW.NCA.MCOP.TO.CD","Pakistan","PAK","1997-2002",6
"NW.NCA.MCOP.TO.CD","Panama","PAN","1995-2018, 2020",25
"NW.NCA.MCOP.TO.CD","Paraguay","PRY","1995-2020",26
"NW.NCA.MCOP.TO.CD","Qatar","QAT","1995-2020",26
"NW.NCA.MCOP.TO.CD","Rwanda","RWA","1995-2020",26
"NW.NCA.MCOP.TO.CD","Sao Tome and Principe","STP","1995-2020",26
"NW.NCA.MCOP.TO.CD","Senegal","SEN","1995-2020",26
"NW.NCA.MCOP.TO.CD","Serbia","SRB","1995-2006",12
"NW.NCA.MCOP.TO.CD","Sierra Leone","SLE","1995-2020",26
"NW.NCA.MCOP.TO.CD","Singapore","SGP","1995-2020",26
"NW.NCA.MCOP.TO.CD","Slovak Republic","SVK","1995, 2000-2020",22
"NW.NCA.MCOP.TO.CD","Slovenia","SVN","1995-2020",26
"NW.NCA.MCOP.TO.CD","Solomon Islands","SLB","1995-2020",26
"NW.NCA.MCOP.TO.CD","Sri Lanka","LKA","1995-2020",26
"NW.NCA.MCOP.TO.CD","St. Lucia","LCA","1995-2020",26
"NW.NCA.MCOP.TO.CD","Sudan","SDN","1995-2020",26
"NW.NCA.MCOP.TO.CD","Suriname","SUR","1995-2020",26
"NW.NCA.MCOP.TO.CD","Switzerland","CHE","1995-2020",26
"NW.NCA.MCOP.TO.CD","Tajikistan","TJK","1995-2012, 2018",19
"NW.NCA.MCOP.TO.CD","Tanzania","TZA","1995-2000",6
"NW.NCA.MCOP.TO.CD","Thailand","THA","1995-2020",26
"NW.NCA.MCOP.TO.CD","Togo","TGO","1995-2020",26
"NW.NCA.MCOP.TO.CD","Trinidad and Tobago","TTO","1995-2020",26
"NW.NCA.MCOP.TO.CD","Tunisia","TUN","1995-2020",26
"NW.NCA.MCOP.TO.CD","Uganda","UGA","1995-2020",26
"NW.NCA.MCOP.TO.CD","Ukraine","UKR","1995-2020",26
"NW.NCA.MCOP.TO.CD","United Arab Emirates","ARE","1995-2020",26
"NW.NCA.MCOP.TO.CD","United Kingdom","GBR","1995-2020",26
"NW.NCA.MCOP.TO.CD","Uruguay","URY","1995-2020",26
"NW.NCA.MCOP.TO.CD","Viet Nam","VNM","1995-1998",4
"NW.NCA.MGOL.PC","France","FRA","1995-2020",26
"NW.NCA.MGOL.PC","Hungary","HUN","1995-2020",26
"NW.NCA.MGOL.PC","Jamaica","JAM","1995-2020",26
"NW.NCA.MGOL.PC","Madagascar","MDG","1995-2020",26
"NW.NCA.MGOL.PC","Montenegro","MNE","1995-2006",12
"NW.NCA.MGOL.PC","Poland","POL","1995-2020",26
"NW.NCA.MGOL.PC","Serbia","SRB","1995-2020",26
"NW.NCA.MGOL.PC","Solomon Islands","SLB","1995-2020",26
"NW.NCA.MGOL.PC","Sudan","SDN","1995-2011",17
"NW.NCA.MGOL.PC","Thailand","THA","1995-2020",26
"NW.NCA.MGOL.PC","Ukraine","UKR","1995-2020",26
"NW.NCA.MGOL.PC.CD","Albania","ALB","1995-2020",26
"NW.NCA.MGOL.PC.CD","Angola","AGO","1995-2020",26
"NW.NCA.MGOL.PC.CD","Austria","AUT","1995-2020",26
"NW.NCA.MGOL.PC.CD","Azerbaijan","AZE","1995-2008",14
"NW.NCA.MGOL.PC.CD","Bahrain","BHR","1995-2020",26
"NW.NCA.MGOL.PC.CD","Bangladesh","BGD","1995-2020",26
"NW.NCA.MGOL.PC.CD","Belarus","BLR","1995-2020",26
"NW.NCA.MGOL.PC.CD","Belgium","BEL","1995-2020",26
"NW.NCA.MGOL.PC.CD","Belize","BLZ","1995-1997, 2004-2005, 2010-2020",16
"NW.NCA.MGOL.PC.CD","Benin","BEN","1995-1997, 2000, 2015-2020",10
"NW.NCA.MGOL.PC.CD","Bosnia and Herzegovina","BIH","1995-2020",26
"NW.NCA.MGOL.PC.CD","Burundi","BDI","1997-2000",4
"NW.NCA.MGOL.PC.CD","Cambodia","KHM","1995-2020",26
"NW.NCA.MGOL.PC.CD","Chad","TCD","1995-2004, 2012, 2017-2020",15
"NW.NCA.MGOL.PC.CD","Comoros","COM","1995-2020",26
"NW.NCA.MGOL.PC.CD","Congo, Dem. Rep.","","2001-2002",2
"NW.NCA.MGOL.PC.CD","Congo, Rep.","COG","2018-2020",3
"NW.NCA.MGOL.PC.CD","Croatia","HRV","1995-2020",26
"NW.NCA.MGOL.PC.CD","Czechia","CZE","1995-2020",26
"NW.NCA.MGOL.PC.CD","Denmark","DNK","1995-2004, 2010, 2014-2020",18
"NW.NCA.MGOL.PC.CD","Djibouti","DJI","1995-2020",26
"NW.NCA.MGOL.PC.CD","Dominican Republic","DOM","2000-2007",8
"NW.NCA.MGOL.PC.CD","Egypt, Arab Rep.","EGY","1995-2008",14
"NW.NCA.MGOL.PC.CD","El Salvador","SLV","1995-1996, 2000-2020",23
"NW.NCA.MGOL.PC.CD","Estonia","EST","1995-2020",26
"NW.NCA.MGOL.PC.CD","Eswatini","SWZ","1995-2020",26
"NW.NCA.MGOL.PC.CD","France","FRA","2011-2020",10
"NW.NCA.MGOL.PC.CD","Gabon","GAB","2010-2011",2
"NW.NCA.MGOL.PC.CD","Gambia, The","GMB","1995-2020",26
"NW.NCA.MGOL.PC.CD","Germany","DEU","1995-2020",26
"NW.NCA.MGOL.PC.CD","Greece","GRC","1995-2007",13
"NW.NCA.MGOL.PC.CD","Guatemala","GTM","1995-1996, 2004",3
"NW.NCA.MGOL.PC.CD","Guinea","GIN","1995-1996",2
"NW.NCA.MGOL.PC.CD","Guinea-Bissau","GNB","1995-2020",26
"NW.NCA.MGOL.PC.CD","Haiti","HTI","1995-2020",26
"NW.NCA.MGOL.PC.CD","Hungary","HUN","1998-2020",23
"NW.NCA.MGOL.PC.CD","Iceland","ISL","1995-2020",26
"NW.NCA.MGOL.PC.CD","Iran, Islamic Rep.","IRN","1995-1996",2
"NW.NCA.MGOL.PC.CD","Iraq","IRQ","1995-2020",26
"NW.NCA.MGOL.PC.CD","Ireland","IRL","1995-2020",26
"NW.NCA.MGOL.PC.CD","Israel","ISR","1995-2020",26
"NW.NCA.MGOL.PC.CD","Italy","ITA","1995-1997, 2012-2020",12
"NW.NCA.MGOL.PC.CD","Jamaica","JAM","1995-1999, 2005-2020",21
"NW.NCA.MGOL.PC.CD","Jordan","JOR","1995-2020",26
"NW.NCA.MGOL.PC.CD","Kuwait","KWT","1995-2020",26
"NW.NCA.MGOL.PC.CD","Lao PDR","LAO","1995-2002",8
"NW.NCA.MGOL.PC.CD","Latvia","LVA","1995-2020",26
"NW.NCA.MGOL.PC.CD","Lebanon","LBN","1995-2020",26
"NW.NCA.MGOL.PC.CD","Lesotho","LSO","1995-2020",26
"NW.NCA.MGOL.PC.CD","Lithuania","LTU","1995-2020",26
"NW.NCA.MGOL.PC.CD","Luxembourg","LUX","1995-2020",26
"NW.NCA.MGOL.PC.CD","Madagascar","MDG","2001-2003, 2013-2020",11
"NW.NCA.MGOL.PC.CD","Malawi","MWI","1995-2020",26
"NW.NCA.MGOL.PC.CD","Maldives","MDV","1995-2020",26
"NW.NCA.MGOL.PC.CD","Malta","MLT","1995-2020",26
"NW.NCA.MGOL.PC.CD","Mauritania","MRT","1997-2005",9
"NW.NCA.MGOL.PC.CD","Mauritius","MUS","1995-2020",26
"NW.NCA.MGOL.PC.CD","Moldova","MDA","1995-2020",26
"NW.NCA.MGOL.PC.CD","Montenegro","MNE","1995-2020",26
"NW.NCA.MGOL.PC.CD","Mozambique","MOZ","1996",1
"NW.NCA.MGOL.PC.CD","Nepal","NPL","1995-2020",26
"NW.NCA.MGOL.PC.CD","Netherlands","NLD","1995-2020",26
"NW.NCA.MGOL.PC.CD","Niger","NER","1995-1996",2
"NW.NCA.MGOL.PC.CD","North Macedonia","MKD","1995-2012",18
"NW.NCA.MGOL.PC.CD","Norway","NOR","1995-2020",26
"NW.NCA.MGOL.PC.CD","Oman","OMN","1995-1996, 2011, 2018-2020",6
"NW.NCA.MGOL.PC.CD","Pakistan","PAK","1995-2020",26
"NW.NCA.MGOL.PC.CD","Panama","PAN","1995-1997, 2005-2008",7
"NW.NCA.MGOL.PC.CD","Paraguay","PRY","1995-2020",26
"NW.NCA.MGOL.PC.CD","Poland","POL","1995-1996, 2018-2020",5
"NW.NCA.MGOL.PC.CD","Portugal","PRT","1995-2020",26
"NW.NCA.MGOL.PC.CD","Qatar","QAT","1995-2020",26
"NW.NCA.MGOL.PC.CD","Rwanda","RWA","2007, 2011-2013",4
"NW.NCA.MGOL.PC.CD","Sao Tome and Principe","STP","1995-2020",26
"NW.NCA.MGOL.PC.CD","Senegal","SEN","1995-1996",2
"NW.NCA.MGOL.PC.CD","Serbia","SRB","1995-2006, 2017-2020",16
"NW.NCA.MGOL.PC.CD","Sierra Leone","SLE","1995-1996, 1999-2003",7
"NW.NCA.MGOL.PC.CD","Singapore","SGP","1995-2020",26
"NW.NCA.MGOL.PC.CD","Slovenia","SVN","1995-2020",26
"NW.NCA.MGOL.PC.CD","Solomon Islands","SLB","2007-2008, 2015-2020",8
"NW.NCA.MGOL.PC.CD","Spain","ESP","2009-2010",2
"NW.NCA.MGOL.PC.CD","Sri Lanka","LKA","1995-2020",26
"NW.NCA.MGOL.PC.CD","St. Lucia","LCA","1995-2020",26
"NW.NCA.MGOL.PC.CD","Sudan","SDN","1995-2011",17
"NW.NCA.MGOL.PC.CD","Switzerland","CHE","1995-2020",26
"NW.NCA.MGOL.PC.CD","Thailand","THA","1995-2000, 2017-2020",10
"NW.NCA.MGOL.PC.CD","Togo","TGO","1995-2004",10
"NW.NCA.MGOL.PC.CD","Trinidad and Tobago","TTO","1995-2020",26
"NW.NCA.MGOL.PC.CD","Tunisia","TUN","1995-2020",26
"NW.NCA.MGOL.PC.CD","Uganda","UGA","1995-1997, 2001, 2009",5
"NW.NCA.MGOL.PC.CD","Ukraine","UKR","1998-2020",23
"NW.NCA.MGOL.PC.CD","United Arab Emirates","ARE","1995-2020",26
"NW.NCA.MGOL.PC.CD","United Kingdom","GBR","1995-2006, 2014-2017",16
"NW.NCA.MGOL.PC.CD","Uruguay","URY","1995-1996",2
"NW.NCA.MGOL.PC.CD","Viet Nam","VNM","1995-1996, 2015",3
"NW.NCA.MGOL.PC.CD","Zambia","ZMB","2004",1
"NW.NCA.MGOL.TO","France","FRA","1995-2020",26
"NW.NCA.MGOL.TO","Hungary","HUN","1995-2020",26
"NW.NCA.MGOL.TO","Jamaica","JAM","1995-2020",26
"NW.NCA.MGOL.TO","Madagascar","MDG","1995-2020",26
"NW.NCA.MGOL.TO","Montenegro","MNE","1995-2006",12
"NW.NCA.MGOL.TO","Poland","POL","1995-2020",26
"NW.NCA.MGOL.TO","Serbia","SRB","1995-2020",26
"NW.NCA.MGOL.TO","Solomon Islands","SLB","1995-2020",26
"NW.NCA.MGOL.TO","Sudan","SDN","1995-2011",17
"NW.NCA.MGOL.TO","Thailand","THA","1995-2020",26
"NW.NCA.MGOL.TO","Ukraine","UKR","1995-2020",26
"NW.NCA.MGOL.TO.CD","Albania","ALB","1995-2020",26
"NW.NCA.MGOL.TO.CD","Angola","AGO","1995-2020",26
"NW.NCA.MGOL.TO.CD","Austria","AUT","1995-2020",26
"NW.NCA.MGOL.TO.CD","Azerbaijan","AZE","1995-2008",14
"NW.NCA.MGOL.TO.CD","Bahrain","BHR","1995-2020",26
"NW.NCA.MGOL.TO.CD","Bangladesh","BGD","1995-2020",26
"NW.NCA.MGOL.TO.CD","Belarus","BLR","1995-2020",26
"NW.NCA.MGOL.TO.CD","Belgium","BEL","1995-2020",26
"NW.NCA.MGOL.TO.CD","Belize","BLZ","1995-1997, 2004-2005, 2010-2020",16
"NW.NCA.MGOL.TO.CD","Benin","BEN","1995-1997, 2000, 2015-2020",10
"NW.NCA.MGOL.TO.CD","Bosnia and Herzegovina","BIH","1995-2020",26
"NW.NCA.MGOL.TO.CD","Burundi","BDI","1997-2000",4
"NW.NCA.MGOL.TO.CD","Cambodia","KHM","1995-2020",26
"NW.NCA.MGOL.TO.CD","Chad","TCD","1995-2004, 2012, 2017-2020",15
"NW.NCA.MGOL.TO.CD","Comoros","COM","1995-2020",26
"NW.NCA.MGOL.TO.CD","Congo, Dem. Rep.","","2001-2002",2
"NW.NCA.MGOL.TO.CD","Congo, Rep.","COG","2018-2020",3
"NW.NCA.MGOL.TO.CD","Croatia","HRV","1995-2020",26
"NW.NCA.MGOL.TO.CD","Czechia","CZE","1995-2020",26
"NW.NCA.MGOL.TO.CD","Denmark","DNK","1995-2004, 2010, 2014-2020",18
"NW.NCA.MGOL.TO.CD","Djibouti","DJI","1995-2020",26
"NW.NCA.MGOL.TO.CD","Dominican Republic","DOM","2000-2007",8
"NW.NCA.MGOL.TO.CD","Egypt, Arab Rep.","EGY","1995-2008",14
"NW.NCA.MGOL.TO.CD","El Salvador","SLV","1995-1996, 2000-2020",23
"NW.NCA.MGOL.TO.CD","Estonia","EST","1995-2020",26
"NW.NCA.MGOL.TO.CD","Eswatini","SWZ","1995-2020",26
"NW.NCA.MGOL.TO.CD","France","FRA","2011-2020",10
"NW.NCA.MGOL.TO.CD","Gabon","GAB","2010-2011",2
"NW.NCA.MGOL.TO.CD","Gambia, The","GMB","1995-2020",26
"NW.NCA.MGOL.TO.CD","Germany","DEU","1995-2020",26
"NW.NCA.MGOL.TO.CD","Greece","GRC","1995-2007",13
"NW.NCA.MGOL.TO.CD","Guatemala","GTM","1995-1996, 2004",3
"NW.NCA.MGOL.TO.CD","Guinea","GIN","1995-1996",2
"NW.NCA.MGOL.TO.CD","Guinea-Bissau","GNB","1995-2020",26
"NW.NCA.MGOL.TO.CD","Haiti","HTI","1995-2020",26
"NW.NCA.MGOL.TO.CD","Hungary","HUN","1998-2020",23
"NW.NCA.MGOL.TO.CD","Iceland","ISL","1995-2020",26
"NW.NCA.MGOL.TO.CD","Iran, Islamic Rep.","IRN","1995-1996",2
"NW.NCA.MGOL.TO.CD","Iraq","IRQ","1995-2020",26
"NW.NCA.MGOL.TO.CD","Ireland","IRL","1995-2020",26
"NW.NCA.MGOL.TO.CD","Israel","ISR","1995-2020",26
"NW.NCA.MGOL.TO.CD","Italy","ITA","1995-1997, 2012-2020",12
"NW.NCA.MGOL.TO.CD","Jamaica","JAM","1995-1999, 2005-2020",21
"NW.NCA.MGOL.TO.CD","Jordan","JOR","1995-2020",26
"NW.NCA.MGOL.TO.CD","Kuwait","KWT","1995-2020",26
"NW.NCA.MGOL.TO.CD","Lao PDR","LAO","1995-2002",8
"NW.NCA.MGOL.TO.CD","Latvia","LVA","1995-2020",26
"NW.NCA.MGOL.TO.CD","Lebanon","LBN","1995-2020",26
"NW.NCA.MGOL.TO.CD","Lesotho","LSO","1995-2020",26
"NW.NCA.MGOL.TO.CD","Lithuania","LTU","1995-2020",26
"NW.NCA.MGOL.TO.CD","Luxembourg","LUX","1995-2020",26
"NW.NCA.MGOL.TO.CD","Madagascar","MDG","2001-2003, 2013-2020",11
"NW.NCA.MGOL.TO.CD","Malawi","MWI","1995-2020",26
"NW.NCA.MGOL.TO.CD","Maldives","MDV","1995-2020",26
"NW.NCA.MGOL.TO.CD","Malta","MLT","1995-2020",26
"NW.NCA.MGOL.TO.CD","Mauritania","MRT","1997-2005",9
"NW.NCA.MGOL.TO.CD","Mauritius","MUS","1995-2020",26
"NW.NCA.MGOL.TO.CD","Moldova","MDA","1995-2020",26
"NW.NCA.MGOL.TO.CD","Montenegro","MNE","1995-2020",26
"NW.NCA.MGOL.TO.CD","Mozambique","MOZ","1996",1
"NW.NCA.MGOL.TO.CD","Nepal","NPL","1995-2020",26
"NW.NCA.MGOL.TO.CD","Netherlands","NLD","1995-2020",26
"NW.NCA.MGOL.TO.CD","Niger","NER","1995-1996",2
"NW.NCA.MGOL.TO.CD","North Macedonia","MKD","1995-2012",18
"NW.NCA.MGOL.TO.CD","Norway","NOR","1995-2020",26
"NW.NCA.MGOL.TO.CD","Oman","OMN","1995-1996, 2011, 2018-2020",6
"NW.NCA.MGOL.TO.CD","Pakistan","PAK","1995-2020",26
"NW.NCA.MGOL.TO.CD","Panama","PAN","1995-1997, 2005-2008",7
"NW.NCA.MGOL.TO.CD","Paraguay","PRY","1995-2020",26
"NW.NCA.MGOL.TO.CD","Poland","POL","1995-1996, 2018-2020",5
"NW.NCA.MGOL.TO.CD","Portugal","PRT","1995-2020",26
"NW.NCA.MGOL.TO.CD","Qatar","QAT","1995-2020",26
"NW.NCA.MGOL.TO.CD","Rwanda","RWA","2007, 2011-2013",4
"NW.NCA.MGOL.TO.CD","Sao Tome and Principe","STP","1995-2020",26
"NW.NCA.MGOL.TO.CD","Senegal","SEN","1995-1996",2
"NW.NCA.MGOL.TO.CD","Serbia","SRB","1995-2006, 2017-2020",16
"NW.NCA.MGOL.TO.CD","Sierra Leone","SLE","1995-1996, 1999-2003",7
"NW.NCA.MGOL.TO.CD","Singapore","SGP","1995-2020",26
"NW.NCA.MGOL.TO.CD","Slovenia","SVN","1995-2020",26
"NW.NCA.MGOL.TO.CD","Solomon Islands","SLB","2007-2008, 2015-2020",8
"NW.NCA.MGOL.TO.CD","Spain","ESP","2009-2010",2
"NW.NCA.MGOL.TO.CD","Sri Lanka","LKA","1995-2020",26
"NW.NCA.MGOL.TO.CD","St. Lucia","LCA","1995-2020",26
"NW.NCA.MGOL.TO.CD","Sudan","SDN","1995-2011",17
"NW.NCA.MGOL.TO.CD","Switzerland","CHE","1995-2020",26
"NW.NCA.MGOL.TO.CD","Thailand","THA","1995-2000, 2017-2020",10
"NW.NCA.MGOL.TO.CD","Togo","TGO","1995-2004",10
"NW.NCA.MGOL.TO.CD","Trinidad and Tobago","TTO","1995-2020",26
"NW.NCA.MGOL.TO.CD","Tunisia","TUN","1995-2020",26
"NW.NCA.MGOL.TO.CD","Uganda","UGA","1995-1997, 2001, 2009",5
"NW.NCA.MGOL.TO.CD","Ukraine","UKR","1998-2020",23
"NW.NCA.MGOL.TO.CD","United Arab Emirates","ARE","1995-2020",26
"NW.NCA.MGOL.TO.CD","United Kingdom","GBR","1995-2006, 2014-2017",16
"NW.NCA.MGOL.TO.CD","Uruguay","URY","1995-1996",2
"NW.NCA.MGOL.TO.CD","Viet Nam","VNM","1995-1996, 2015",3
"NW.NCA.MGOL.TO.CD","Zambia","ZMB","2004",1
"NW.NCA.MINR.PC","Montenegro","MNE","1995-2006",12
"NW.NCA.MINR.PC","Serbia","SRB","1995-2006",12
"NW.NCA.MINR.PC","Sudan","SDN","1995-2011",17
"NW.NCA.MINR.PC.CD","Albania","ALB","2003",1
"NW.NCA.MINR.PC.CD","Angola","AGO","1995-2020",26
"NW.NCA.MINR.PC.CD","Azerbaijan","AZE","1995-1997, 1999-2001",6
"NW.NCA.MINR.PC.CD","Bahrain","BHR","1995-2020",26
"NW.NCA.MINR.PC.CD","Bangladesh","BGD","1995-2020",26
"NW.NCA.MINR.PC.CD","Belarus","BLR","1995-2020",26
"NW.NCA.MINR.PC.CD","Belgium","BEL","1995-2020",26
"NW.NCA.MINR.PC.CD","Belize","BLZ","1995-1997, 2004-2005, 2010-2020",16
"NW.NCA.MINR.PC.CD","Benin","BEN","1995-1997, 2000, 2015-2020",10
"NW.NCA.MINR.PC.CD","Burundi","BDI","1997",1
"NW.NCA.MINR.PC.CD","Cambodia","KHM","1995-2020",26
"NW.NCA.MINR.PC.CD","Chad","TCD","1995-2004, 2012, 2017-2020",15
"NW.NCA.MINR.PC.CD","Comoros","COM","1995-2020",26
"NW.NCA.MINR.PC.CD","Congo, Rep.","COG","2018-2020",3
"NW.NCA.MINR.PC.CD","Croatia","HRV","1996-2008",13
"NW.NCA.MINR.PC.CD","Czechia","CZE","1998-2020",23
"NW.NCA.MINR.PC.CD","Denmark","DNK","1995-2004, 2010, 2014-2020",18
"NW.NCA.MINR.PC.CD","Djibouti","DJI","1995-2020",26
"NW.NCA.MINR.PC.CD","El Salvador","SLV","1995-1996, 2000-2020",23
"NW.NCA.MINR.PC.CD","Estonia","EST","1995-2020",26
"NW.NCA.MINR.PC.CD","Eswatini","SWZ","1995-2011, 2015-2020",23
"NW.NCA.MINR.PC.CD","Gabon","GAB","2010-2011",2
"NW.NCA.MINR.PC.CD","Gambia, The","GMB","1995-2020",26
"NW.NCA.MINR.PC.CD","Germany","DEU","2015",1
"NW.NCA.MINR.PC.CD","Guinea-Bissau","GNB","1995-2020",26
"NW.NCA.MINR.PC.CD","Haiti","HTI","1995-2020",26
"NW.NCA.MINR.PC.CD","Hungary","HUN","2019",1
"NW.NCA.MINR.PC.CD","Iceland","ISL","1995-2020",26
"NW.NCA.MINR.PC.CD","Iraq","IRQ","2015-2020",6
"NW.NCA.MINR.PC.CD","Italy","ITA","2012-2020",9
"NW.NCA.MINR.PC.CD","Kuwait","KWT","1995-2020",26
"NW.NCA.MINR.PC.CD","Latvia","LVA","1995-2020",26
"NW.NCA.MINR.PC.CD","Lebanon","LBN","1995-2020",26
"NW.NCA.MINR.PC.CD","Lesotho","LSO","1995-2020",26
"NW.NCA.MINR.PC.CD","Lithuania","LTU","1995-2020",26
"NW.NCA.MINR.PC.CD","Luxembourg","LUX","1995-1997, 2015-2020",9
"NW.NCA.MINR.PC.CD","Madagascar","MDG","2001-2003",3
"NW.NCA.MINR.PC.CD","Malawi","MWI","1995-2011",17
"NW.NCA.MINR.PC.CD","Maldives","MDV","1995-2020",26
"NW.NCA.MINR.PC.CD","Malta","MLT","1995-2020",26
"NW.NCA.MINR.PC.CD","Mauritius","MUS","1995-2020",26
"NW.NCA.MINR.PC.CD","Moldova","MDA","1995-2020",26
"NW.NCA.MINR.PC.CD","Montenegro","MNE","1995-2002",8
"NW.NCA.MINR.PC.CD","Nepal","NPL","1995-2015, 2017-2020",25
"NW.NCA.MINR.PC.CD","Netherlands","NLD","1995-2020",26
"NW.NCA.MINR.PC.CD","Oman","OMN","1995-1996, 2018-2020",5
"NW.NCA.MINR.PC.CD","Panama","PAN","1995, 2005-2008",5
"NW.NCA.MINR.PC.CD","Paraguay","PRY","1995-2020",26
"NW.NCA.MINR.PC.CD","Qatar","QAT","1995-2020",26
"NW.NCA.MINR.PC.CD","Sao Tome and Principe","STP","1995-2020",26
"NW.NCA.MINR.PC.CD","Serbia","SRB","1995-2002",8
"NW.NCA.MINR.PC.CD","Sierra Leone","SLE","1995, 1999-2003",6
"NW.NCA.MINR.PC.CD","Singapore","SGP","1995-2020",26
"NW.NCA.MINR.PC.CD","Slovenia","SVN","1995-2020",26
"NW.NCA.MINR.PC.CD","Solomon Islands","SLB","2007-2008",2
"NW.NCA.MINR.PC.CD","St. Lucia","LCA","1995-2020",26
"NW.NCA.MINR.PC.CD","Switzerland","CHE","1995-2009, 2015-2020",21
"NW.NCA.MINR.PC.CD","Trinidad and Tobago","TTO","1995-2020",26
"NW.NCA.MINR.PC.CD","Uganda","UGA","1996-1997",2
"NW.NCA.MINR.PC.CD","United Arab Emirates","ARE","1995-2020",26
"NW.NCA.MINR.PC.CD","United Kingdom","GBR","2014-2015",2
"NW.NCA.MINR.PC.CD","Uruguay","URY","1995-1996",2
"NW.NCA.MINR.TO","Montenegro","MNE","1995-2006",12
"NW.NCA.MINR.TO","Serbia","SRB","1995-2006",12
"NW.NCA.MINR.TO","Sudan","SDN","1995-2011",17
"NW.NCA.MINR.TO.CD","Albania","ALB","2003",1
"NW.NCA.MINR.TO.CD","Angola","AGO","1995-2020",26
"NW.NCA.MINR.TO.CD","Azerbaijan","AZE","1995-1997, 1999-2001",6
"NW.NCA.MINR.TO.CD","Bahrain","BHR","1995-2020",26
"NW.NCA.MINR.TO.CD","Bangladesh","BGD","1995-2020",26
"NW.NCA.MINR.TO.CD","Belarus","BLR","1995-2020",26
"NW.NCA.MINR.TO.CD","Belgium","BEL","1995-2020",26
"NW.NCA.MINR.TO.CD","Belize","BLZ","1995-1997, 2004-2005, 2010-2020",16
"NW.NCA.MINR.TO.CD","Benin","BEN","1995-1997, 2000, 2015-2020",10
"NW.NCA.MINR.TO.CD","Burundi","BDI","1997",1
"NW.NCA.MINR.TO.CD","Cambodia","KHM","1995-2020",26
"NW.NCA.MINR.TO.CD","Chad","TCD","1995-2004, 2012, 2017-2020",15
"NW.NCA.MINR.TO.CD","Comoros","COM","1995-2020",26
"NW.NCA.MINR.TO.CD","Congo, Rep.","COG","2018-2020",3
"NW.NCA.MINR.TO.CD","Croatia","HRV","1996-2008",13
"NW.NCA.MINR.TO.CD","Czechia","CZE","1998-2020",23
"NW.NCA.MINR.TO.CD","Denmark","DNK","1995-2004, 2010, 2014-2020",18
"NW.NCA.MINR.TO.CD","Djibouti","DJI","1995-2020",26
"NW.NCA.MINR.TO.CD","El Salvador","SLV","1995-1996, 2000-2020",23
"NW.NCA.MINR.TO.CD","Estonia","EST","1995-2020",26
"NW.NCA.MINR.TO.CD","Eswatini","SWZ","1995-2011, 2015-2020",23
"NW.NCA.MINR.TO.CD","Gabon","GAB","2010-2011",2
"NW.NCA.MINR.TO.CD","Gambia, The","GMB","1995-2020",26
"NW.NCA.MINR.TO.CD","Germany","DEU","2015",1
"NW.NCA.MINR.TO.CD","Guinea-Bissau","GNB","1995-2020",26
"NW.NCA.MINR.TO.CD","Haiti","HTI","1995-2020",26
"NW.NCA.MINR.TO.CD","Hungary","HUN","2019",1
"NW.NCA.MINR.TO.CD","Iceland","ISL","1995-2020",26
"NW.NCA.MINR.TO.CD","Iraq","IRQ","2015-2020",6
"NW.NCA.MINR.TO.CD","Italy","ITA","2012-2020",9
"NW.NCA.MINR.TO.CD","Kuwait","KWT","1995-2020",26
"NW.NCA.MINR.TO.CD","Latvia","LVA","1995-2020",26
"NW.NCA.MINR.TO.CD","Lebanon","LBN","1995-2020",26
"NW.NCA.MINR.TO.CD","Lesotho","LSO","1995-2020",26
"NW.NCA.MINR.TO.CD","Lithuania","LTU","1995-2020",26
"NW.NCA.MINR.TO.CD","Luxembourg","LUX","1995-1997, 2015-2020",9
"NW.NCA.MINR.TO.CD","Madagascar","MDG","2001-2003",3
"NW.NCA.MINR.TO.CD","Malawi","MWI","1995-2011",17
"NW.NCA.MINR.TO.CD","Maldives","MDV","1995-2020",26
"NW.NCA.MINR.TO.CD","Malta","MLT","1995-2020",26
"NW.NCA.MINR.TO.CD","Mauritius","MUS","1995-2020",26
"NW.NCA.MINR.TO.CD","Moldova","MDA","1995-2020",26
"NW.NCA.MINR.TO.CD","Montenegro","MNE","1995-2002",8
"NW.NCA.MINR.TO.CD","Nepal","NPL","1995-2015, 2017-2020",25
"NW.NCA.MINR.TO.CD","Netherlands","NLD","1995-2020",26
"NW.NCA.MINR.TO.CD","Oman","OMN","1995-1996, 2018-2020",5
"NW.NCA.MINR.TO.CD","Panama","PAN","1995, 2005-2008",5
"NW.NCA.MINR.TO.CD","Paraguay","PRY","1995-2020",26
"NW.NCA.MINR.TO.CD","Qatar","QAT","1995-2020",26
"NW.NCA.MINR.TO.CD","Sao Tome and Principe","STP","1995-2020",26
"NW.NCA.MINR.TO.CD","Serbia","SRB","1995-2002",8
"NW.NCA.MINR.TO.CD","Sierra Leone","SLE","1995, 1999-2003",6
"NW.NCA.MINR.TO.CD","Singapore","SGP","1995-2020",26
"NW.NCA.MINR.TO.CD","Slovenia","SVN","1995-2020",26
"NW.NCA.MINR.TO.CD","Solomon Islands","SLB","2007-2008",2
"NW.NCA.MINR.TO.CD","St. Lucia","LCA","1995-2020",26
"NW.NCA.MINR.TO.CD","Switzerland","CHE","1995-2009, 2015-2020",21
"NW.NCA.MINR.TO.CD","Trinidad and Tobago","TTO","1995-2020",26
"NW.NCA.MINR.TO.CD","Uganda","UGA","1996-1997",2
"NW.NCA.MINR.TO.CD","United Arab Emirates","ARE","1995-2020",26
"NW.NCA.MINR.TO.CD","United Kingdom","GBR","2014-2015",2
"NW.NCA.MINR.TO.CD","Uruguay","URY","1995-1996",2
"NW.NCA.MIRO.PC","Argentina","ARG","1995-2020",26
"NW.NCA.MIRO.PC","Azerbaijan","AZE","1995-2020",26
"NW.NCA.MIRO.PC","Bolivia","BOL","1995-2020",26
"NW.NCA.MIRO.PC","Bulgaria","BGR","1995-2020",26
"NW.NCA.MIRO.PC","Finland","FIN","1995-2020",26
"NW.NCA.MIRO.PC","France","FRA","1995-2020",26
"NW.NCA.MIRO.PC","Germany","DEU","1995-2020",26
"NW.NCA.MIRO.PC","Greece","GRC","1995-2020",26
"NW.NCA.MIRO.PC","Guatemala","GTM","1995-2020",26
"NW.NCA.MIRO.PC","Japan","JPN","1995-2020",26
"NW.NCA.MIRO.PC","Kenya","KEN","1995-2020",26
"NW.NCA.MIRO.PC","Korea, Rep.","KOR","1995-2020",26
"NW.NCA.MIRO.PC","Mali","MLI","1995-2020",26
"NW.NCA.MIRO.PC","Montenegro","MNE","1995-2006",12
"NW.NCA.MIRO.PC","North Macedonia","MKD","1995-2020",26
"NW.NCA.MIRO.PC","Philippines","PHL","1995-2020",26
"NW.NCA.MIRO.PC","Portugal","PRT","1995-2020",26
"NW.NCA.MIRO.PC","Romania","ROU","1995-2020",26
"NW.NCA.MIRO.PC","Serbia","SRB","1995-2006",12
"NW.NCA.MIRO.PC","Slovak Republic","SVK","1995-2020",26
"NW.NCA.MIRO.PC","Spain","ESP","1995-2020",26
"NW.NCA.MIRO.PC","Sudan","SDN","1995-2011",17
"NW.NCA.MIRO.PC","Uganda","UGA","1995-2020",26
"NW.NCA.MIRO.PC","United Kingdom","GBR","1995-2020",26
"NW.NCA.MIRO.PC","Zimbabwe","ZWE","1995-2020",26
"NW.NCA.MIRO.PC.CD","Albania","ALB","1995-2020",26
"NW.NCA.MIRO.PC.CD","Angola","AGO","1995-2020",26
"NW.NCA.MIRO.PC.CD","Argentina","ARG","1998-2020",23
"NW.NCA.MIRO.PC.CD","Armenia","ARM","1995-2020",26
"NW.NCA.MIRO.PC.CD","Azerbaijan","AZE","1995-1997, 1999-2001, 2009, 2017-2020",11
"NW.NCA.MIRO.PC.CD","Bahrain","BHR","1995-2020",26
"NW.NCA.MIRO.PC.CD","Bangladesh","BGD","1995-2020",26
"NW.NCA.MIRO.PC.CD","Belarus","BLR","1995-2020",26
"NW.NCA.MIRO.PC.CD","Belgium","BEL","1995-2020",26
"NW.NCA.MIRO.PC.CD","Belize","BLZ","1995-2020",26
"NW.NCA.MIRO.PC.CD","Benin","BEN","1995-2020",26
"NW.NCA.MIRO.PC.CD","Bolivia","BOL","1998-2020",23
"NW.NCA.MIRO.PC.CD","Botswana","BWA","1995-2020",26
"NW.NCA.MIRO.PC.CD","Bulgaria","BGR","2005-2020",16
"NW.NCA.MIRO.PC.CD","Burkina Faso","BFA","1995-2020",26
"NW.NCA.MIRO.PC.CD","Burundi","BDI","1995-2020",26
"NW.NCA.MIRO.PC.CD","Cambodia","KHM","1995-2020",26
"NW.NCA.MIRO.PC.CD","Cameroon","CMR","1995-2020",26
"NW.NCA.MIRO.PC.CD","Central African Republic","CAF","1995-2020",26
"NW.NCA.MIRO.PC.CD","Chad","TCD","1995-2020",26
"NW.NCA.MIRO.PC.CD","Comoros","COM","1995-2020",26
"NW.NCA.MIRO.PC.CD","Congo, Dem. Rep.","","1995-2020",26
"NW.NCA.MIRO.PC.CD","Congo, Rep.","COG","1995-2020",26
"NW.NCA.MIRO.PC.CD","Costa Rica","CRI","1995-2020",26
"NW.NCA.MIRO.PC.CD","Cote d'Ivoire","CIV","1995-2020",26
"NW.NCA.MIRO.PC.CD","Croatia","HRV","1995-2020",26
"NW.NCA.MIRO.PC.CD","Czechia","CZE","1998-2020",23
"NW.NCA.MIRO.PC.CD","Denmark","DNK","1995-2020",26
"NW.NCA.MIRO.PC.CD","Djibouti","DJI","1995-2020",26
"NW.NCA.MIRO.PC.CD","Dominican Republic","DOM","1995-2020",26
"NW.NCA.MIRO.PC.CD","Ecuador","ECU","1995-2007, 2015-2020",19
"NW.NCA.MIRO.PC.CD","El Salvador","SLV","1995-2020",26
"NW.NCA.MIRO.PC.CD","Estonia","EST","1995-2020",26
"NW.NCA.MIRO.PC.CD","Eswatini","SWZ","1995-2011, 2015-2020",23
"NW.NCA.MIRO.PC.CD","Ethiopia","ETH","1995-2020",26
"NW.NCA.MIRO.PC.CD","Finland","FIN","1998-2020",23
"NW.NCA.MIRO.PC.CD","France","FRA","2000-2020",21
"NW.NCA.MIRO.PC.CD","Gabon","GAB","1995-2020",26
"NW.NCA.MIRO.PC.CD","Gambia, The","GMB","1995-2020",26
"NW.NCA.MIRO.PC.CD","Georgia","GEO","1995-2020",26
"NW.NCA.MIRO.PC.CD","Germany","DEU","2015-2020",6
"NW.NCA.MIRO.PC.CD","Ghana","GHA","1995-2020",26
"NW.NCA.MIRO.PC.CD","Greece","GRC","1997-1998, 2018-2020",5
"NW.NCA.MIRO.PC.CD","Guatemala","GTM","2015-2020",6
"NW.NCA.MIRO.PC.CD","Guinea","GIN","1995-2020",26
"NW.NCA.MIRO.PC.CD","Guinea-Bissau","GNB","1995-2020",26
"NW.NCA.MIRO.PC.CD","Guyana","GUY","1995-2020",26
"NW.NCA.MIRO.PC.CD","Haiti","HTI","1995-2020",26
"NW.NCA.MIRO.PC.CD","Honduras","HND","1995-2020",26
"NW.NCA.MIRO.PC.CD","Hungary","HUN","1995-2020",26
"NW.NCA.MIRO.PC.CD","Iceland","ISL","1995-2020",26
"NW.NCA.MIRO.PC.CD","Indonesia","IDN","2016-2017",2
"NW.NCA.MIRO.PC.CD","Iraq","IRQ","1995-2006, 2009-2010, 2012-2020",23
"NW.NCA.MIRO.PC.CD","Ireland","IRL","1995-2020",26
"NW.NCA.MIRO.PC.CD","Israel","ISR","1995-2020",26
"NW.NCA.MIRO.PC.CD","Italy","ITA","1995-2020",26
"NW.NCA.MIRO.PC.CD","Jamaica","JAM","1995-2020",26
"NW.NCA.MIRO.PC.CD","Japan","JPN","2005-2020",16
"NW.NCA.MIRO.PC.CD","Jordan","JOR","1995-2020",26
"NW.NCA.MIRO.PC.CD","Kenya","KEN","1995-2007, 2013-2020",21
"NW.NCA.MIRO.PC.CD","Korea, Rep.","KOR","2018-2020",3
"NW.NCA.MIRO.PC.CD","Kuwait","KWT","1995-2020",26
"NW.NCA.MIRO.PC.CD","Kyrgyz Republic","KGZ","1995-2020",26
"NW.NCA.MIRO.PC.CD","Lao PDR","LAO","1995-2009",15
"NW.NCA.MIRO.PC.CD","Latvia","LVA","1995-2020",26
"NW.NCA.MIRO.PC.CD","Lebanon","LBN","1995-2020",26
"NW.NCA.MIRO.PC.CD","Lesotho","LSO","1995-2020",26
"NW.NCA.MIRO.PC.CD","Liberia","LBR","1998-2010",13
"NW.NCA.MIRO.PC.CD","Lithuania","LTU","1995-2020",26
"NW.NCA.MIRO.PC.CD","Luxembourg","LUX","1995-2020",26
"NW.NCA.MIRO.PC.CD","Madagascar","MDG","1995-2020",26
"NW.NCA.MIRO.PC.CD","Malawi","MWI","1995-2015",21
"NW.NCA.MIRO.PC.CD","Maldives","MDV","1995-2020",26
"NW.NCA.MIRO.PC.CD","Mali","MLI","1995-2009, 2015-2020",21
"NW.NCA.MIRO.PC.CD","Malta","MLT","1995-2020",26
"NW.NCA.MIRO.PC.CD","Mauritius","MUS","1995-2020",26
"NW.NCA.MIRO.PC.CD","Moldova","MDA","1995-2020",26
"NW.NCA.MIRO.PC.CD","Mongolia","MNG","1995-2003",9
"NW.NCA.MIRO.PC.CD","Montenegro","MNE","1995-2020",26
"NW.NCA.MIRO.PC.CD","Mozambique","MOZ","1995-2020",26
"NW.NCA.MIRO.PC.CD","Namibia","NAM","1995-2016, 2020",23
"NW.NCA.MIRO.PC.CD","Nepal","NPL","1995-2015, 2017-2020",25
"NW.NCA.MIRO.PC.CD","Netherlands","NLD","1995-2020",26
"NW.NCA.MIRO.PC.CD","New Zealand","NZL","1995-1997",3
"NW.NCA.MIRO.PC.CD","Nicaragua","NIC","1995-2020",26
"NW.NCA.MIRO.PC.CD","Niger","NER","1995-2020",26
"NW.NCA.MIRO.PC.CD","Nigeria","NGA","1998-1999, 2003-2004",4
"NW.NCA.MIRO.PC.CD","North Macedonia","MKD","2002-2004, 2007-2020",17
"NW.NCA.MIRO.PC.CD","Norway","NOR","2016-2018",3
"NW.NCA.MIRO.PC.CD","Oman","OMN","1995-2020",26
"NW.NCA.MIRO.PC.CD","Pakistan","PAK","1995-1996",2
"NW.NCA.MIRO.PC.CD","Panama","PAN","1995-2020",26
"NW.NCA.MIRO.PC.CD","Papua New Guinea","PNG","1995-2020",26
"NW.NCA.MIRO.PC.CD","Paraguay","PRY","1995-2020",26
"NW.NCA.MIRO.PC.CD","Philippines","PHL","1995-2010, 2017-2019",19
"NW.NCA.MIRO.PC.CD","Poland","POL","1995-2020",26
"NW.NCA.MIRO.PC.CD","Portugal","PRT","2015-2020",6
"NW.NCA.MIRO.PC.CD","Qatar","QAT","1995-2020",26
"NW.NCA.MIRO.PC.CD","Romania","ROU","2008-2020",13
"NW.NCA.MIRO.PC.CD","Rwanda","RWA","1995-2020",26
"NW.NCA.MIRO.PC.CD","Sao Tome and Principe","STP","1995-2020",26
"NW.NCA.MIRO.PC.CD","Saudi Arabia","SAU","1995-2020",26
"NW.NCA.MIRO.PC.CD","Senegal","SEN","1995-2020",26
"NW.NCA.MIRO.PC.CD","Serbia","SRB","1995-2020",26
"NW.NCA.MIRO.PC.CD","Sierra Leone","SLE","1995-2010",16
"NW.NCA.MIRO.PC.CD","Singapore","SGP","1995-2020",26
"NW.NCA.MIRO.PC.CD","Slovak Republic","SVK","2009-2020",12
"NW.NCA.MIRO.PC.CD","Slovenia","SVN","1995-2020",26
"NW.NCA.MIRO.PC.CD","Solomon Islands","SLB","1995-2020",26
"NW.NCA.MIRO.PC.CD","Spain","ESP","1997-2020",24
"NW.NCA.MIRO.PC.CD","Sri Lanka","LKA","1995-2020",26
"NW.NCA.MIRO.PC.CD","St. Lucia","LCA","1995-2020",26
"NW.NCA.MIRO.PC.CD","Sudan","SDN","1995-2020",26
"NW.NCA.MIRO.PC.CD","Suriname","SUR","1995-2020",26
"NW.NCA.MIRO.PC.CD","Switzerland","CHE","1995-2020",26
"NW.NCA.MIRO.PC.CD","Tajikistan","TJK","1995-2020",26
"NW.NCA.MIRO.PC.CD","Tanzania","TZA","1995-2020",26
"NW.NCA.MIRO.PC.CD","Thailand","THA","2000-2001, 2016-2018",5
"NW.NCA.MIRO.PC.CD","Togo","TGO","1995-2010",16
"NW.NCA.MIRO.PC.CD","Trinidad and Tobago","TTO","1995-2020",26
"NW.NCA.MIRO.PC.CD","Turkiye","TUR","2018",1
"NW.NCA.MIRO.PC.CD","Uganda","UGA","1995-2004, 2006, 2019",12
"NW.NCA.MIRO.PC.CD","United Arab Emirates","ARE","1995-2020",26
"NW.NCA.MIRO.PC.CD","United Kingdom","GBR","2005-2020",16
"NW.NCA.MIRO.PC.CD","Uruguay","URY","1995-2011",17
"NW.NCA.MIRO.PC.CD","Viet Nam","VNM","1995-1999",5
"NW.NCA.MIRO.PC.CD","Zambia","ZMB","1995-2020",26
"NW.NCA.MIRO.PC.CD","Zimbabwe","ZWE","2009-2020",12
"NW.NCA.MIRO.TO","Argentina","ARG","1995-2020",26
"NW.NCA.MIRO.TO","Azerbaijan","AZE","1995-2020",26
"NW.NCA.MIRO.TO","Bolivia","BOL","1995-2020",26
"NW.NCA.MIRO.TO","Bulgaria","BGR","1995-2020",26
"NW.NCA.MIRO.TO","Finland","FIN","1995-2020",26
"NW.NCA.MIRO.TO","France","FRA","1995-2020",26
"NW.NCA.MIRO.TO","Germany","DEU","1995-2020",26
"NW.NCA.MIRO.TO","Greece","GRC","1995-2020",26
"NW.NCA.MIRO.TO","Guatemala","GTM","1995-2020",26
"NW.NCA.MIRO.TO","Japan","JPN","1995-2020",26
"NW.NCA.MIRO.TO","Kenya","KEN","1995-2020",26
"NW.NCA.MIRO.TO","Korea, Rep.","KOR","1995-2020",26
"NW.NCA.MIRO.TO","Mali","MLI","1995-2020",26
"NW.NCA.MIRO.TO","Montenegro","MNE","1995-2006",12
"NW.NCA.MIRO.TO","North Macedonia","MKD","1995-2020",26
"NW.NCA.MIRO.TO","Philippines","PHL","1995-2020",26
"NW.NCA.MIRO.TO","Portugal","PRT","1995-2020",26
"NW.NCA.MIRO.TO","Romania","ROU","1995-2020",26
"NW.NCA.MIRO.TO","Serbia","SRB","1995-2006",12
"NW.NCA.MIRO.TO","Slovak Republic","SVK","1995-2020",26
"NW.NCA.MIRO.TO","Spain","ESP","1995-2020",26
"NW.NCA.MIRO.TO","Sudan","SDN","1995-2011",17
"NW.NCA.MIRO.TO","Uganda","UGA","1995-2020",26
"NW.NCA.MIRO.TO","United Kingdom","GBR","1995-2020",26
"NW.NCA.MIRO.TO","Zimbabwe","ZWE","1995-2020",26
"NW.NCA.MIRO.TO.CD","Albania","ALB","1995-2020",26
"NW.NCA.MIRO.TO.CD","Angola","AGO","1995-2020",26
"NW.NCA.MIRO.TO.CD","Argentina","ARG","1998-2020",23
"NW.NCA.MIRO.TO.CD","Armenia","ARM","1995-2020",26
"NW.NCA.MIRO.TO.CD","Azerbaijan","AZE","1995-1997, 1999-2001, 2009, 2017-2020",11
"NW.NCA.MIRO.TO.CD","Bahrain","BHR","1995-2020",26
"NW.NCA.MIRO.TO.CD","Bangladesh","BGD","1995-2020",26
"NW.NCA.MIRO.TO.CD","Belarus","BLR","1995-2020",26
"NW.NCA.MIRO.TO.CD","Belgium","BEL","1995-2020",26
"NW.NCA.MIRO.TO.CD","Belize","BLZ","1995-2020",26
"NW.NCA.MIRO.TO.CD","Benin","BEN","1995-2020",26
"NW.NCA.MIRO.TO.CD","Bolivia","BOL","1998-2020",23
"NW.NCA.MIRO.TO.CD","Botswana","BWA","1995-2020",26
"NW.NCA.MIRO.TO.CD","Bulgaria","BGR","2005-2020",16
"NW.NCA.MIRO.TO.CD","Burkina Faso","BFA","1995-2020",26
"NW.NCA.MIRO.TO.CD","Burundi","BDI","1995-2020",26
"NW.NCA.MIRO.TO.CD","Cambodia","KHM","1995-2020",26
"NW.NCA.MIRO.TO.CD","Cameroon","CMR","1995-2020",26
"NW.NCA.MIRO.TO.CD","Central African Republic","CAF","1995-2020",26
"NW.NCA.MIRO.TO.CD","Chad","TCD","1995-2020",26
"NW.NCA.MIRO.TO.CD","Comoros","COM","1995-2020",26
"NW.NCA.MIRO.TO.CD","Congo, Dem. Rep.","","1995-2020",26
"NW.NCA.MIRO.TO.CD","Congo, Rep.","COG","1995-2020",26
"NW.NCA.MIRO.TO.CD","Costa Rica","CRI","1995-2020",26
"NW.NCA.MIRO.TO.CD","Cote d'Ivoire","CIV","1995-2020",26
"NW.NCA.MIRO.TO.CD","Croatia","HRV","1995-2020",26
"NW.NCA.MIRO.TO.CD","Czechia","CZE","1998-2020",23
"NW.NCA.MIRO.TO.CD","Denmark","DNK","1995-2020",26
"NW.NCA.MIRO.TO.CD","Djibouti","DJI","1995-2020",26
"NW.NCA.MIRO.TO.CD","Dominican Republic","DOM","1995-2020",26
"NW.NCA.MIRO.TO.CD","Ecuador","ECU","1995-2007, 2015-2020",19
"NW.NCA.MIRO.TO.CD","El Salvador","SLV","1995-2020",26
"NW.NCA.MIRO.TO.CD","Estonia","EST","1995-2020",26
"NW.NCA.MIRO.TO.CD","Eswatini","SWZ","1995-2011, 2015-2020",23
"NW.NCA.MIRO.TO.CD","Ethiopia","ETH","1995-2020",26
"NW.NCA.MIRO.TO.CD","Finland","FIN","1998-2020",23
"NW.NCA.MIRO.TO.CD","France","FRA","2000-2020",21
"NW.NCA.MIRO.TO.CD","Gabon","GAB","1995-2020",26
"NW.NCA.MIRO.TO.CD","Gambia, The","GMB","1995-2020",26
"NW.NCA.MIRO.TO.CD","Georgia","GEO","1995-2020",26
"NW.NCA.MIRO.TO.CD","Germany","DEU","2015-2020",6
"NW.NCA.MIRO.TO.CD","Ghana","GHA","1995-2020",26
"NW.NCA.MIRO.TO.CD","Greece","GRC","1997-1998, 2018-2020",5
"NW.NCA.MIRO.TO.CD","Guatemala","GTM","2015-2020",6
"NW.NCA.MIRO.TO.CD","Guinea","GIN","1995-2020",26
"NW.NCA.MIRO.TO.CD","Guinea-Bissau","GNB","1995-2020",26
"NW.NCA.MIRO.TO.CD","Guyana","GUY","1995-2020",26
"NW.NCA.MIRO.TO.CD","Haiti","HTI","1995-2020",26
"NW.NCA.MIRO.TO.CD","Honduras","HND","1995-2020",26
"NW.NCA.MIRO.TO.CD","Hungary","HUN","1995-2020",26
"NW.NCA.MIRO.TO.CD","Iceland","ISL","1995-2020",26
"NW.NCA.MIRO.TO.CD","Indonesia","IDN","2016-2017",2
"NW.NCA.MIRO.TO.CD","Iraq","IRQ","1995-2006, 2009-2010, 2012-2020",23
"NW.NCA.MIRO.TO.CD","Ireland","IRL","1995-2020",26
"NW.NCA.MIRO.TO.CD","Israel","ISR","1995-2020",26
"NW.NCA.MIRO.TO.CD","Italy","ITA","1995-2020",26
"NW.NCA.MIRO.TO.CD","Jamaica","JAM","1995-2020",26
"NW.NCA.MIRO.TO.CD","Japan","JPN","2005-2020",16
"NW.NCA.MIRO.TO.CD","Jordan","JOR","1995-2020",26
"NW.NCA.MIRO.TO.CD","Kenya","KEN","1995-2007, 2013-2020",21
"NW.NCA.MIRO.TO.CD","Korea, Rep.","KOR","2018-2020",3
"NW.NCA.MIRO.TO.CD","Kuwait","KWT","1995-2020",26
"NW.NCA.MIRO.TO.CD","Kyrgyz Republic","KGZ","1995-2020",26
"NW.NCA.MIRO.TO.CD","Lao PDR","LAO","1995-2009",15
"NW.NCA.MIRO.TO.CD","Latvia","LVA","1995-2020",26
"NW.NCA.MIRO.TO.CD","Lebanon","LBN","1995-2020",26
"NW.NCA.MIRO.TO.CD","Lesotho","LSO","1995-2020",26
"NW.NCA.MIRO.TO.CD","Liberia","LBR","1998-2010",13
"NW.NCA.MIRO.TO.CD","Lithuania","LTU","1995-2020",26
"NW.NCA.MIRO.TO.CD","Luxembourg","LUX","1995-2020",26
"NW.NCA.MIRO.TO.CD","Madagascar","MDG","1995-2020",26
"NW.NCA.MIRO.TO.CD","Malawi","MWI","1995-2015",21
"NW.NCA.MIRO.TO.CD","Maldives","MDV","1995-2020",26
"NW.NCA.MIRO.TO.CD","Mali","MLI","1995-2009, 2015-2020",21
"NW.NCA.MIRO.TO.CD","Malta","MLT","1995-2020",26
"NW.NCA.MIRO.TO.CD","Mauritius","MUS","1995-2020",26
"NW.NCA.MIRO.TO.CD","Moldova","MDA","1995-2020",26
"NW.NCA.MIRO.TO.CD","Mongolia","MNG","1995-2003",9
"NW.NCA.MIRO.TO.CD","Montenegro","MNE","1995-2020",26
"NW.NCA.MIRO.TO.CD","Mozambique","MOZ","1995-2020",26
"NW.NCA.MIRO.TO.CD","Namibia","NAM","1995-2016, 2020",23
"NW.NCA.MIRO.TO.CD","Nepal","NPL","1995-2015, 2017-2020",25
"NW.NCA.MIRO.TO.CD","Netherlands","NLD","1995-2020",26
"NW.NCA.MIRO.TO.CD","New Zealand","NZL","1995-1997",3
"NW.NCA.MIRO.TO.CD","Nicaragua","NIC","1995-2020",26
"NW.NCA.MIRO.TO.CD","Niger","NER","1995-2020",26
"NW.NCA.MIRO.TO.CD","Nigeria","NGA","1998-1999, 2003-2004",4
"NW.NCA.MIRO.TO.CD","North Macedonia","MKD","2002-2004, 2007-2020",17
"NW.NCA.MIRO.TO.CD","Norway","NOR","2016-2018",3
"NW.NCA.MIRO.TO.CD","Oman","OMN","1995-2020",26
"NW.NCA.MIRO.TO.CD","Pakistan","PAK","1995-1996",2
"NW.NCA.MIRO.TO.CD","Panama","PAN","1995-2020",26
"NW.NCA.MIRO.TO.CD","Papua New Guinea","PNG","1995-2020",26
"NW.NCA.MIRO.TO.CD","Paraguay","PRY","1995-2020",26
"NW.NCA.MIRO.TO.CD","Philippines","PHL","1995-2010, 2017-2019",19
"NW.NCA.MIRO.TO.CD","Poland","POL","1995-2020",26
"NW.NCA.MIRO.TO.CD","Portugal","PRT","2015-2020",6
"NW.NCA.MIRO.TO.CD","Qatar","QAT","1995-2020",26
"NW.NCA.MIRO.TO.CD","Romania","ROU","2008-2020",13
"NW.NCA.MIRO.TO.CD","Rwanda","RWA","1995-2020",26
"NW.NCA.MIRO.TO.CD","Sao Tome and Principe","STP","1995-2020",26
"NW.NCA.MIRO.TO.CD","Saudi Arabia","SAU","1995-2020",26
"NW.NCA.MIRO.TO.CD","Senegal","SEN","1995-2020",26
"NW.NCA.MIRO.TO.CD","Serbia","SRB","1995-2020",26
"NW.NCA.MIRO.TO.CD","Sierra Leone","SLE","1995-2010",16
"NW.NCA.MIRO.TO.CD","Singapore","SGP","1995-2020",26
"NW.NCA.MIRO.TO.CD","Slovak Republic","SVK","2009-2020",12
"NW.NCA.MIRO.TO.CD","Slovenia","SVN","1995-2020",26
"NW.NCA.MIRO.TO.CD","Solomon Islands","SLB","1995-2020",26
"NW.NCA.MIRO.TO.CD","Spain","ESP","1997-2020",24
"NW.NCA.MIRO.TO.CD","Sri Lanka","LKA","1995-2020",26
"NW.NCA.MIRO.TO.CD","St. Lucia","LCA","1995-2020",26
"NW.NCA.MIRO.TO.CD","Sudan","SDN","1995-2020",26
"NW.NCA.MIRO.TO.CD","Suriname","SUR","1995-2020",26
"NW.NCA.MIRO.TO.CD","Switzerland","CHE","1995-2020",26
"NW.NCA.MIRO.TO.CD","Tajikistan","TJK","1995-2020",26
"NW.NCA.MIRO.TO.CD","Tanzania","TZA","1995-2020",26
"NW.NCA.MIRO.TO.CD","Thailand","THA","2000-2001, 2016-2018",5
"NW.NCA.MIRO.TO.CD","Togo","TGO","1995-2010",16
"NW.NCA.MIRO.TO.CD","Trinidad and Tobago","TTO","1995-2020",26
"NW.NCA.MIRO.TO.CD","Turkiye","TUR","2018",1
"NW.NCA.MIRO.TO.CD","Uganda","UGA","1995-2004, 2006, 2019",12
"NW.NCA.MIRO.TO.CD","United Arab Emirates","ARE","1995-2020",26
"NW.NCA.MIRO.TO.CD","United Kingdom","GBR","2005-2020",16
"NW.NCA.MIRO.TO.CD","Uruguay","URY","1995-2011",17
"NW.NCA.MIRO.TO.CD","Viet Nam","VNM","1995-1999",5
"NW.NCA.MIRO.TO.CD","Zambia","ZMB","1995-2020",26
"NW.NCA.MIRO.TO.CD","Zimbabwe","ZWE","2009-2020",12
"NW.NCA.MLEA.PC","Burkina Faso","BFA","1995-2020",26
"NW.NCA.MLEA.PC","Colombia","COL","1995-2020",26
"NW.NCA.MLEA.PC","Congo, Dem. Rep.","","1995-2020",26
"NW.NCA.MLEA.PC","Finland","FIN","1995-2020",26
"NW.NCA.MLEA.PC","Georgia","GEO","1995-2020",26
"NW.NCA.MLEA.PC","Guatemala","GTM","1995-2020",26
"NW.NCA.MLEA.PC","Japan","JPN","1995-2020",26
"NW.NCA.MLEA.PC","Montenegro","MNE","1995-2006",12
"NW.NCA.MLEA.PC","Norway","NOR","1995-2020",26
"NW.NCA.MLEA.PC","Saudi Arabia","SAU","1995-2020",26
"NW.NCA.MLEA.PC","Serbia","SRB","1995-2006",12
"NW.NCA.MLEA.PC","Sudan","SDN","1995-2011",17
"NW.NCA.MLEA.PC","Thailand","THA","1995-2020",26
"NW.NCA.MLEA.PC","Tunisia","TUN","1995-2020",26
"NW.NCA.MLEA.PC.CD","Albania","ALB","1995-2020",26
"NW.NCA.MLEA.PC.CD","Angola","AGO","1995-2020",26
"NW.NCA.MLEA.PC.CD","Armenia","ARM","1995-2020",26
"NW.NCA.MLEA.PC.CD","Austria","AUT","1995-2020",26
"NW.NCA.MLEA.PC.CD","Azerbaijan","AZE","1995-2020",26
"NW.NCA.MLEA.PC.CD","Bahrain","BHR","1995-2020",26
"NW.NCA.MLEA.PC.CD","Bangladesh","BGD","1995-2020",26
"NW.NCA.MLEA.PC.CD","Belarus","BLR","1995-2020",26
"NW.NCA.MLEA.PC.CD","Belgium","BEL","1995-2020",26
"NW.NCA.MLEA.PC.CD","Belize","BLZ","1995-2020",26
"NW.NCA.MLEA.PC.CD","Benin","BEN","1995-2020",26
"NW.NCA.MLEA.PC.CD","Bosnia and Herzegovina","BIH","1995-1996",2
"NW.NCA.MLEA.PC.CD","Botswana","BWA","1995-2020",26
"NW.NCA.MLEA.PC.CD","Burkina Faso","BFA","1995-2012, 2015-2020",24
"NW.NCA.MLEA.PC.CD","Burundi","BDI","1995-2020",26
"NW.NCA.MLEA.PC.CD","Cambodia","KHM","1995-2020",26
"NW.NCA.MLEA.PC.CD","Cameroon","CMR","1995-2020",26
"NW.NCA.MLEA.PC.CD","Central African Republic","CAF","1995-2020",26
"NW.NCA.MLEA.PC.CD","Chad","TCD","1995-2020",26
"NW.NCA.MLEA.PC.CD","Colombia","COL","2002-2020",19
"NW.NCA.MLEA.PC.CD","Comoros","COM","1995-2020",26
"NW.NCA.MLEA.PC.CD","Congo, Dem. Rep.","","1995-2011, 2017-2020",21
"NW.NCA.MLEA.PC.CD","Congo, Rep.","COG","1995-2020",26
"NW.NCA.MLEA.PC.CD","Costa Rica","CRI","1995-2020",26
"NW.NCA.MLEA.PC.CD","Cote d'Ivoire","CIV","1995-2020",26
"NW.NCA.MLEA.PC.CD","Croatia","HRV","1995-2020",26
"NW.NCA.MLEA.PC.CD","Czechia","CZE","1996-2020",25
"NW.NCA.MLEA.PC.CD","Denmark","DNK","1995-2020",26
"NW.NCA.MLEA.PC.CD","Djibouti","DJI","1995-2020",26
"NW.NCA.MLEA.PC.CD","Dominican Republic","DOM","1995-2020",26
"NW.NCA.MLEA.PC.CD","Ecuador","ECU","1995, 2002-2020",20
"NW.NCA.MLEA.PC.CD","Egypt, Arab Rep.","EGY","1995-2020",26
"NW.NCA.MLEA.PC.CD","El Salvador","SLV","1995-2020",26
"NW.NCA.MLEA.PC.CD","Estonia","EST","1995-2020",26
"NW.NCA.MLEA.PC.CD","Eswatini","SWZ","1995-2020",26
"NW.NCA.MLEA.PC.CD","Ethiopia","ETH","1995-2020",26
"NW.NCA.MLEA.PC.CD","Finland","FIN","1995, 2001-2018",19
"NW.NCA.MLEA.PC.CD","France","FRA","1995-2020",26
"NW.NCA.MLEA.PC.CD","Gabon","GAB","1995-2020",26
"NW.NCA.MLEA.PC.CD","Gambia, The","GMB","1995-2020",26
"NW.NCA.MLEA.PC.CD","Georgia","GEO","2015-2020",6
"NW.NCA.MLEA.PC.CD","Germany","DEU","1995-2020",26
"NW.NCA.MLEA.PC.CD","Ghana","GHA","1995-2020",26
"NW.NCA.MLEA.PC.CD","Greece","GRC","2004",1
"NW.NCA.MLEA.PC.CD","Guatemala","GTM","1995-2004, 2009-2020",22
"NW.NCA.MLEA.PC.CD","Guinea","GIN","1995-2020",26
"NW.NCA.MLEA.PC.CD","Guinea-Bissau","GNB","1995-2020",26
"NW.NCA.MLEA.PC.CD","Guyana","GUY","1995-2020",26
"NW.NCA.MLEA.PC.CD","Haiti","HTI","1995-2020",26
"NW.NCA.MLEA.PC.CD","Hungary","HUN","1995-2020",26
"NW.NCA.MLEA.PC.CD","Iceland","ISL","1995-2020",26
"NW.NCA.MLEA.PC.CD","Indonesia","IDN","1995-2012",18
"NW.NCA.MLEA.PC.CD","Iraq","IRQ","1995-2020",26
"NW.NCA.MLEA.PC.CD","Israel","ISR","1995-2020",26
"NW.NCA.MLEA.PC.CD","Italy","ITA","2012-2020",9
"NW.NCA.MLEA.PC.CD","Jamaica","JAM","1995-2020",26
"NW.NCA.MLEA.PC.CD","Japan","JPN","2007-2020",14
"NW.NCA.MLEA.PC.CD","Jordan","JOR","1995-2020",26
"NW.NCA.MLEA.PC.CD","Kenya","KEN","1996-2020",25
"NW.NCA.MLEA.PC.CD","Korea, Rep.","KOR","2003",1
"NW.NCA.MLEA.PC.CD","Kuwait","KWT","1995-2020",26
"NW.NCA.MLEA.PC.CD","Kyrgyz Republic","KGZ","1995-2020",26
"NW.NCA.MLEA.PC.CD","Lao PDR","LAO","1995-2006",12
"NW.NCA.MLEA.PC.CD","Latvia","LVA","1995-2020",26
"NW.NCA.MLEA.PC.CD","Lebanon","LBN","1995-2020",26
"NW.NCA.MLEA.PC.CD","Lesotho","LSO","1995-2020",26
"NW.NCA.MLEA.PC.CD","Liberia","LBR","1995-2020",26
"NW.NCA.MLEA.PC.CD","Lithuania","LTU","1995-2020",26
"NW.NCA.MLEA.PC.CD","Luxembourg","LUX","1995-2020",26
"NW.NCA.MLEA.PC.CD","Madagascar","MDG","1995-2020",26
"NW.NCA.MLEA.PC.CD","Malawi","MWI","1995-2020",26
"NW.NCA.MLEA.PC.CD","Malaysia","MYS","1995-2020",26
"NW.NCA.MLEA.PC.CD","Maldives","MDV","1995-2020",26
"NW.NCA.MLEA.PC.CD","Mali","MLI","1995-2020",26
"NW.NCA.MLEA.PC.CD","Malta","MLT","1995-2020",26
"NW.NCA.MLEA.PC.CD","Mauritania","MRT","1995-2020",26
"NW.NCA.MLEA.PC.CD","Mauritius","MUS","1995-2020",26
"NW.NCA.MLEA.PC.CD","Moldova","MDA","1995-2020",26
"NW.NCA.MLEA.PC.CD","Mongolia","MNG","1995-2012",18
"NW.NCA.MLEA.PC.CD","Montenegro","MNE","1995-2010",16
"NW.NCA.MLEA.PC.CD","Mozambique","MOZ","1995-2020",26
"NW.NCA.MLEA.PC.CD","Nepal","NPL","1995-2020",26
"NW.NCA.MLEA.PC.CD","Netherlands","NLD","1995-2020",26
"NW.NCA.MLEA.PC.CD","New Zealand","NZL","1995-2020",26
"NW.NCA.MLEA.PC.CD","Nicaragua","NIC","1995-2020",26
"NW.NCA.MLEA.PC.CD","Niger","NER","1995-2020",26
"NW.NCA.MLEA.PC.CD","Nigeria","NGA","1995-2004",10
"NW.NCA.MLEA.PC.CD","North Macedonia","MKD","2004-2005",2
"NW.NCA.MLEA.PC.CD","Norway","NOR","1998-2020",23
"NW.NCA.MLEA.PC.CD","Oman","OMN","1995-2020",26
"NW.NCA.MLEA.PC.CD","Pakistan","PAK","1995-2009",15
"NW.NCA.MLEA.PC.CD","Panama","PAN","1995-2020",26
"NW.NCA.MLEA.PC.CD","Papua New Guinea","PNG","1995-2020",26
"NW.NCA.MLEA.PC.CD","Paraguay","PRY","1995-2020",26
"NW.NCA.MLEA.PC.CD","Philippines","PHL","1995-2020",26
"NW.NCA.MLEA.PC.CD","Portugal","PRT","1995-2011",17
"NW.NCA.MLEA.PC.CD","Qatar","QAT","1995-2020",26
"NW.NCA.MLEA.PC.CD","Romania","ROU","2008, 2011, 2014-2016",5
"NW.NCA.MLEA.PC.CD","Rwanda","RWA","1995-2020",26
"NW.NCA.MLEA.PC.CD","Sao Tome and Principe","STP","1995-2020",26
"NW.NCA.MLEA.PC.CD","Saudi Arabia","SAU","1995-1998, 2005-2020",20
"NW.NCA.MLEA.PC.CD","Senegal","SEN","1995-2020",26
"NW.NCA.MLEA.PC.CD","Serbia","SRB","1995-2006, 2015",13
"NW.NCA.MLEA.PC.CD","Sierra Leone","SLE","1995-2020",26
"NW.NCA.MLEA.PC.CD","Singapore","SGP","1995-2020",26
"NW.NCA.MLEA.PC.CD","Slovak Republic","SVK","1995-2008",14
"NW.NCA.MLEA.PC.CD","Slovenia","SVN","1995-2020",26
"NW.NCA.MLEA.PC.CD","Solomon Islands","SLB","1995-2020",26
"NW.NCA.MLEA.PC.CD","Spain","ESP","2004-2008",5
"NW.NCA.MLEA.PC.CD","Sri Lanka","LKA","1995-2020",26
"NW.NCA.MLEA.PC.CD","St. Lucia","LCA","1995-2020",26
"NW.NCA.MLEA.PC.CD","Sudan","SDN","1995-2020",26
"NW.NCA.MLEA.PC.CD","Suriname","SUR","1995-2020",26
"NW.NCA.MLEA.PC.CD","Switzerland","CHE","1995-2020",26
"NW.NCA.MLEA.PC.CD","Tanzania","TZA","1995-2020",26
"NW.NCA.MLEA.PC.CD","Thailand","THA","2003-2020",18
"NW.NCA.MLEA.PC.CD","Togo","TGO","1995-2020",26
"NW.NCA.MLEA.PC.CD","Trinidad and Tobago","TTO","1995-2020",26
"NW.NCA.MLEA.PC.CD","Tunisia","TUN","2006-2020",15
"NW.NCA.MLEA.PC.CD","Uganda","UGA","1995-2020",26
"NW.NCA.MLEA.PC.CD","Ukraine","UKR","1995-2020",26
"NW.NCA.MLEA.PC.CD","United Arab Emirates","ARE","1995-2020",26
"NW.NCA.MLEA.PC.CD","United Kingdom","GBR","2003, 2011-2015",6
"NW.NCA.MLEA.PC.CD","Uruguay","URY","1995-2020",26
"NW.NCA.MLEA.PC.CD","Viet Nam","VNM","1995-1997",3
"NW.NCA.MLEA.PC.CD","Zambia","ZMB","1995-2020",26
"NW.NCA.MLEA.PC.CD","Zimbabwe","ZWE","1995-2020",26
"NW.NCA.MLEA.TO","Burkina Faso","BFA","1995-2020",26
"NW.NCA.MLEA.TO","Colombia","COL","1995-2020",26
"NW.NCA.MLEA.TO","Congo, Dem. Rep.","","1995-2020",26
"NW.NCA.MLEA.TO","Finland","FIN","1995-2020",26
"NW.NCA.MLEA.TO","Georgia","GEO","1995-2020",26
"NW.NCA.MLEA.TO","Guatemala","GTM","1995-2020",26
"NW.NCA.MLEA.TO","Japan","JPN","1995-2020",26
"NW.NCA.MLEA.TO","Montenegro","MNE","1995-2006",12
"NW.NCA.MLEA.TO","Norway","NOR","1995-2020",26
"NW.NCA.MLEA.TO","Saudi Arabia","SAU","1995-2020",26
"NW.NCA.MLEA.TO","Serbia","SRB","1995-2006",12
"NW.NCA.MLEA.TO","Sudan","SDN","1995-2011",17
"NW.NCA.MLEA.TO","Thailand","THA","1995-2020",26
"NW.NCA.MLEA.TO","Tunisia","TUN","1995-2020",26
"NW.NCA.MLEA.TO.CD","Albania","ALB","1995-2020",26
"NW.NCA.MLEA.TO.CD","Angola","AGO","1995-2020",26
"NW.NCA.MLEA.TO.CD","Armenia","ARM","1995-2020",26
"NW.NCA.MLEA.TO.CD","Austria","AUT","1995-2020",26
"NW.NCA.MLEA.TO.CD","Azerbaijan","AZE","1995-2020",26
"NW.NCA.MLEA.TO.CD","Bahrain","BHR","1995-2020",26
"NW.NCA.MLEA.TO.CD","Bangladesh","BGD","1995-2020",26
"NW.NCA.MLEA.TO.CD","Belarus","BLR","1995-2020",26
"NW.NCA.MLEA.TO.CD","Belgium","BEL","1995-2020",26
"NW.NCA.MLEA.TO.CD","Belize","BLZ","1995-2020",26
"NW.NCA.MLEA.TO.CD","Benin","BEN","1995-2020",26
"NW.NCA.MLEA.TO.CD","Bosnia and Herzegovina","BIH","1995-1996",2
"NW.NCA.MLEA.TO.CD","Botswana","BWA","1995-2020",26
"NW.NCA.MLEA.TO.CD","Burkina Faso","BFA","1995-2012, 2015-2020",24
"NW.NCA.MLEA.TO.CD","Burundi","BDI","1995-2020",26
"NW.NCA.MLEA.TO.CD","Cambodia","KHM","1995-2020",26
"NW.NCA.MLEA.TO.CD","Cameroon","CMR","1995-2020",26
"NW.NCA.MLEA.TO.CD","Central African Republic","CAF","1995-2020",26
"NW.NCA.MLEA.TO.CD","Chad","TCD","1995-2020",26
"NW.NCA.MLEA.TO.CD","Colombia","COL","2002-2020",19
"NW.NCA.MLEA.TO.CD","Comoros","COM","1995-2020",26
"NW.NCA.MLEA.TO.CD","Congo, Dem. Rep.","","1995-2011, 2017-2020",21
"NW.NCA.MLEA.TO.CD","Congo, Rep.","COG","1995-2020",26
"NW.NCA.MLEA.TO.CD","Costa Rica","CRI","1995-2020",26
"NW.NCA.MLEA.TO.CD","Cote d'Ivoire","CIV","1995-2020",26
"NW.NCA.MLEA.TO.CD","Croatia","HRV","1995-2020",26
"NW.NCA.MLEA.TO.CD","Czechia","CZE","1996-2020",25
"NW.NCA.MLEA.TO.CD","Denmark","DNK","1995-2020",26
"NW.NCA.MLEA.TO.CD","Djibouti","DJI","1995-2020",26
"NW.NCA.MLEA.TO.CD","Dominican Republic","DOM","1995-2020",26
"NW.NCA.MLEA.TO.CD","Ecuador","ECU","1995, 2002-2020",20
"NW.NCA.MLEA.TO.CD","Egypt, Arab Rep.","EGY","1995-2020",26
"NW.NCA.MLEA.TO.CD","El Salvador","SLV","1995-2020",26
"NW.NCA.MLEA.TO.CD","Estonia","EST","1995-2020",26
"NW.NCA.MLEA.TO.CD","Eswatini","SWZ","1995-2020",26
"NW.NCA.MLEA.TO.CD","Ethiopia","ETH","1995-2020",26
"NW.NCA.MLEA.TO.CD","Finland","FIN","1995, 2001-2018",19
"NW.NCA.MLEA.TO.CD","France","FRA","1995-2020",26
"NW.NCA.MLEA.TO.CD","Gabon","GAB","1995-2020",26
"NW.NCA.MLEA.TO.CD","Gambia, The","GMB","1995-2020",26
"NW.NCA.MLEA.TO.CD","Georgia","GEO","2015-2020",6
"NW.NCA.MLEA.TO.CD","Germany","DEU","1995-2020",26
"NW.NCA.MLEA.TO.CD","Ghana","GHA","1995-2020",26
"NW.NCA.MLEA.TO.CD","Greece","GRC","2004",1
"NW.NCA.MLEA.TO.CD","Guatemala","GTM","1995-2004, 2009-2020",22
"NW.NCA.MLEA.TO.CD","Guinea","GIN","1995-2020",26
"NW.NCA.MLEA.TO.CD","Guinea-Bissau","GNB","1995-2020",26
"NW.NCA.MLEA.TO.CD","Guyana","GUY","1995-2020",26
"NW.NCA.MLEA.TO.CD","Haiti","HTI","1995-2020",26
"NW.NCA.MLEA.TO.CD","Hungary","HUN","1995-2020",26
"NW.NCA.MLEA.TO.CD","Iceland","ISL","1995-2020",26
"NW.NCA.MLEA.TO.CD","Indonesia","IDN","1995-2012",18
"NW.NCA.MLEA.TO.CD","Iraq","IRQ","1995-2020",26
"NW.NCA.MLEA.TO.CD","Israel","ISR","1995-2020",26
"NW.NCA.MLEA.TO.CD","Italy","ITA","2012-2020",9
"NW.NCA.MLEA.TO.CD","Jamaica","JAM","1995-2020",26
"NW.NCA.MLEA.TO.CD","Japan","JPN","2007-2020",14
"NW.NCA.MLEA.TO.CD","Jordan","JOR","1995-2020",26
"NW.NCA.MLEA.TO.CD","Kenya","KEN","1996-2020",25
"NW.NCA.MLEA.TO.CD","Korea, Rep.","KOR","2003",1
"NW.NCA.MLEA.TO.CD","Kuwait","KWT","1995-2020",26
"NW.NCA.MLEA.TO.CD","Kyrgyz Republic","KGZ","1995-2020",26
"NW.NCA.MLEA.TO.CD","Lao PDR","LAO","1995-2006",12
"NW.NCA.MLEA.TO.CD","Latvia","LVA","1995-2020",26
"NW.NCA.MLEA.TO.CD","Lebanon","LBN","1995-2020",26
"NW.NCA.MLEA.TO.CD","Lesotho","LSO","1995-2020",26
"NW.NCA.MLEA.TO.CD","Liberia","LBR","1995-2020",26
"NW.NCA.MLEA.TO.CD","Lithuania","LTU","1995-2020",26
"NW.NCA.MLEA.TO.CD","Luxembourg","LUX","1995-2020",26
"NW.NCA.MLEA.TO.CD","Madagascar","MDG","1995-2020",26
"NW.NCA.MLEA.TO.CD","Malawi","MWI","1995-2020",26
"NW.NCA.MLEA.TO.CD","Malaysia","MYS","1995-2020",26
"NW.NCA.MLEA.TO.CD","Maldives","MDV","1995-2020",26
"NW.NCA.MLEA.TO.CD","Mali","MLI","1995-2020",26
"NW.NCA.MLEA.TO.CD","Malta","MLT","1995-2020",26
"NW.NCA.MLEA.TO.CD","Mauritania","MRT","1995-2020",26
"NW.NCA.MLEA.TO.CD","Mauritius","MUS","1995-2020",26
"NW.NCA.MLEA.TO.CD","Moldova","MDA","1995-2020",26
"NW.NCA.MLEA.TO.CD","Mongolia","MNG","1995-2012",18
"NW.NCA.MLEA.TO.CD","Montenegro","MNE","1995-2010",16
"NW.NCA.MLEA.TO.CD","Mozambique","MOZ","1995-2020",26
"NW.NCA.MLEA.TO.CD","Nepal","NPL","1995-2020",26
"NW.NCA.MLEA.TO.CD","Netherlands","NLD","1995-2020",26
"NW.NCA.MLEA.TO.CD","New Zealand","NZL","1995-2020",26
"NW.NCA.MLEA.TO.CD","Nicaragua","NIC","1995-2020",26
"NW.NCA.MLEA.TO.CD","Niger","NER","1995-2020",26
"NW.NCA.MLEA.TO.CD","Nigeria","NGA","1995-2004",10
"NW.NCA.MLEA.TO.CD","North Macedonia","MKD","2004-2005",2
"NW.NCA.MLEA.TO.CD","Norway","NOR","1998-2020",23
"NW.NCA.MLEA.TO.CD","Oman","OMN","1995-2020",26
"NW.NCA.MLEA.TO.CD","Pakistan","PAK","1995-2009",15
"NW.NCA.MLEA.TO.CD","Panama","PAN","1995-2020",26
"NW.NCA.MLEA.TO.CD","Papua New Guinea","PNG","1995-2020",26
"NW.NCA.MLEA.TO.CD","Paraguay","PRY","1995-2020",26
"NW.NCA.MLEA.TO.CD","Philippines","PHL","1995-2020",26
"NW.NCA.MLEA.TO.CD","Portugal","PRT","1995-2011",17
"NW.NCA.MLEA.TO.CD","Qatar","QAT","1995-2020",26
"NW.NCA.MLEA.TO.CD","Romania","ROU","2008, 2011, 2014-2016",5
"NW.NCA.MLEA.TO.CD","Rwanda","RWA","1995-2020",26
"NW.NCA.MLEA.TO.CD","Sao Tome and Principe","STP","1995-2020",26
"NW.NCA.MLEA.TO.CD","Saudi Arabia","SAU","1995-1998, 2005-2020",20
"NW.NCA.MLEA.TO.CD","Senegal","SEN","1995-2020",26
"NW.NCA.MLEA.TO.CD","Serbia","SRB","1995-2006, 2015",13
"NW.NCA.MLEA.TO.CD","Sierra Leone","SLE","1995-2020",26
"NW.NCA.MLEA.TO.CD","Singapore","SGP","1995-2020",26
"NW.NCA.MLEA.TO.CD","Slovak Republic","SVK","1995-2008",14
"NW.NCA.MLEA.TO.CD","Slovenia","SVN","1995-2020",26
"NW.NCA.MLEA.TO.CD","Solomon Islands","SLB","1995-2020",26
"NW.NCA.MLEA.TO.CD","Spain","ESP","2004-2008",5
"NW.NCA.MLEA.TO.CD","Sri Lanka","LKA","1995-2020",26
"NW.NCA.MLEA.TO.CD","St. Lucia","LCA","1995-2020",26
"NW.NCA.MLEA.TO.CD","Sudan","SDN","1995-2020",26
"NW.NCA.MLEA.TO.CD","Suriname","SUR","1995-2020",26
"NW.NCA.MLEA.TO.CD","Switzerland","CHE","1995-2020",26
"NW.NCA.MLEA.TO.CD","Tanzania","TZA","1995-2020",26
"NW.NCA.MLEA.TO.CD","Thailand","THA","2003-2020",18
"NW.NCA.MLEA.TO.CD","Togo","TGO","1995-2020",26
"NW.NCA.MLEA.TO.CD","Trinidad and Tobago","TTO","1995-2020",26
"NW.NCA.MLEA.TO.CD","Tunisia","TUN","2006-2020",15
"NW.NCA.MLEA.TO.CD","Uganda","UGA","1995-2020",26
"NW.NCA.MLEA.TO.CD","Ukraine","UKR","1995-2020",26
"NW.NCA.MLEA.TO.CD","United Arab Emirates","ARE","1995-2020",26
"NW.NCA.MLEA.TO.CD","United Kingdom","GBR","2003, 2011-2015",6
"NW.NCA.MLEA.TO.CD","Uruguay","URY","1995-2020",26
"NW.NCA.MLEA.TO.CD","Viet Nam","VNM","1995-1997",3
"NW.NCA.MLEA.TO.CD","Zambia","ZMB","1995-2020",26
"NW.NCA.MLEA.TO.CD","Zimbabwe","ZWE","1995-2020",26
"NW.NCA.MLIT.PC","Bolivia","BOL","1995-2020",26
"NW.NCA.MLIT.PC","Montenegro","MNE","1995-2006",12
"NW.NCA.MLIT.PC","Namibia","NAM","1995-2020",26
"NW.NCA.MLIT.PC","Nigeria","NGA","1995-2020",26
"NW.NCA.MLIT.PC","Russian Federation","RUS","1995-2020",26
"NW.NCA.MLIT.PC","Serbia","SRB","1995-2006",12
"NW.NCA.MLIT.PC","Spain","ESP","1995-2020",26
"NW.NCA.MLIT.PC","Sudan","SDN","1995-2011",17
"NW.NCA.MLIT.PC.CD","Albania","ALB","1995-2020",26
"NW.NCA.MLIT.PC.CD","Angola","AGO","1995-2020",26
"NW.NCA.MLIT.PC.CD","Armenia","ARM","1995-2020",26
"NW.NCA.MLIT.PC.CD","Austria","AUT","1995-2020",26
"NW.NCA.MLIT.PC.CD","Azerbaijan","AZE","1995-2020",26
"NW.NCA.MLIT.PC.CD","Bahrain","BHR","1995-2020",26
"NW.NCA.MLIT.PC.CD","Bangladesh","BGD","1995-2020",26
"NW.NCA.MLIT.PC.CD","Belarus","BLR","1995-2020",26
"NW.NCA.MLIT.PC.CD","Belgium","BEL","1995-2020",26
"NW.NCA.MLIT.PC.CD","Belize","BLZ","1995-2020",26
"NW.NCA.MLIT.PC.CD","Benin","BEN","1995-2020",26
"NW.NCA.MLIT.PC.CD","Bolivia","BOL","1995-2020",26
"NW.NCA.MLIT.PC.CD","Bosnia and Herzegovina","BIH","1995-2020",26
"NW.NCA.MLIT.PC.CD","Botswana","BWA","1995-2020",26
"NW.NCA.MLIT.PC.CD","Bulgaria","BGR","1995-2020",26
"NW.NCA.MLIT.PC.CD","Burkina Faso","BFA","1995-2020",26
"NW.NCA.MLIT.PC.CD","Burundi","BDI","1995-2020",26
"NW.NCA.MLIT.PC.CD","Cambodia","KHM","1995-2020",26
"NW.NCA.MLIT.PC.CD","Cameroon","CMR","1995-2020",26
"NW.NCA.MLIT.PC.CD","Canada","CAN","1995-2020",26
"NW.NCA.MLIT.PC.CD","Central African Republic","CAF","1995-2020",26
"NW.NCA.MLIT.PC.CD","Chad","TCD","1995-2020",26
"NW.NCA.MLIT.PC.CD","Colombia","COL","1995-2020",26
"NW.NCA.MLIT.PC.CD","Comoros","COM","1995-2020",26
"NW.NCA.MLIT.PC.CD","Congo, Dem. Rep.","","1995-2020",26
"NW.NCA.MLIT.PC.CD","Congo, Rep.","COG","1995-2020",26
"NW.NCA.MLIT.PC.CD","Costa Rica","CRI","1995-2020",26
"NW.NCA.MLIT.PC.CD","Cote d'Ivoire","CIV","1995-2020",26
"NW.NCA.MLIT.PC.CD","Croatia","HRV","1995-2020",26
"NW.NCA.MLIT.PC.CD","Czechia","CZE","1995-2020",26
"NW.NCA.MLIT.PC.CD","Denmark","DNK","1995-2020",26
"NW.NCA.MLIT.PC.CD","Djibouti","DJI","1995-2020",26
"NW.NCA.MLIT.PC.CD","Dominican Republic","DOM","1995-2020",26
"NW.NCA.MLIT.PC.CD","Ecuador","ECU","1995-2020",26
"NW.NCA.MLIT.PC.CD","Egypt, Arab Rep.","EGY","1995-2020",26
"NW.NCA.MLIT.PC.CD","El Salvador","SLV","1995-2020",26
"NW.NCA.MLIT.PC.CD","Estonia","EST","1995-2020",26
"NW.NCA.MLIT.PC.CD","Eswatini","SWZ","1995-2020",26
"NW.NCA.MLIT.PC.CD","Ethiopia","ETH","1995-2020",26
"NW.NCA.MLIT.PC.CD","Finland","FIN","1995-2020",26
"NW.NCA.MLIT.PC.CD","France","FRA","1995-2020",26
"NW.NCA.MLIT.PC.CD","Gabon","GAB","1995-2020",26
"NW.NCA.MLIT.PC.CD","Gambia, The","GMB","1995-2020",26
"NW.NCA.MLIT.PC.CD","Georgia","GEO","1995-2020",26
"NW.NCA.MLIT.PC.CD","Germany","DEU","1995-2020",26
"NW.NCA.MLIT.PC.CD","Ghana","GHA","1995-2020",26
"NW.NCA.MLIT.PC.CD","Greece","GRC","1995-2020",26
"NW.NCA.MLIT.PC.CD","Guatemala","GTM","1995-2020",26
"NW.NCA.MLIT.PC.CD","Guinea","GIN","1995-2020",26
"NW.NCA.MLIT.PC.CD","Guinea-Bissau","GNB","1995-2020",26
"NW.NCA.MLIT.PC.CD","Guyana","GUY","1995-2020",26
"NW.NCA.MLIT.PC.CD","Haiti","HTI","1995-2020",26
"NW.NCA.MLIT.PC.CD","Honduras","HND","1995-2020",26
"NW.NCA.MLIT.PC.CD","Hungary","HUN","1995-2020",26
"NW.NCA.MLIT.PC.CD","Iceland","ISL","1995-2020",26
"NW.NCA.MLIT.PC.CD","India","IND","1995-2020",26
"NW.NCA.MLIT.PC.CD","Indonesia","IDN","1995-2020",26
"NW.NCA.MLIT.PC.CD","Iran, Islamic Rep.","IRN","1995-2020",26
"NW.NCA.MLIT.PC.CD","Iraq","IRQ","1995-2020",26
"NW.NCA.MLIT.PC.CD","Ireland","IRL","1995-2020",26
"NW.NCA.MLIT.PC.CD","Israel","ISR","1995-2020",26
"NW.NCA.MLIT.PC.CD","Italy","ITA","1995-2020",26
"NW.NCA.MLIT.PC.CD","Jamaica","JAM","1995-2020",26
"NW.NCA.MLIT.PC.CD","Japan","JPN","1995-2020",26
"NW.NCA.MLIT.PC.CD","Jordan","JOR","1995-2020",26
"NW.NCA.MLIT.PC.CD","Kazakhstan","KAZ","1995-2020",26
"NW.NCA.MLIT.PC.CD","Kenya","KEN","1995-2020",26
"NW.NCA.MLIT.PC.CD","Korea, Rep.","KOR","1995-2020",26
"NW.NCA.MLIT.PC.CD","Kuwait","KWT","1995-2020",26
"NW.NCA.MLIT.PC.CD","Kyrgyz Republic","KGZ","1995-2020",26
"NW.NCA.MLIT.PC.CD","Lao PDR","LAO","1995-2020",26
"NW.NCA.MLIT.PC.CD","Latvia","LVA","1995-2020",26
"NW.NCA.MLIT.PC.CD","Lebanon","LBN","1995-2020",26
"NW.NCA.MLIT.PC.CD","Lesotho","LSO","1995-2020",26
"NW.NCA.MLIT.PC.CD","Liberia","LBR","1995-2020",26
"NW.NCA.MLIT.PC.CD","Lithuania","LTU","1995-2020",26
"NW.NCA.MLIT.PC.CD","Luxembourg","LUX","1995-2020",26
"NW.NCA.MLIT.PC.CD","Madagascar","MDG","1995-2020",26
"NW.NCA.MLIT.PC.CD","Malawi","MWI","1995-2020",26
"NW.NCA.MLIT.PC.CD","Malaysia","MYS","1995-2020",26
"NW.NCA.MLIT.PC.CD","Maldives","MDV","1995-2020",26
"NW.NCA.MLIT.PC.CD","Mali","MLI","1995-2020",26
"NW.NCA.MLIT.PC.CD","Malta","MLT","1995-2020",26
"NW.NCA.MLIT.PC.CD","Mauritania","MRT","1995-2020",26
"NW.NCA.MLIT.PC.CD","Mauritius","MUS","1995-2020",26
"NW.NCA.MLIT.PC.CD","Mexico","MEX","1995-2020",26
"NW.NCA.MLIT.PC.CD","Moldova","MDA","1995-2020",26
"NW.NCA.MLIT.PC.CD","Mongolia","MNG","1995-2020",26
"NW.NCA.MLIT.PC.CD","Montenegro","MNE","1995-2020",26
"NW.NCA.MLIT.PC.CD","Morocco","MAR","1995-2020",26
"NW.NCA.MLIT.PC.CD","Mozambique","MOZ","1995-2020",26
"NW.NCA.MLIT.PC.CD","Namibia","NAM","1995-2020",26
"NW.NCA.MLIT.PC.CD","Nepal","NPL","1995-2020",26
"NW.NCA.MLIT.PC.CD","Netherlands","NLD","1995-2020",26
"NW.NCA.MLIT.PC.CD","New Zealand","NZL","1995-2020",26
"NW.NCA.MLIT.PC.CD","Nicaragua","NIC","1995-2020",26
"NW.NCA.MLIT.PC.CD","Niger","NER","1995-2020",26
"NW.NCA.MLIT.PC.CD","Nigeria","NGA","1995-2020",26
"NW.NCA.MLIT.PC.CD","North Macedonia","MKD","1995-2020",26
"NW.NCA.MLIT.PC.CD","Norway","NOR","1995-2020",26
"NW.NCA.MLIT.PC.CD","Oman","OMN","1995-2020",26
"NW.NCA.MLIT.PC.CD","Pakistan","PAK","1995-2020",26
"NW.NCA.MLIT.PC.CD","Panama","PAN","1995-2020",26
"NW.NCA.MLIT.PC.CD","Papua New Guinea","PNG","1995-2020",26
"NW.NCA.MLIT.PC.CD","Paraguay","PRY","1995-2020",26
"NW.NCA.MLIT.PC.CD","Peru","PER","1995-2020",26
"NW.NCA.MLIT.PC.CD","Philippines","PHL","1995-2020",26
"NW.NCA.MLIT.PC.CD","Poland","POL","1995-2020",26
"NW.NCA.MLIT.PC.CD","Portugal","PRT","1995-2020",26
"NW.NCA.MLIT.PC.CD","Qatar","QAT","1995-2020",26
"NW.NCA.MLIT.PC.CD","Romania","ROU","1995-2020",26
"NW.NCA.MLIT.PC.CD","Russian Federation","RUS","1995-2020",26
"NW.NCA.MLIT.PC.CD","Rwanda","RWA","1995-2020",26
"NW.NCA.MLIT.PC.CD","Sao Tome and Principe","STP","1995-2020",26
"NW.NCA.MLIT.PC.CD","Saudi Arabia","SAU","1995-2020",26
"NW.NCA.MLIT.PC.CD","Senegal","SEN","1995-2020",26
"NW.NCA.MLIT.PC.CD","Serbia","SRB","1995-2020",26
"NW.NCA.MLIT.PC.CD","Sierra Leone","SLE","1995-2020",26
"NW.NCA.MLIT.PC.CD","Singapore","SGP","1995-2020",26
"NW.NCA.MLIT.PC.CD","Slovak Republic","SVK","1995-2020",26
"NW.NCA.MLIT.PC.CD","Slovenia","SVN","1995-2020",26
"NW.NCA.MLIT.PC.CD","Solomon Islands","SLB","1995-2020",26
"NW.NCA.MLIT.PC.CD","South Africa","ZAF","1995-2020",26
"NW.NCA.MLIT.PC.CD","Spain","ESP","1995-2020",26
"NW.NCA.MLIT.PC.CD","Sri Lanka","LKA","1995-2020",26
"NW.NCA.MLIT.PC.CD","St. Lucia","LCA","1995-2020",26
"NW.NCA.MLIT.PC.CD","Sudan","SDN","1995-2020",26
"NW.NCA.MLIT.PC.CD","Suriname","SUR","1995-2020",26
"NW.NCA.MLIT.PC.CD","Sweden","SWE","1995-2020",26
"NW.NCA.MLIT.PC.CD","Switzerland","CHE","1995-2020",26
"NW.NCA.MLIT.PC.CD","Tajikistan","TJK","1995-2020",26
"NW.NCA.MLIT.PC.CD","Tanzania","TZA","1995-2020",26
"NW.NCA.MLIT.PC.CD","Thailand","THA","1995-2020",26
"NW.NCA.MLIT.PC.CD","Togo","TGO","1995-2020",26
"NW.NCA.MLIT.PC.CD","Trinidad and Tobago","TTO","1995-2020",26
"NW.NCA.MLIT.PC.CD","Tunisia","TUN","1995-2020",26
"NW.NCA.MLIT.PC.CD","Turkiye","TUR","1995-2020",26
"NW.NCA.MLIT.PC.CD","Uganda","UGA","1995-2020",26
"NW.NCA.MLIT.PC.CD","Ukraine","UKR","1995-2020",26
"NW.NCA.MLIT.PC.CD","United Arab Emirates","ARE","1995-2020",26
"NW.NCA.MLIT.PC.CD","United Kingdom","GBR","1995-2020",26
"NW.NCA.MLIT.PC.CD","United States","USA","1995-2020",26
"NW.NCA.MLIT.PC.CD","Uruguay","URY","1995-2020",26
"NW.NCA.MLIT.PC.CD","Viet Nam","VNM","1995-2020",26
"NW.NCA.MLIT.PC.CD","Zambia","ZMB","1995-2020",26
"NW.NCA.MLIT.TO","Bolivia","BOL","1995-2020",26
"NW.NCA.MLIT.TO","Montenegro","MNE","1995-2006",12
"NW.NCA.MLIT.TO","Namibia","NAM","1995-2020",26
"NW.NCA.MLIT.TO","Nigeria","NGA","1995-2020",26
"NW.NCA.MLIT.TO","Russian Federation","RUS","1995-2020",26
"NW.NCA.MLIT.TO","Serbia","SRB","1995-2006",12
"NW.NCA.MLIT.TO","Spain","ESP","1995-2020",26
"NW.NCA.MLIT.TO","Sudan","SDN","1995-2011",17
"NW.NCA.MLIT.TO.CD","Albania","ALB","1995-2020",26
"NW.NCA.MLIT.TO.CD","Angola","AGO","1995-2020",26
"NW.NCA.MLIT.TO.CD","Armenia","ARM","1995-2020",26
"NW.NCA.MLIT.TO.CD","Austria","AUT","1995-2020",26
"NW.NCA.MLIT.TO.CD","Azerbaijan","AZE","1995-2020",26
"NW.NCA.MLIT.TO.CD","Bahrain","BHR","1995-2020",26
"NW.NCA.MLIT.TO.CD","Bangladesh","BGD","1995-2020",26
"NW.NCA.MLIT.TO.CD","Belarus","BLR","1995-2020",26
"NW.NCA.MLIT.TO.CD","Belgium","BEL","1995-2020",26
"NW.NCA.MLIT.TO.CD","Belize","BLZ","1995-2020",26
"NW.NCA.MLIT.TO.CD","Benin","BEN","1995-2020",26
"NW.NCA.MLIT.TO.CD","Bolivia","BOL","1995-2020",26
"NW.NCA.MLIT.TO.CD","Bosnia and Herzegovina","BIH","1995-2020",26
"NW.NCA.MLIT.TO.CD","Botswana","BWA","1995-2020",26
"NW.NCA.MLIT.TO.CD","Bulgaria","BGR","1995-2020",26
"NW.NCA.MLIT.TO.CD","Burkina Faso","BFA","1995-2020",26
"NW.NCA.MLIT.TO.CD","Burundi","BDI","1995-2020",26
"NW.NCA.MLIT.TO.CD","Cambodia","KHM","1995-2020",26
"NW.NCA.MLIT.TO.CD","Cameroon","CMR","1995-2020",26
"NW.NCA.MLIT.TO.CD","Canada","CAN","1995-2020",26
"NW.NCA.MLIT.TO.CD","Central African Republic","CAF","1995-2020",26
"NW.NCA.MLIT.TO.CD","Chad","TCD","1995-2020",26
"NW.NCA.MLIT.TO.CD","Colombia","COL","1995-2020",26
"NW.NCA.MLIT.TO.CD","Comoros","COM","1995-2020",26
"NW.NCA.MLIT.TO.CD","Congo, Dem. Rep.","","1995-2020",26
"NW.NCA.MLIT.TO.CD","Congo, Rep.","COG","1995-2020",26
"NW.NCA.MLIT.TO.CD","Costa Rica","CRI","1995-2020",26
"NW.NCA.MLIT.TO.CD","Cote d'Ivoire","CIV","1995-2020",26
"NW.NCA.MLIT.TO.CD","Croatia","HRV","1995-2020",26
"NW.NCA.MLIT.TO.CD","Czechia","CZE","1995-2020",26
"NW.NCA.MLIT.TO.CD","Denmark","DNK","1995-2020",26
"NW.NCA.MLIT.TO.CD","Djibouti","DJI","1995-2020",26
"NW.NCA.MLIT.TO.CD","Dominican Republic","DOM","1995-2020",26
"NW.NCA.MLIT.TO.CD","Ecuador","ECU","1995-2020",26
"NW.NCA.MLIT.TO.CD","Egypt, Arab Rep.","EGY","1995-2020",26
"NW.NCA.MLIT.TO.CD","El Salvador","SLV","1995-2020",26
"NW.NCA.MLIT.TO.CD","Estonia","EST","1995-2020",26
"NW.NCA.MLIT.TO.CD","Eswatini","SWZ","1995-2020",26
"NW.NCA.MLIT.TO.CD","Ethiopia","ETH","1995-2020",26
"NW.NCA.MLIT.TO.CD","Finland","FIN","1995-2020",26
"NW.NCA.MLIT.TO.CD","France","FRA","1995-2020",26
"NW.NCA.MLIT.TO.CD","Gabon","GAB","1995-2020",26
"NW.NCA.MLIT.TO.CD","Gambia, The","GMB","1995-2020",26
"NW.NCA.MLIT.TO.CD","Georgia","GEO","1995-2020",26
"NW.NCA.MLIT.TO.CD","Germany","DEU","1995-2020",26
"NW.NCA.MLIT.TO.CD","Ghana","GHA","1995-2020",26
"NW.NCA.MLIT.TO.CD","Greece","GRC","1995-2020",26
"NW.NCA.MLIT.TO.CD","Guatemala","GTM","1995-2020",26
"NW.NCA.MLIT.TO.CD","Guinea","GIN","1995-2020",26
"NW.NCA.MLIT.TO.CD","Guinea-Bissau","GNB","1995-2020",26
"NW.NCA.MLIT.TO.CD","Guyana","GUY","1995-2020",26
"NW.NCA.MLIT.TO.CD","Haiti","HTI","1995-2020",26
"NW.NCA.MLIT.TO.CD","Honduras","HND","1995-2020",26
"NW.NCA.MLIT.TO.CD","Hungary","HUN","1995-2020",26
"NW.NCA.MLIT.TO.CD","Iceland","ISL","1995-2020",26
"NW.NCA.MLIT.TO.CD","India","IND","1995-2020",26
"NW.NCA.MLIT.TO.CD","Indonesia","IDN","1995-2020",26
"NW.NCA.MLIT.TO.CD","Iran, Islamic Rep.","IRN","1995-2020",26
"NW.NCA.MLIT.TO.CD","Iraq","IRQ","1995-2020",26
"NW.NCA.MLIT.TO.CD","Ireland","IRL","1995-2020",26
"NW.NCA.MLIT.TO.CD","Israel","ISR","1995-2020",26
"NW.NCA.MLIT.TO.CD","Italy","ITA","1995-2020",26
"NW.NCA.MLIT.TO.CD","Jamaica","JAM","1995-2020",26
"NW.NCA.MLIT.TO.CD","Japan","JPN","1995-2020",26
"NW.NCA.MLIT.TO.CD","Jordan","JOR","1995-2020",26
"NW.NCA.MLIT.TO.CD","Kazakhstan","KAZ","1995-2020",26
"NW.NCA.MLIT.TO.CD","Kenya","KEN","1995-2020",26
"NW.NCA.MLIT.TO.CD","Korea, Rep.","KOR","1995-2020",26
"NW.NCA.MLIT.TO.CD","Kuwait","KWT","1995-2020",26
"NW.NCA.MLIT.TO.CD","Kyrgyz Republic","KGZ","1995-2020",26
"NW.NCA.MLIT.TO.CD","Lao PDR","LAO","1995-2020",26
"NW.NCA.MLIT.TO.CD","Latvia","LVA","1995-2020",26
"NW.NCA.MLIT.TO.CD","Lebanon","LBN","1995-2020",26
"NW.NCA.MLIT.TO.CD","Lesotho","LSO","1995-2020",26
"NW.NCA.MLIT.TO.CD","Liberia","LBR","1995-2020",26
"NW.NCA.MLIT.TO.CD","Lithuania","LTU","1995-2020",26
"NW.NCA.MLIT.TO.CD","Luxembourg","LUX","1995-2020",26
"NW.NCA.MLIT.TO.CD","Madagascar","MDG","1995-2020",26
"NW.NCA.MLIT.TO.CD","Malawi","MWI","1995-2020",26
"NW.NCA.MLIT.TO.CD","Malaysia","MYS","1995-2020",26
"NW.NCA.MLIT.TO.CD","Maldives","MDV","1995-2020",26
"NW.NCA.MLIT.TO.CD","Mali","MLI","1995-2020",26
"NW.NCA.MLIT.TO.CD","Malta","MLT","1995-2020",26
"NW.NCA.MLIT.TO.CD","Mauritania","MRT","1995-2020",26
"NW.NCA.MLIT.TO.CD","Mauritius","MUS","1995-2020",26
"NW.NCA.MLIT.TO.CD","Mexico","MEX","1995-2020",26
"NW.NCA.MLIT.TO.CD","Moldova","MDA","1995-2020",26
"NW.NCA.MLIT.TO.CD","Mongolia","MNG","1995-2020",26
"NW.NCA.MLIT.TO.CD","Montenegro","MNE","1995-2020",26
"NW.NCA.MLIT.TO.CD","Morocco","MAR","1995-2020",26
"NW.NCA.MLIT.TO.CD","Mozambique","MOZ","1995-2020",26
"NW.NCA.MLIT.TO.CD","Namibia","NAM","1995-2020",26
"NW.NCA.MLIT.TO.CD","Nepal","NPL","1995-2020",26
"NW.NCA.MLIT.TO.CD","Netherlands","NLD","1995-2020",26
"NW.NCA.MLIT.TO.CD","New Zealand","NZL","1995-2020",26
"NW.NCA.MLIT.TO.CD","Nicaragua","NIC","1995-2020",26
"NW.NCA.MLIT.TO.CD","Niger","NER","1995-2020",26
"NW.NCA.MLIT.TO.CD","Nigeria","NGA","1995-2020",26
"NW.NCA.MLIT.TO.CD","North Macedonia","MKD","1995-2020",26
"NW.NCA.MLIT.TO.CD","Norway","NOR","1995-2020",26
"NW.NCA.MLIT.TO.CD","Oman","OMN","1995-2020",26
"NW.NCA.MLIT.TO.CD","Pakistan","PAK","1995-2020",26
"NW.NCA.MLIT.TO.CD","Panama","PAN","1995-2020",26
"NW.NCA.MLIT.TO.CD","Papua New Guinea","PNG","1995-2020",26
"NW.NCA.MLIT.TO.CD","Paraguay","PRY","1995-2020",26
"NW.NCA.MLIT.TO.CD","Peru","PER","1995-2020",26
"NW.NCA.MLIT.TO.CD","Philippines","PHL","1995-2020",26
"NW.NCA.MLIT.TO.CD","Poland","POL","1995-2020",26
"NW.NCA.MLIT.TO.CD","Portugal","PRT","1995-2020",26
"NW.NCA.MLIT.TO.CD","Qatar","QAT","1995-2020",26
"NW.NCA.MLIT.TO.CD","Romania","ROU","1995-2020",26
"NW.NCA.MLIT.TO.CD","Russian Federation","RUS","1995-2020",26
"NW.NCA.MLIT.TO.CD","Rwanda","RWA","1995-2020",26
"NW.NCA.MLIT.TO.CD","Sao Tome and Principe","STP","1995-2020",26
"NW.NCA.MLIT.TO.CD","Saudi Arabia","SAU","1995-2020",26
"NW.NCA.MLIT.TO.CD","Senegal","SEN","1995-2020",26
"NW.NCA.MLIT.TO.CD","Serbia","SRB","1995-2020",26
"NW.NCA.MLIT.TO.CD","Sierra Leone","SLE","1995-2020",26
"NW.NCA.MLIT.TO.CD","Singapore","SGP","1995-2020",26
"NW.NCA.MLIT.TO.CD","Slovak Republic","SVK","1995-2020",26
"NW.NCA.MLIT.TO.CD","Slovenia","SVN","1995-2020",26
"NW.NCA.MLIT.TO.CD","Solomon Islands","SLB","1995-2020",26
"NW.NCA.MLIT.TO.CD","South Africa","ZAF","1995-2020",26
"NW.NCA.MLIT.TO.CD","Spain","ESP","1995-2020",26
"NW.NCA.MLIT.TO.CD","Sri Lanka","LKA","1995-2020",26
"NW.NCA.MLIT.TO.CD","St. Lucia","LCA","1995-2020",26
"NW.NCA.MLIT.TO.CD","Sudan","SDN","1995-2020",26
"NW.NCA.MLIT.TO.CD","Suriname","SUR","1995-2020",26
"NW.NCA.MLIT.TO.CD","Sweden","SWE","1995-2020",26
"NW.NCA.MLIT.TO.CD","Switzerland","CHE","1995-2020",26
"NW.NCA.MLIT.TO.CD","Tajikistan","TJK","1995-2020",26
"NW.NCA.MLIT.TO.CD","Tanzania","TZA","1995-2020",26
"NW.NCA.MLIT.TO.CD","Thailand","THA","1995-2020",26
"NW.NCA.MLIT.TO.CD","Togo","TGO","1995-2020",26
"NW.NCA.MLIT.TO.CD","Trinidad and Tobago","TTO","1995-2020",26
"NW.NCA.MLIT.TO.CD","Tunisia","TUN","1995-2020",26
"NW.NCA.MLIT.TO.CD","Turkiye","TUR","1995-2020",26
"NW.NCA.MLIT.TO.CD","Uganda","UGA","1995-2020",26
"NW.NCA.MLIT.TO.CD","Ukraine","UKR","1995-2020",26
"NW.NCA.MLIT.TO.CD","United Arab Emirates","ARE","1995-2020",26
"NW.NCA.MLIT.TO.CD","United Kingdom","GBR","1995-2020",26
"NW.NCA.MLIT.TO.CD","United States","USA","1995-2020",26
"NW.NCA.MLIT.TO.CD","Uruguay","URY","1995-2020",26
"NW.NCA.MLIT.TO.CD","Viet Nam","VNM","1995-2020",26
"NW.NCA.MLIT.TO.CD","Zambia","ZMB","1995-2020",26
"NW.NCA.MMOL.PC","Brazil","BRA","1995-2020",26
"NW.NCA.MMOL.PC","Bulgaria","BGR","1995-2020",26
"NW.NCA.MMOL.PC","Korea, Rep.","KOR","1995-2020",26
"NW.NCA.MMOL.PC","Montenegro","MNE","1995-2006",12
"NW.NCA.MMOL.PC","Norway","NOR","1995-2020",26
"NW.NCA.MMOL.PC","Poland","POL","1995-2020",26
"NW.NCA.MMOL.PC","Serbia","SRB","1995-2006",12
"NW.NCA.MMOL.PC","Sudan","SDN","1995-2011",17
"NW.NCA.MMOL.PC.CD","Albania","ALB","1995-2020",26
"NW.NCA.MMOL.PC.CD","Angola","AGO","1995-2020",26
"NW.NCA.MMOL.PC.CD","Argentina","ARG","1995-2011, 2019-2020",19
"NW.NCA.MMOL.PC.CD","Australia","AUS","1995-2020",26
"NW.NCA.MMOL.PC.CD","Austria","AUT","1995-2020",26
"NW.NCA.MMOL.PC.CD","Azerbaijan","AZE","1995-2020",26
"NW.NCA.MMOL.PC.CD","Bahrain","BHR","1995-2020",26
"NW.NCA.MMOL.PC.CD","Bangladesh","BGD","1995-2020",26
"NW.NCA.MMOL.PC.CD","Belarus","BLR","1995-2020",26
"NW.NCA.MMOL.PC.CD","Belgium","BEL","1995-2020",26
"NW.NCA.MMOL.PC.CD","Belize","BLZ","1995-2020",26
"NW.NCA.MMOL.PC.CD","Benin","BEN","1995-2020",26
"NW.NCA.MMOL.PC.CD","Bolivia","BOL","1995-2020",26
"NW.NCA.MMOL.PC.CD","Bosnia and Herzegovina","BIH","1995-2020",26
"NW.NCA.MMOL.PC.CD","Botswana","BWA","1995-2020",26
"NW.NCA.MMOL.PC.CD","Brazil","BRA","1995-2007",13
"NW.NCA.MMOL.PC.CD","Bulgaria","BGR","1998-2020",23
"NW.NCA.MMOL.PC.CD","Burkina Faso","BFA","1995-2020",26
"NW.NCA.MMOL.PC.CD","Burundi","BDI","1995-2020",26
"NW.NCA.MMOL.PC.CD","Cambodia","KHM","1995-2020",26
"NW.NCA.MMOL.PC.CD","Cameroon","CMR","1995-2020",26
"NW.NCA.MMOL.PC.CD","Central African Republic","CAF","1995-2020",26
"NW.NCA.MMOL.PC.CD","Chad","TCD","1995-2020",26
"NW.NCA.MMOL.PC.CD","Colombia","COL","1995-2020",26
"NW.NCA.MMOL.PC.CD","Comoros","COM","1995-2020",26
"NW.NCA.MMOL.PC.CD","Congo, Dem. Rep.","","1995-2020",26
"NW.NCA.MMOL.PC.CD","Congo, Rep.","COG","1995-2020",26
"NW.NCA.MMOL.PC.CD","Costa Rica","CRI","1995-2020",26
"NW.NCA.MMOL.PC.CD","Cote d'Ivoire","CIV","1995-2020",26
"NW.NCA.MMOL.PC.CD","Croatia","HRV","1995-2020",26
"NW.NCA.MMOL.PC.CD","Czechia","CZE","1995-2020",26
"NW.NCA.MMOL.PC.CD","Denmark","DNK","1995-2020",26
"NW.NCA.MMOL.PC.CD","Djibouti","DJI","1995-2020",26
"NW.NCA.MMOL.PC.CD","Dominican Republic","DOM","1995-2020",26
"NW.NCA.MMOL.PC.CD","Ecuador","ECU","1995-2020",26
"NW.NCA.MMOL.PC.CD","Egypt, Arab Rep.","EGY","1995-2020",26
"NW.NCA.MMOL.PC.CD","El Salvador","SLV","1995-2020",26
"NW.NCA.MMOL.PC.CD","Estonia","EST","1995-2020",26
"NW.NCA.MMOL.PC.CD","Eswatini","SWZ","1995-2020",26
"NW.NCA.MMOL.PC.CD","Ethiopia","ETH","1995-2020",26
"NW.NCA.MMOL.PC.CD","Finland","FIN","1995-2020",26
"NW.NCA.MMOL.PC.CD","France","FRA","1995-2020",26
"NW.NCA.MMOL.PC.CD","Gabon","GAB","1995-2020",26
"NW.NCA.MMOL.PC.CD","Gambia, The","GMB","1995-2020",26
"NW.NCA.MMOL.PC.CD","Georgia","GEO","1995-2020",26
"NW.NCA.MMOL.PC.CD","Germany","DEU","1995-2020",26
"NW.NCA.MMOL.PC.CD","Ghana","GHA","1995-2020",26
"NW.NCA.MMOL.PC.CD","Greece","GRC","1995-2020",26
"NW.NCA.MMOL.PC.CD","Guatemala","GTM","1995-2020",26
"NW.NCA.MMOL.PC.CD","Guinea","GIN","1995-2020",26
"NW.NCA.MMOL.PC.CD","Guinea-Bissau","GNB","1995-2020",26
"NW.NCA.MMOL.PC.CD","Guyana","GUY","1995-2020",26
"NW.NCA.MMOL.PC.CD","Haiti","HTI","1995-2020",26
"NW.NCA.MMOL.PC.CD","Honduras","HND","1995-2020",26
"NW.NCA.MMOL.PC.CD","Hungary","HUN","1995-2020",26
"NW.NCA.MMOL.PC.CD","Iceland","ISL","1995-2020",26
"NW.NCA.MMOL.PC.CD","India","IND","1995-2020",26
"NW.NCA.MMOL.PC.CD","Indonesia","IDN","1995-2020",26
"NW.NCA.MMOL.PC.CD","Iraq","IRQ","1995-2020",26
"NW.NCA.MMOL.PC.CD","Ireland","IRL","1995-2020",26
"NW.NCA.MMOL.PC.CD","Israel","ISR","1995-2020",26
"NW.NCA.MMOL.PC.CD","Italy","ITA","1995-2020",26
"NW.NCA.MMOL.PC.CD","Jamaica","JAM","1995-2020",26
"NW.NCA.MMOL.PC.CD","Japan","JPN","1996-2020",25
"NW.NCA.MMOL.PC.CD","Jordan","JOR","1995-2020",26
"NW.NCA.MMOL.PC.CD","Kazakhstan","KAZ","2011-2020",10
"NW.NCA.MMOL.PC.CD","Kenya","KEN","1995-2020",26
"NW.NCA.MMOL.PC.CD","Korea, Rep.","KOR","1995-2019",25
"NW.NCA.MMOL.PC.CD","Kuwait","KWT","1995-2020",26
"NW.NCA.MMOL.PC.CD","Kyrgyz Republic","KGZ","1995-1999, 2012-2020",14
"NW.NCA.MMOL.PC.CD","Lao PDR","LAO","1995-2020",26
"NW.NCA.MMOL.PC.CD","Latvia","LVA","1995-2020",26
"NW.NCA.MMOL.PC.CD","Lebanon","LBN","1995-2020",26
"NW.NCA.MMOL.PC.CD","Lesotho","LSO","1995-2020",26
"NW.NCA.MMOL.PC.CD","Liberia","LBR","1995-2020",26
"NW.NCA.MMOL.PC.CD","Lithuania","LTU","1995-2020",26
"NW.NCA.MMOL.PC.CD","Luxembourg","LUX","1995-2020",26
"NW.NCA.MMOL.PC.CD","Madagascar","MDG","1995-2020",26
"NW.NCA.MMOL.PC.CD","Malawi","MWI","1995-2020",26
"NW.NCA.MMOL.PC.CD","Malaysia","MYS","1995-2020",26
"NW.NCA.MMOL.PC.CD","Maldives","MDV","1995-2020",26
"NW.NCA.MMOL.PC.CD","Mali","MLI","1995-2020",26
"NW.NCA.MMOL.PC.CD","Malta","MLT","1995-2020",26
"NW.NCA.MMOL.PC.CD","Mauritania","MRT","1995-2020",26
"NW.NCA.MMOL.PC.CD","Mauritius","MUS","1995-2020",26
"NW.NCA.MMOL.PC.CD","Moldova","MDA","1995-2020",26
"NW.NCA.MMOL.PC.CD","Montenegro","MNE","1995-2020",26
"NW.NCA.MMOL.PC.CD","Morocco","MAR","1995-2020",26
"NW.NCA.MMOL.PC.CD","Mozambique","MOZ","1995-2020",26
"NW.NCA.MMOL.PC.CD","Namibia","NAM","1995-2020",26
"NW.NCA.MMOL.PC.CD","Nepal","NPL","1995-2020",26
"NW.NCA.MMOL.PC.CD","Netherlands","NLD","1995-2020",26
"NW.NCA.MMOL.PC.CD","New Zealand","NZL","1995-2020",26
"NW.NCA.MMOL.PC.CD","Nicaragua","NIC","1995-2020",26
"NW.NCA.MMOL.PC.CD","Niger","NER","1995-2020",26
"NW.NCA.MMOL.PC.CD","Nigeria","NGA","1995-2020",26
"NW.NCA.MMOL.PC.CD","North Macedonia","MKD","1995-2020",26
"NW.NCA.MMOL.PC.CD","Norway","NOR","1995-2011",17
"NW.NCA.MMOL.PC.CD","Oman","OMN","1995-2020",26
"NW.NCA.MMOL.PC.CD","Pakistan","PAK","1995-2020",26
"NW.NCA.MMOL.PC.CD","Panama","PAN","1995-2020",26
"NW.NCA.MMOL.PC.CD","Papua New Guinea","PNG","1995-2020",26
"NW.NCA.MMOL.PC.CD","Paraguay","PRY","1995-2020",26
"NW.NCA.MMOL.PC.CD","Philippines","PHL","1995-2020",26
"NW.NCA.MMOL.PC.CD","Poland","POL","1995-2012",18
"NW.NCA.MMOL.PC.CD","Portugal","PRT","1995-2020",26
"NW.NCA.MMOL.PC.CD","Qatar","QAT","1995-2020",26
"NW.NCA.MMOL.PC.CD","Romania","ROU","1995-2020",26
"NW.NCA.MMOL.PC.CD","Rwanda","RWA","1995-2020",26
"NW.NCA.MMOL.PC.CD","Sao Tome and Principe","STP","1995-2020",26
"NW.NCA.MMOL.PC.CD","Saudi Arabia","SAU","1995-2020",26
"NW.NCA.MMOL.PC.CD","Senegal","SEN","1995-2020",26
"NW.NCA.MMOL.PC.CD","Serbia","SRB","1995-2020",26
"NW.NCA.MMOL.PC.CD","Sierra Leone","SLE","1995-2020",26
"NW.NCA.MMOL.PC.CD","Singapore","SGP","1995-2020",26
"NW.NCA.MMOL.PC.CD","Slovak Republic","SVK","1995-2020",26
"NW.NCA.MMOL.PC.CD","Slovenia","SVN","1995-2020",26
"NW.NCA.MMOL.PC.CD","Solomon Islands","SLB","1995-2020",26
"NW.NCA.MMOL.PC.CD","South Africa","ZAF","1995-2020",26
"NW.NCA.MMOL.PC.CD","Spain","ESP","1995-2020",26
"NW.NCA.MMOL.PC.CD","Sri Lanka","LKA","1995-2020",26
"NW.NCA.MMOL.PC.CD","St. Lucia","LCA","1995-2020",26
"NW.NCA.MMOL.PC.CD","Sudan","SDN","1995-2020",26
"NW.NCA.MMOL.PC.CD","Suriname","SUR","1995-2020",26
"NW.NCA.MMOL.PC.CD","Sweden","SWE","1995-2020",26
"NW.NCA.MMOL.PC.CD","Switzerland","CHE","1995-2020",26
"NW.NCA.MMOL.PC.CD","Tajikistan","TJK","1995-2020",26
"NW.NCA.MMOL.PC.CD","Tanzania","TZA","1995-2020",26
"NW.NCA.MMOL.PC.CD","Thailand","THA","1995-2020",26
"NW.NCA.MMOL.PC.CD","Togo","TGO","1995-2020",26
"NW.NCA.MMOL.PC.CD","Trinidad and Tobago","TTO","1995-2020",26
"NW.NCA.MMOL.PC.CD","Tunisia","TUN","1995-2020",26
"NW.NCA.MMOL.PC.CD","Turkiye","TUR","1995-2011, 2020",18
"NW.NCA.MMOL.PC.CD","Uganda","UGA","1995-2020",26
"NW.NCA.MMOL.PC.CD","Ukraine","UKR","1995-2020",26
"NW.NCA.MMOL.PC.CD","United Arab Emirates","ARE","1995-2020",26
"NW.NCA.MMOL.PC.CD","United Kingdom","GBR","1995-2020",26
"NW.NCA.MMOL.PC.CD","Uruguay","URY","1995-2020",26
"NW.NCA.MMOL.PC.CD","Viet Nam","VNM","1995-2020",26
"NW.NCA.MMOL.PC.CD","Zambia","ZMB","1995-2020",26
"NW.NCA.MMOL.PC.CD","Zimbabwe","ZWE","1995-2020",26
"NW.NCA.MMOL.TO","Brazil","BRA","1995-2020",26
"NW.NCA.MMOL.TO","Bulgaria","BGR","1995-2020",26
"NW.NCA.MMOL.TO","Korea, Rep.","KOR","1995-2020",26
"NW.NCA.MMOL.TO","Montenegro","MNE","1995-2006",12
"NW.NCA.MMOL.TO","Norway","NOR","1995-2020",26
"NW.NCA.MMOL.TO","Poland","POL","1995-2020",26
"NW.NCA.MMOL.TO","Serbia","SRB","1995-2006",12
"NW.NCA.MMOL.TO","Sudan","SDN","1995-2011",17
"NW.NCA.MMOL.TO.CD","Albania","ALB","1995-2020",26
"NW.NCA.MMOL.TO.CD","Angola","AGO","1995-2020",26
"NW.NCA.MMOL.TO.CD","Argentina","ARG","1995-2011, 2019-2020",19
"NW.NCA.MMOL.TO.CD","Australia","AUS","1995-2020",26
"NW.NCA.MMOL.TO.CD","Austria","AUT","1995-2020",26
"NW.NCA.MMOL.TO.CD","Azerbaijan","AZE","1995-2020",26
"NW.NCA.MMOL.TO.CD","Bahrain","BHR","1995-2020",26
"NW.NCA.MMOL.TO.CD","Bangladesh","BGD","1995-2020",26
"NW.NCA.MMOL.TO.CD","Belarus","BLR","1995-2020",26
"NW.NCA.MMOL.TO.CD","Belgium","BEL","1995-2020",26
"NW.NCA.MMOL.TO.CD","Belize","BLZ","1995-2020",26
"NW.NCA.MMOL.TO.CD","Benin","BEN","1995-2020",26
"NW.NCA.MMOL.TO.CD","Bolivia","BOL","1995-2020",26
"NW.NCA.MMOL.TO.CD","Bosnia and Herzegovina","BIH","1995-2020",26
"NW.NCA.MMOL.TO.CD","Botswana","BWA","1995-2020",26
"NW.NCA.MMOL.TO.CD","Brazil","BRA","1995-2007",13
"NW.NCA.MMOL.TO.CD","Bulgaria","BGR","1998-2020",23
"NW.NCA.MMOL.TO.CD","Burkina Faso","BFA","1995-2020",26
"NW.NCA.MMOL.TO.CD","Burundi","BDI","1995-2020",26
"NW.NCA.MMOL.TO.CD","Cambodia","KHM","1995-2020",26
"NW.NCA.MMOL.TO.CD","Cameroon","CMR","1995-2020",26
"NW.NCA.MMOL.TO.CD","Central African Republic","CAF","1995-2020",26
"NW.NCA.MMOL.TO.CD","Chad","TCD","1995-2020",26
"NW.NCA.MMOL.TO.CD","Colombia","COL","1995-2020",26
"NW.NCA.MMOL.TO.CD","Comoros","COM","1995-2020",26
"NW.NCA.MMOL.TO.CD","Congo, Dem. Rep.","","1995-2020",26
"NW.NCA.MMOL.TO.CD","Congo, Rep.","COG","1995-2020",26
"NW.NCA.MMOL.TO.CD","Costa Rica","CRI","1995-2020",26
"NW.NCA.MMOL.TO.CD","Cote d'Ivoire","CIV","1995-2020",26
"NW.NCA.MMOL.TO.CD","Croatia","HRV","1995-2020",26
"NW.NCA.MMOL.TO.CD","Czechia","CZE","1995-2020",26
"NW.NCA.MMOL.TO.CD","Denmark","DNK","1995-2020",26
"NW.NCA.MMOL.TO.CD","Djibouti","DJI","1995-2020",26
"NW.NCA.MMOL.TO.CD","Dominican Republic","DOM","1995-2020",26
"NW.NCA.MMOL.TO.CD","Ecuador","ECU","1995-2020",26
"NW.NCA.MMOL.TO.CD","Egypt, Arab Rep.","EGY","1995-2020",26
"NW.NCA.MMOL.TO.CD","El Salvador","SLV","1995-2020",26
"NW.NCA.MMOL.TO.CD","Estonia","EST","1995-2020",26
"NW.NCA.MMOL.TO.CD","Eswatini","SWZ","1995-2020",26
"NW.NCA.MMOL.TO.CD","Ethiopia","ETH","1995-2020",26
"NW.NCA.MMOL.TO.CD","Finland","FIN","1995-2020",26
"NW.NCA.MMOL.TO.CD","France","FRA","1995-2020",26
"NW.NCA.MMOL.TO.CD","Gabon","GAB","1995-2020",26
"NW.NCA.MMOL.TO.CD","Gambia, The","GMB","1995-2020",26
"NW.NCA.MMOL.TO.CD","Georgia","GEO","1995-2020",26
"NW.NCA.MMOL.TO.CD","Germany","DEU","1995-2020",26
"NW.NCA.MMOL.TO.CD","Ghana","GHA","1995-2020",26
"NW.NCA.MMOL.TO.CD","Greece","GRC","1995-2020",26
"NW.NCA.MMOL.TO.CD","Guatemala","GTM","1995-2020",26
"NW.NCA.MMOL.TO.CD","Guinea","GIN","1995-2020",26
"NW.NCA.MMOL.TO.CD","Guinea-Bissau","GNB","1995-2020",26
"NW.NCA.MMOL.TO.CD","Guyana","GUY","1995-2020",26
"NW.NCA.MMOL.TO.CD","Haiti","HTI","1995-2020",26
"NW.NCA.MMOL.TO.CD","Honduras","HND","1995-2020",26
"NW.NCA.MMOL.TO.CD","Hungary","HUN","1995-2020",26
"NW.NCA.MMOL.TO.CD","Iceland","ISL","1995-2020",26
"NW.NCA.MMOL.TO.CD","India","IND","1995-2020",26
"NW.NCA.MMOL.TO.CD","Indonesia","IDN","1995-2020",26
"NW.NCA.MMOL.TO.CD","Iraq","IRQ","1995-2020",26
"NW.NCA.MMOL.TO.CD","Ireland","IRL","1995-2020",26
"NW.NCA.MMOL.TO.CD","Israel","ISR","1995-2020",26
"NW.NCA.MMOL.TO.CD","Italy","ITA","1995-2020",26
"NW.NCA.MMOL.TO.CD","Jamaica","JAM","1995-2020",26
"NW.NCA.MMOL.TO.CD","Japan","JPN","1996-2020",25
"NW.NCA.MMOL.TO.CD","Jordan","JOR","1995-2020",26
"NW.NCA.MMOL.TO.CD","Kazakhstan","KAZ","2011-2020",10
"NW.NCA.MMOL.TO.CD","Kenya","KEN","1995-2020",26
"NW.NCA.MMOL.TO.CD","Korea, Rep.","KOR","1995-2019",25
"NW.NCA.MMOL.TO.CD","Kuwait","KWT","1995-2020",26
"NW.NCA.MMOL.TO.CD","Kyrgyz Republic","KGZ","1995-1999, 2012-2020",14
"NW.NCA.MMOL.TO.CD","Lao PDR","LAO","1995-2020",26
"NW.NCA.MMOL.TO.CD","Latvia","LVA","1995-2020",26
"NW.NCA.MMOL.TO.CD","Lebanon","LBN","1995-2020",26
"NW.NCA.MMOL.TO.CD","Lesotho","LSO","1995-2020",26
"NW.NCA.MMOL.TO.CD","Liberia","LBR","1995-2020",26
"NW.NCA.MMOL.TO.CD","Lithuania","LTU","1995-2020",26
"NW.NCA.MMOL.TO.CD","Luxembourg","LUX","1995-2020",26
"NW.NCA.MMOL.TO.CD","Madagascar","MDG","1995-2020",26
"NW.NCA.MMOL.TO.CD","Malawi","MWI","1995-2020",26
"NW.NCA.MMOL.TO.CD","Malaysia","MYS","1995-2020",26
"NW.NCA.MMOL.TO.CD","Maldives","MDV","1995-2020",26
"NW.NCA.MMOL.TO.CD","Mali","MLI","1995-2020",26
"NW.NCA.MMOL.TO.CD","Malta","MLT","1995-2020",26
"NW.NCA.MMOL.TO.CD","Mauritania","MRT","1995-2020",26
"NW.NCA.MMOL.TO.CD","Mauritius","MUS","1995-2020",26
"NW.NCA.MMOL.TO.CD","Moldova","MDA","1995-2020",26
"NW.NCA.MMOL.TO.CD","Montenegro","MNE","1995-2020",26
"NW.NCA.MMOL.TO.CD","Morocco","MAR","1995-2020",26
"NW.NCA.MMOL.TO.CD","Mozambique","MOZ","1995-2020",26
"NW.NCA.MMOL.TO.CD","Namibia","NAM","1995-2020",26
"NW.NCA.MMOL.TO.CD","Nepal","NPL","1995-2020",26
"NW.NCA.MMOL.TO.CD","Netherlands","NLD","1995-2020",26
"NW.NCA.MMOL.TO.CD","New Zealand","NZL","1995-2020",26
"NW.NCA.MMOL.TO.CD","Nicaragua","NIC","1995-2020",26
"NW.NCA.MMOL.TO.CD","Niger","NER","1995-2020",26
"NW.NCA.MMOL.TO.CD","Nigeria","NGA","1995-2020",26
"NW.NCA.MMOL.TO.CD","North Macedonia","MKD","1995-2020",26
"NW.NCA.MMOL.TO.CD","Norway","NOR","1995-2011",17
"NW.NCA.MMOL.TO.CD","Oman","OMN","1995-2020",26
"NW.NCA.MMOL.TO.CD","Pakistan","PAK","1995-2020",26
"NW.NCA.MMOL.TO.CD","Panama","PAN","1995-2020",26
"NW.NCA.MMOL.TO.CD","Papua New Guinea","PNG","1995-2020",26
"NW.NCA.MMOL.TO.CD","Paraguay","PRY","1995-2020",26
"NW.NCA.MMOL.TO.CD","Philippines","PHL","1995-2020",26
"NW.NCA.MMOL.TO.CD","Poland","POL","1995-2012",18
"NW.NCA.MMOL.TO.CD","Portugal","PRT","1995-2020",26
"NW.NCA.MMOL.TO.CD","Qatar","QAT","1995-2020",26
"NW.NCA.MMOL.TO.CD","Romania","ROU","1995-2020",26
"NW.NCA.MMOL.TO.CD","Rwanda","RWA","1995-2020",26
"NW.NCA.MMOL.TO.CD","Sao Tome and Principe","STP","1995-2020",26
"NW.NCA.MMOL.TO.CD","Saudi Arabia","SAU","1995-2020",26
"NW.NCA.MMOL.TO.CD","Senegal","SEN","1995-2020",26
"NW.NCA.MMOL.TO.CD","Serbia","SRB","1995-2020",26
"NW.NCA.MMOL.TO.CD","Sierra Leone","SLE","1995-2020",26
"NW.NCA.MMOL.TO.CD","Singapore","SGP","1995-2020",26
"NW.NCA.MMOL.TO.CD","Slovak Republic","SVK","1995-2020",26
"NW.NCA.MMOL.TO.CD","Slovenia","SVN","1995-2020",26
"NW.NCA.MMOL.TO.CD","Solomon Islands","SLB","1995-2020",26
"NW.NCA.MMOL.TO.CD","South Africa","ZAF","1995-2020",26
"NW.NCA.MMOL.TO.CD","Spain","ESP","1995-2020",26
"NW.NCA.MMOL.TO.CD","Sri Lanka","LKA","1995-2020",26
"NW.NCA.MMOL.TO.CD","St. Lucia","LCA","1995-2020",26
"NW.NCA.MMOL.TO.CD","Sudan","SDN","1995-2020",26
"NW.NCA.MMOL.TO.CD","Suriname","SUR","1995-2020",26
"NW.NCA.MMOL.TO.CD","Sweden","SWE","1995-2020",26
"NW.NCA.MMOL.TO.CD","Switzerland","CHE","1995-2020",26
"NW.NCA.MMOL.TO.CD","Tajikistan","TJK","1995-2020",26
"NW.NCA.MMOL.TO.CD","Tanzania","TZA","1995-2020",26
"NW.NCA.MMOL.TO.CD","Thailand","THA","1995-2020",26
"NW.NCA.MMOL.TO.CD","Togo","TGO","1995-2020",26
"NW.NCA.MMOL.TO.CD","Trinidad and Tobago","TTO","1995-2020",26
"NW.NCA.MMOL.TO.CD","Tunisia","TUN","1995-2020",26
"NW.NCA.MMOL.TO.CD","Turkiye","TUR","1995-2011, 2020",18
"NW.NCA.MMOL.TO.CD","Uganda","UGA","1995-2020",26
"NW.NCA.MMOL.TO.CD","Ukraine","UKR","1995-2020",26
"NW.NCA.MMOL.TO.CD","United Arab Emirates","ARE","1995-2020",26
"NW.NCA.MMOL.TO.CD","United Kingdom","GBR","1995-2020",26
"NW.NCA.MMOL.TO.CD","Uruguay","URY","1995-2020",26
"NW.NCA.MMOL.TO.CD","Viet Nam","VNM","1995-2020",26
"NW.NCA.MMOL.TO.CD","Zambia","ZMB","1995-2020",26
"NW.NCA.MMOL.TO.CD","Zimbabwe","ZWE","1995-2020",26
"NW.NCA.MNIC.PC","Botswana","BWA","1995-2020",26
"NW.NCA.MNIC.PC","Kazakhstan","KAZ","1995-2020",26
"NW.NCA.MNIC.PC","Montenegro","MNE","1995-2006",12
"NW.NCA.MNIC.PC","North Macedonia","MKD","1995-2020",26
"NW.NCA.MNIC.PC","Serbia","SRB","1995-2006",12
"NW.NCA.MNIC.PC","Spain","ESP","1995-2020",26
"NW.NCA.MNIC.PC","Sudan","SDN","1995-2011",17
"NW.NCA.MNIC.PC","Ukraine","UKR","1995-2020",26
"NW.NCA.MNIC.PC","Viet Nam","VNM","1995-2020",26
"NW.NCA.MNIC.PC","Zambia","ZMB","1995-2020",26
"NW.NCA.MNIC.PC.CD","Albania","ALB","1995-2004",10
"NW.NCA.MNIC.PC.CD","Angola","AGO","1995-2020",26
"NW.NCA.MNIC.PC.CD","Argentina","ARG","1995-2020",26
"NW.NCA.MNIC.PC.CD","Armenia","ARM","1995-2020",26
"NW.NCA.MNIC.PC.CD","Austria","AUT","1995-2020",26
"NW.NCA.MNIC.PC.CD","Azerbaijan","AZE","1995-2020",26
"NW.NCA.MNIC.PC.CD","Bahrain","BHR","1995-2020",26
"NW.NCA.MNIC.PC.CD","Bangladesh","BGD","1995-2020",26
"NW.NCA.MNIC.PC.CD","Belarus","BLR","1995-2020",26
"NW.NCA.MNIC.PC.CD","Belgium","BEL","1995-2020",26
"NW.NCA.MNIC.PC.CD","Belize","BLZ","1995-2020",26
"NW.NCA.MNIC.PC.CD","Benin","BEN","1995-2020",26
"NW.NCA.MNIC.PC.CD","Bolivia","BOL","1995-2020",26
"NW.NCA.MNIC.PC.CD","Bosnia and Herzegovina","BIH","1995-2020",26
"NW.NCA.MNIC.PC.CD","Botswana","BWA","2017-2020",4
"NW.NCA.MNIC.PC.CD","Bulgaria","BGR","1995-2020",26
"NW.NCA.MNIC.PC.CD","Burkina Faso","BFA","1995-2020",26
"NW.NCA.MNIC.PC.CD","Burundi","BDI","1995-2020",26
"NW.NCA.MNIC.PC.CD","Cambodia","KHM","1995-2020",26
"NW.NCA.MNIC.PC.CD","Cameroon","CMR","1995-2020",26
"NW.NCA.MNIC.PC.CD","Central African Republic","CAF","1995-2020",26
"NW.NCA.MNIC.PC.CD","Chad","TCD","1995-2020",26
"NW.NCA.MNIC.PC.CD","Chile","CHL","1995-2020",26
"NW.NCA.MNIC.PC.CD","Comoros","COM","1995-2020",26
"NW.NCA.MNIC.PC.CD","Congo, Dem. Rep.","","1995-2020",26
"NW.NCA.MNIC.PC.CD","Congo, Rep.","COG","1995-2020",26
"NW.NCA.MNIC.PC.CD","Costa Rica","CRI","1995-2020",26
"NW.NCA.MNIC.PC.CD","Cote d'Ivoire","CIV","1995-2016",22
"NW.NCA.MNIC.PC.CD","Croatia","HRV","1995-2020",26
"NW.NCA.MNIC.PC.CD","Czechia","CZE","1995-2020",26
"NW.NCA.MNIC.PC.CD","Denmark","DNK","1995-2020",26
"NW.NCA.MNIC.PC.CD","Djibouti","DJI","1995-2020",26
"NW.NCA.MNIC.PC.CD","Dominican Republic","DOM","2010, 2014",2
"NW.NCA.MNIC.PC.CD","Ecuador","ECU","1995-2020",26
"NW.NCA.MNIC.PC.CD","Egypt, Arab Rep.","EGY","1995-2020",26
"NW.NCA.MNIC.PC.CD","El Salvador","SLV","1995-2020",26
"NW.NCA.MNIC.PC.CD","Estonia","EST","1995-2020",26
"NW.NCA.MNIC.PC.CD","Eswatini","SWZ","1995-2020",26
"NW.NCA.MNIC.PC.CD","Ethiopia","ETH","1995-2020",26
"NW.NCA.MNIC.PC.CD","France","FRA","1995-2020",26
"NW.NCA.MNIC.PC.CD","Gabon","GAB","1995-2020",26
"NW.NCA.MNIC.PC.CD","Gambia, The","GMB","1995-2020",26
"NW.NCA.MNIC.PC.CD","Georgia","GEO","1995-2020",26
"NW.NCA.MNIC.PC.CD","Germany","DEU","1995-2020",26
"NW.NCA.MNIC.PC.CD","Ghana","GHA","1995-2020",26
"NW.NCA.MNIC.PC.CD","Guatemala","GTM","1995-2011",17
"NW.NCA.MNIC.PC.CD","Guinea","GIN","1995-2020",26
"NW.NCA.MNIC.PC.CD","Guinea-Bissau","GNB","1995-2020",26
"NW.NCA.MNIC.PC.CD","Guyana","GUY","1995-2020",26
"NW.NCA.MNIC.PC.CD","Haiti","HTI","1995-2020",26
"NW.NCA.MNIC.PC.CD","Honduras","HND","1995-2020",26
"NW.NCA.MNIC.PC.CD","Hungary","HUN","1995-2020",26
"NW.NCA.MNIC.PC.CD","Iceland","ISL","1995-2020",26
"NW.NCA.MNIC.PC.CD","India","IND","1995-2020",26
"NW.NCA.MNIC.PC.CD","Iran, Islamic Rep.","IRN","1995-2020",26
"NW.NCA.MNIC.PC.CD","Iraq","IRQ","1995-2020",26
"NW.NCA.MNIC.PC.CD","Ireland","IRL","1995-2020",26
"NW.NCA.MNIC.PC.CD","Israel","ISR","1995-2020",26
"NW.NCA.MNIC.PC.CD","Italy","ITA","1995-2020",26
"NW.NCA.MNIC.PC.CD","Jamaica","JAM","1995-2020",26
"NW.NCA.MNIC.PC.CD","Japan","JPN","1995-2020",26
"NW.NCA.MNIC.PC.CD","Jordan","JOR","1995-2020",26
"NW.NCA.MNIC.PC.CD","Kazakhstan","KAZ","1998-1999, 2004, 2013-2020",11
"NW.NCA.MNIC.PC.CD","Kenya","KEN","1995-2020",26
"NW.NCA.MNIC.PC.CD","Korea, Rep.","KOR","1995-2020",26
"NW.NCA.MNIC.PC.CD","Kuwait","KWT","1995-2020",26
"NW.NCA.MNIC.PC.CD","Kyrgyz Republic","KGZ","1995-2020",26
"NW.NCA.MNIC.PC.CD","Lao PDR","LAO","1995-2020",26
"NW.NCA.MNIC.PC.CD","Latvia","LVA","1995-2020",26
"NW.NCA.MNIC.PC.CD","Lebanon","LBN","1995-2020",26
"NW.NCA.MNIC.PC.CD","Lesotho","LSO","1995-2020",26
"NW.NCA.MNIC.PC.CD","Liberia","LBR","1995-2020",26
"NW.NCA.MNIC.PC.CD","Lithuania","LTU","1995-2020",26
"NW.NCA.MNIC.PC.CD","Luxembourg","LUX","1995-2020",26
"NW.NCA.MNIC.PC.CD","Madagascar","MDG","1995-2009",15
"NW.NCA.MNIC.PC.CD","Malawi","MWI","1995-2020",26
"NW.NCA.MNIC.PC.CD","Malaysia","MYS","1995-2020",26
"NW.NCA.MNIC.PC.CD","Maldives","MDV","1995-2020",26
"NW.NCA.MNIC.PC.CD","Mali","MLI","1995-2020",26
"NW.NCA.MNIC.PC.CD","Malta","MLT","1995-2020",26
"NW.NCA.MNIC.PC.CD","Mauritania","MRT","1995-2020",26
"NW.NCA.MNIC.PC.CD","Mauritius","MUS","1995-2020",26
"NW.NCA.MNIC.PC.CD","Mexico","MEX","1995-2020",26
"NW.NCA.MNIC.PC.CD","Moldova","MDA","1995-2020",26
"NW.NCA.MNIC.PC.CD","Mongolia","MNG","1995-2020",26
"NW.NCA.MNIC.PC.CD","Montenegro","MNE","1995-2020",26
"NW.NCA.MNIC.PC.CD","Morocco","MAR","1995-1999",5
"NW.NCA.MNIC.PC.CD","Mozambique","MOZ","1995-2020",26
"NW.NCA.MNIC.PC.CD","Namibia","NAM","1995-2020",26
"NW.NCA.MNIC.PC.CD","Nepal","NPL","1995-2020",26
"NW.NCA.MNIC.PC.CD","Netherlands","NLD","1995-2020",26
"NW.NCA.MNIC.PC.CD","New Zealand","NZL","1995-2020",26
"NW.NCA.MNIC.PC.CD","Nicaragua","NIC","1995-2020",26
"NW.NCA.MNIC.PC.CD","Niger","NER","1995-2020",26
"NW.NCA.MNIC.PC.CD","Nigeria","NGA","1995-2020",26
"NW.NCA.MNIC.PC.CD","North Macedonia","MKD","2000, 2015-2020",7
"NW.NCA.MNIC.PC.CD","Norway","NOR","2003",1
"NW.NCA.MNIC.PC.CD","Oman","OMN","1995-2020",26
"NW.NCA.MNIC.PC.CD","Pakistan","PAK","1995-2020",26
"NW.NCA.MNIC.PC.CD","Panama","PAN","1995-2020",26
"NW.NCA.MNIC.PC.CD","Papua New Guinea","PNG","1995-2011",17
"NW.NCA.MNIC.PC.CD","Paraguay","PRY","1995-2020",26
"NW.NCA.MNIC.PC.CD","Peru","PER","1995-2020",26
"NW.NCA.MNIC.PC.CD","Poland","POL","1995-2020",26
"NW.NCA.MNIC.PC.CD","Portugal","PRT","1995-2020",26
"NW.NCA.MNIC.PC.CD","Qatar","QAT","1995-2020",26
"NW.NCA.MNIC.PC.CD","Romania","ROU","1995-2020",26
"NW.NCA.MNIC.PC.CD","Rwanda","RWA","1995-2020",26
"NW.NCA.MNIC.PC.CD","Sao Tome and Principe","STP","1995-2020",26
"NW.NCA.MNIC.PC.CD","Saudi Arabia","SAU","1995-2020",26
"NW.NCA.MNIC.PC.CD","Senegal","SEN","1995-2020",26
"NW.NCA.MNIC.PC.CD","Serbia","SRB","1995-2020",26
"NW.NCA.MNIC.PC.CD","Sierra Leone","SLE","1995-2020",26
"NW.NCA.MNIC.PC.CD","Singapore","SGP","1995-2020",26
"NW.NCA.MNIC.PC.CD","Slovak Republic","SVK","1995-2020",26
"NW.NCA.MNIC.PC.CD","Slovenia","SVN","1995-2020",26
"NW.NCA.MNIC.PC.CD","Solomon Islands","SLB","1995-2020",26
"NW.NCA.MNIC.PC.CD","Spain","ESP","1995-2004, 2011, 2016-2020",16
"NW.NCA.MNIC.PC.CD","Sri Lanka","LKA","1995-2020",26
"NW.NCA.MNIC.PC.CD","St. Lucia","LCA","1995-2020",26
"NW.NCA.MNIC.PC.CD","Sudan","SDN","1995-2020",26
"NW.NCA.MNIC.PC.CD","Suriname","SUR","1995-2020",26
"NW.NCA.MNIC.PC.CD","Sweden","SWE","1995-2020",26
"NW.NCA.MNIC.PC.CD","Switzerland","CHE","1995-2020",26
"NW.NCA.MNIC.PC.CD","Tajikistan","TJK","1995-2020",26
"NW.NCA.MNIC.PC.CD","Tanzania","TZA","1995-2020",26
"NW.NCA.MNIC.PC.CD","Thailand","THA","1995-2020",26
"NW.NCA.MNIC.PC.CD","Togo","TGO","1995-2020",26
"NW.NCA.MNIC.PC.CD","Trinidad and Tobago","TTO","1995-2020",26
"NW.NCA.MNIC.PC.CD","Tunisia","TUN","1995-2020",26
"NW.NCA.MNIC.PC.CD","Turkiye","TUR","1995-2002",8
"NW.NCA.MNIC.PC.CD","Uganda","UGA","1995-2020",26
"NW.NCA.MNIC.PC.CD","Ukraine","UKR","1997-2000, 2009-2020",16
"NW.NCA.MNIC.PC.CD","United Arab Emirates","ARE","1995-2020",26
"NW.NCA.MNIC.PC.CD","United Kingdom","GBR","1995-2020",26
"NW.NCA.MNIC.PC.CD","United States","USA","1997-2013",17
"NW.NCA.MNIC.PC.CD","Uruguay","URY","1995-2020",26
"NW.NCA.MNIC.PC.CD","Viet Nam","VNM","1995-2012, 2017-2020",22
"NW.NCA.MNIC.PC.CD","Zambia","ZMB","1995-2007, 2012-2020",22
"NW.NCA.MNIC.TO","Botswana","BWA","1995-2020",26
"NW.NCA.MNIC.TO","Kazakhstan","KAZ","1995-2020",26
"NW.NCA.MNIC.TO","Montenegro","MNE","1995-2006",12
"NW.NCA.MNIC.TO","North Macedonia","MKD","1995-2020",26
"NW.NCA.MNIC.TO","Serbia","SRB","1995-2006",12
"NW.NCA.MNIC.TO","Spain","ESP","1995-2020",26
"NW.NCA.MNIC.TO","Sudan","SDN","1995-2011",17
"NW.NCA.MNIC.TO","Ukraine","UKR","1995-2020",26
"NW.NCA.MNIC.TO","Viet Nam","VNM","1995-2020",26
"NW.NCA.MNIC.TO","Zambia","ZMB","1995-2020",26
"NW.NCA.MNIC.TO.CD","Albania","ALB","1995-2004",10
"NW.NCA.MNIC.TO.CD","Angola","AGO","1995-2020",26
"NW.NCA.MNIC.TO.CD","Argentina","ARG","1995-2020",26
"NW.NCA.MNIC.TO.CD","Armenia","ARM","1995-2020",26
"NW.NCA.MNIC.TO.CD","Austria","AUT","1995-2020",26
"NW.NCA.MNIC.TO.CD","Azerbaijan","AZE","1995-2020",26
"NW.NCA.MNIC.TO.CD","Bahrain","BHR","1995-2020",26
"NW.NCA.MNIC.TO.CD","Bangladesh","BGD","1995-2020",26
"NW.NCA.MNIC.TO.CD","Belarus","BLR","1995-2020",26
"NW.NCA.MNIC.TO.CD","Belgium","BEL","1995-2020",26
"NW.NCA.MNIC.TO.CD","Belize","BLZ","1995-2020",26
"NW.NCA.MNIC.TO.CD","Benin","BEN","1995-2020",26
"NW.NCA.MNIC.TO.CD","Bolivia","BOL","1995-2020",26
"NW.NCA.MNIC.TO.CD","Bosnia and Herzegovina","BIH","1995-2020",26
"NW.NCA.MNIC.TO.CD","Botswana","BWA","2017-2020",4
"NW.NCA.MNIC.TO.CD","Bulgaria","BGR","1995-2020",26
"NW.NCA.MNIC.TO.CD","Burkina Faso","BFA","1995-2020",26
"NW.NCA.MNIC.TO.CD","Burundi","BDI","1995-2020",26
"NW.NCA.MNIC.TO.CD","Cambodia","KHM","1995-2020",26
"NW.NCA.MNIC.TO.CD","Cameroon","CMR","1995-2020",26
"NW.NCA.MNIC.TO.CD","Central African Republic","CAF","1995-2020",26
"NW.NCA.MNIC.TO.CD","Chad","TCD","1995-2020",26
"NW.NCA.MNIC.TO.CD","Chile","CHL","1995-2020",26
"NW.NCA.MNIC.TO.CD","Comoros","COM","1995-2020",26
"NW.NCA.MNIC.TO.CD","Congo, Dem. Rep.","","1995-2020",26
"NW.NCA.MNIC.TO.CD","Congo, Rep.","COG","1995-2020",26
"NW.NCA.MNIC.TO.CD","Costa Rica","CRI","1995-2020",26
"NW.NCA.MNIC.TO.CD","Cote d'Ivoire","CIV","1995-2016",22
"NW.NCA.MNIC.TO.CD","Croatia","HRV","1995-2020",26
"NW.NCA.MNIC.TO.CD","Czechia","CZE","1995-2020",26
"NW.NCA.MNIC.TO.CD","Denmark","DNK","1995-2020",26
"NW.NCA.MNIC.TO.CD","Djibouti","DJI","1995-2020",26
"NW.NCA.MNIC.TO.CD","Dominican Republic","DOM","2010, 2014",2
"NW.NCA.MNIC.TO.CD","Ecuador","ECU","1995-2020",26
"NW.NCA.MNIC.TO.CD","Egypt, Arab Rep.","EGY","1995-2020",26
"NW.NCA.MNIC.TO.CD","El Salvador","SLV","1995-2020",26
"NW.NCA.MNIC.TO.CD","Estonia","EST","1995-2020",26
"NW.NCA.MNIC.TO.CD","Eswatini","SWZ","1995-2020",26
"NW.NCA.MNIC.TO.CD","Ethiopia","ETH","1995-2020",26
"NW.NCA.MNIC.TO.CD","France","FRA","1995-2020",26
"NW.NCA.MNIC.TO.CD","Gabon","GAB","1995-2020",26
"NW.NCA.MNIC.TO.CD","Gambia, The","GMB","1995-2020",26
"NW.NCA.MNIC.TO.CD","Georgia","GEO","1995-2020",26
"NW.NCA.MNIC.TO.CD","Germany","DEU","1995-2020",26
"NW.NCA.MNIC.TO.CD","Ghana","GHA","1995-2020",26
"NW.NCA.MNIC.TO.CD","Guatemala","GTM","1995-2011",17
"NW.NCA.MNIC.TO.CD","Guinea","GIN","1995-2020",26
"NW.NCA.MNIC.TO.CD","Guinea-Bissau","GNB","1995-2020",26
"NW.NCA.MNIC.TO.CD","Guyana","GUY","1995-2020",26
"NW.NCA.MNIC.TO.CD","Haiti","HTI","1995-2020",26
"NW.NCA.MNIC.TO.CD","Honduras","HND","1995-2020",26
"NW.NCA.MNIC.TO.CD","Hungary","HUN","1995-2020",26
"NW.NCA.MNIC.TO.CD","Iceland","ISL","1995-2020",26
"NW.NCA.MNIC.TO.CD","India","IND","1995-2020",26
"NW.NCA.MNIC.TO.CD","Iran, Islamic Rep.","IRN","1995-2020",26
"NW.NCA.MNIC.TO.CD","Iraq","IRQ","1995-2020",26
"NW.NCA.MNIC.TO.CD","Ireland","IRL","1995-2020",26
"NW.NCA.MNIC.TO.CD","Israel","ISR","1995-2020",26
"NW.NCA.MNIC.TO.CD","Italy","ITA","1995-2020",26
"NW.NCA.MNIC.TO.CD","Jamaica","JAM","1995-2020",26
"NW.NCA.MNIC.TO.CD","Japan","JPN","1995-2020",26
"NW.NCA.MNIC.TO.CD","Jordan","JOR","1995-2020",26
"NW.NCA.MNIC.TO.CD","Kazakhstan","KAZ","1998-1999, 2004, 2013-2020",11
"NW.NCA.MNIC.TO.CD","Kenya","KEN","1995-2020",26
"NW.NCA.MNIC.TO.CD","Korea, Rep.","KOR","1995-2020",26
"NW.NCA.MNIC.TO.CD","Kuwait","KWT","1995-2020",26
"NW.NCA.MNIC.TO.CD","Kyrgyz Republic","KGZ","1995-2020",26
"NW.NCA.MNIC.TO.CD","Lao PDR","LAO","1995-2020",26
"NW.NCA.MNIC.TO.CD","Latvia","LVA","1995-2020",26
"NW.NCA.MNIC.TO.CD","Lebanon","LBN","1995-2020",26
"NW.NCA.MNIC.TO.CD","Lesotho","LSO","1995-2020",26
"NW.NCA.MNIC.TO.CD","Liberia","LBR","1995-2020",26
"NW.NCA.MNIC.TO.CD","Lithuania","LTU","1995-2020",26
"NW.NCA.MNIC.TO.CD","Luxembourg","LUX","1995-2020",26
"NW.NCA.MNIC.TO.CD","Madagascar","MDG","1995-2009",15
"NW.NCA.MNIC.TO.CD","Malawi","MWI","1995-2020",26
"NW.NCA.MNIC.TO.CD","Malaysia","MYS","1995-2020",26
"NW.NCA.MNIC.TO.CD","Maldives","MDV","1995-2020",26
"NW.NCA.MNIC.TO.CD","Mali","MLI","1995-2020",26
"NW.NCA.MNIC.TO.CD","Malta","MLT","1995-2020",26
"NW.NCA.MNIC.TO.CD","Mauritania","MRT","1995-2020",26
"NW.NCA.MNIC.TO.CD","Mauritius","MUS","1995-2020",26
"NW.NCA.MNIC.TO.CD","Mexico","MEX","1995-2020",26
"NW.NCA.MNIC.TO.CD","Moldova","MDA","1995-2020",26
"NW.NCA.MNIC.TO.CD","Mongolia","MNG","1995-2020",26
"NW.NCA.MNIC.TO.CD","Montenegro","MNE","1995-2020",26
"NW.NCA.MNIC.TO.CD","Morocco","MAR","1995-1999",5
"NW.NCA.MNIC.TO.CD","Mozambique","MOZ","1995-2020",26
"NW.NCA.MNIC.TO.CD","Namibia","NAM","1995-2020",26
"NW.NCA.MNIC.TO.CD","Nepal","NPL","1995-2020",26
"NW.NCA.MNIC.TO.CD","Netherlands","NLD","1995-2020",26
"NW.NCA.MNIC.TO.CD","New Zealand","NZL","1995-2020",26
"NW.NCA.MNIC.TO.CD","Nicaragua","NIC","1995-2020",26
"NW.NCA.MNIC.TO.CD","Niger","NER","1995-2020",26
"NW.NCA.MNIC.TO.CD","Nigeria","NGA","1995-2020",26
"NW.NCA.MNIC.TO.CD","North Macedonia","MKD","2000, 2015-2020",7
"NW.NCA.MNIC.TO.CD","Norway","NOR","2003",1
"NW.NCA.MNIC.TO.CD","Oman","OMN","1995-2020",26
"NW.NCA.MNIC.TO.CD","Pakistan","PAK","1995-2020",26
"NW.NCA.MNIC.TO.CD","Panama","PAN","1995-2020",26
"NW.NCA.MNIC.TO.CD","Papua New Guinea","PNG","1995-2011",17
"NW.NCA.MNIC.TO.CD","Paraguay","PRY","1995-2020",26
"NW.NCA.MNIC.TO.CD","Peru","PER","1995-2020",26
"NW.NCA.MNIC.TO.CD","Poland","POL","1995-2020",26
"NW.NCA.MNIC.TO.CD","Portugal","PRT","1995-2020",26
"NW.NCA.MNIC.TO.CD","Qatar","QAT","1995-2020",26
"NW.NCA.MNIC.TO.CD","Romania","ROU","1995-2020",26
"NW.NCA.MNIC.TO.CD","Rwanda","RWA","1995-2020",26
"NW.NCA.MNIC.TO.CD","Sao Tome and Principe","STP","1995-2020",26
"NW.NCA.MNIC.TO.CD","Saudi Arabia","SAU","1995-2020",26
"NW.NCA.MNIC.TO.CD","Senegal","SEN","1995-2020",26
"NW.NCA.MNIC.TO.CD","Serbia","SRB","1995-2020",26
"NW.NCA.MNIC.TO.CD","Sierra Leone","SLE","1995-2020",26
"NW.NCA.MNIC.TO.CD","Singapore","SGP","1995-2020",26
"NW.NCA.MNIC.TO.CD","Slovak Republic","SVK","1995-2020",26
"NW.NCA.MNIC.TO.CD","Slovenia","SVN","1995-2020",26
"NW.NCA.MNIC.TO.CD","Solomon Islands","SLB","1995-2020",26
"NW.NCA.MNIC.TO.CD","Spain","ESP","1995-2004, 2011, 2016-2020",16
"NW.NCA.MNIC.TO.CD","Sri Lanka","LKA","1995-2020",26
"NW.NCA.MNIC.TO.CD","St. Lucia","LCA","1995-2020",26
"NW.NCA.MNIC.TO.CD","Sudan","SDN","1995-2020",26
"NW.NCA.MNIC.TO.CD","Suriname","SUR","1995-2020",26
"NW.NCA.MNIC.TO.CD","Sweden","SWE","1995-2020",26
"NW.NCA.MNIC.TO.CD","Switzerland","CHE","1995-2020",26
"NW.NCA.MNIC.TO.CD","Tajikistan","TJK","1995-2020",26
"NW.NCA.MNIC.TO.CD","Tanzania","TZA","1995-2020",26
"NW.NCA.MNIC.TO.CD","Thailand","THA","1995-2020",26
"NW.NCA.MNIC.TO.CD","Togo","TGO","1995-2020",26
"NW.NCA.MNIC.TO.CD","Trinidad and Tobago","TTO","1995-2020",26
"NW.NCA.MNIC.TO.CD","Tunisia","TUN","1995-2020",26
"NW.NCA.MNIC.TO.CD","Turkiye","TUR","1995-2002",8
"NW.NCA.MNIC.TO.CD","Uganda","UGA","1995-2020",26
"NW.NCA.MNIC.TO.CD","Ukraine","UKR","1997-2000, 2009-2020",16
"NW.NCA.MNIC.TO.CD","United Arab Emirates","ARE","1995-2020",26
"NW.NCA.MNIC.TO.CD","United Kingdom","GBR","1995-2020",26
"NW.NCA.MNIC.TO.CD","United States","USA","1997-2013",17
"NW.NCA.MNIC.TO.CD","Uruguay","URY","1995-2020",26
"NW.NCA.MNIC.TO.CD","Viet Nam","VNM","1995-2012, 2017-2020",22
"NW.NCA.MNIC.TO.CD","Zambia","ZMB","1995-2007, 2012-2020",22
"NW.NCA.MPHO.PC","Albania","ALB","1995-2020",26
"NW.NCA.MPHO.PC","France","FRA","1995-2020",26
"NW.NCA.MPHO.PC","Germany","DEU","1995-2020",26
"NW.NCA.MPHO.PC","Indonesia","IDN","1995-2020",26
"NW.NCA.MPHO.PC","Montenegro","MNE","1995-2006",12
"NW.NCA.MPHO.PC","Serbia","SRB","1995-2006",12
"NW.NCA.MPHO.PC","Sudan","SDN","1995-2011",17
"NW.NCA.MPHO.PC","Tanzania","TZA","1995-2020",26
"NW.NCA.MPHO.PC","Thailand","THA","1995-2020",26
"NW.NCA.MPHO.PC.CD","Albania","ALB","1995-1997, 2003-2020",21
"NW.NCA.MPHO.PC.CD","Angola","AGO","1995-2020",26
"NW.NCA.MPHO.PC.CD","Argentina","ARG","1995-2020",26
"NW.NCA.MPHO.PC.CD","Armenia","ARM","1995-2020",26
"NW.NCA.MPHO.PC.CD","Austria","AUT","1995-2020",26
"NW.NCA.MPHO.PC.CD","Azerbaijan","AZE","1995-2020",26
"NW.NCA.MPHO.PC.CD","Bahrain","BHR","1995-2020",26
"NW.NCA.MPHO.PC.CD","Bangladesh","BGD","1995-2020",26
"NW.NCA.MPHO.PC.CD","Belarus","BLR","1995-2020",26
"NW.NCA.MPHO.PC.CD","Belgium","BEL","1995-2020",26
"NW.NCA.MPHO.PC.CD","Belize","BLZ","1995-2020",26
"NW.NCA.MPHO.PC.CD","Benin","BEN","1995-2020",26
"NW.NCA.MPHO.PC.CD","Bolivia","BOL","1995-2020",26
"NW.NCA.MPHO.PC.CD","Bosnia and Herzegovina","BIH","1995-2020",26
"NW.NCA.MPHO.PC.CD","Botswana","BWA","1995-2020",26
"NW.NCA.MPHO.PC.CD","Bulgaria","BGR","1995-2020",26
"NW.NCA.MPHO.PC.CD","Burkina Faso","BFA","1995-2000",6
"NW.NCA.MPHO.PC.CD","Burundi","BDI","1995-2020",26
"NW.NCA.MPHO.PC.CD","Cambodia","KHM","1995-2020",26
"NW.NCA.MPHO.PC.CD","Cameroon","CMR","1995-2020",26
"NW.NCA.MPHO.PC.CD","Canada","CAN","1995-1999, 2014-2020",12
"NW.NCA.MPHO.PC.CD","Central African Republic","CAF","1995-2020",26
"NW.NCA.MPHO.PC.CD","Chad","TCD","1995-2020",26
"NW.NCA.MPHO.PC.CD","Comoros","COM","1995-2020",26
"NW.NCA.MPHO.PC.CD","Congo, Dem. Rep.","","1995-2020",26
"NW.NCA.MPHO.PC.CD","Congo, Rep.","COG","1995-2020",26
"NW.NCA.MPHO.PC.CD","Costa Rica","CRI","1995-2020",26
"NW.NCA.MPHO.PC.CD","Cote d'Ivoire","CIV","1995-2020",26
"NW.NCA.MPHO.PC.CD","Croatia","HRV","1995-2020",26
"NW.NCA.MPHO.PC.CD","Czechia","CZE","1995-2020",26
"NW.NCA.MPHO.PC.CD","Denmark","DNK","1995-2020",26
"NW.NCA.MPHO.PC.CD","Djibouti","DJI","1995-2020",26
"NW.NCA.MPHO.PC.CD","Dominican Republic","DOM","1995-2020",26
"NW.NCA.MPHO.PC.CD","Ecuador","ECU","1995-2020",26
"NW.NCA.MPHO.PC.CD","El Salvador","SLV","1995-2020",26
"NW.NCA.MPHO.PC.CD","Estonia","EST","1995-2020",26
"NW.NCA.MPHO.PC.CD","Eswatini","SWZ","1995-2020",26
"NW.NCA.MPHO.PC.CD","Ethiopia","ETH","1995-2020",26
"NW.NCA.MPHO.PC.CD","France","FRA","1995-1997, 2015-2020",9
"NW.NCA.MPHO.PC.CD","Gabon","GAB","1995-2020",26
"NW.NCA.MPHO.PC.CD","Gambia, The","GMB","1995-2020",26
"NW.NCA.MPHO.PC.CD","Georgia","GEO","1995-2020",26
"NW.NCA.MPHO.PC.CD","Germany","DEU","1995-1997, 2005-2020",19
"NW.NCA.MPHO.PC.CD","Ghana","GHA","1995-2020",26
"NW.NCA.MPHO.PC.CD","Greece","GRC","1995-2020",26
"NW.NCA.MPHO.PC.CD","Guatemala","GTM","1995-2020",26
"NW.NCA.MPHO.PC.CD","Guinea","GIN","1995-2020",26
"NW.NCA.MPHO.PC.CD","Guinea-Bissau","GNB","1995-2020",26
"NW.NCA.MPHO.PC.CD","Guyana","GUY","1995-2020",26
"NW.NCA.MPHO.PC.CD","Haiti","HTI","1995-2020",26
"NW.NCA.MPHO.PC.CD","Honduras","HND","1995-2020",26
"NW.NCA.MPHO.PC.CD","Hungary","HUN","1995-2020",26
"NW.NCA.MPHO.PC.CD","Iceland","ISL","1995-2020",26
"NW.NCA.MPHO.PC.CD","Indonesia","IDN","2016-2020",5
"NW.NCA.MPHO.PC.CD","Iran, Islamic Rep.","IRN","1995-2000",6
"NW.NCA.MPHO.PC.CD","Iraq","IRQ","2015-2020",6
"NW.NCA.MPHO.PC.CD","Ireland","IRL","1995-2020",26
"NW.NCA.MPHO.PC.CD","Italy","ITA","1995-2020",26
"NW.NCA.MPHO.PC.CD","Jamaica","JAM","1995-2020",26
"NW.NCA.MPHO.PC.CD","Japan","JPN","1995-2020",26
"NW.NCA.MPHO.PC.CD","Kenya","KEN","1995-2020",26
"NW.NCA.MPHO.PC.CD","Korea, Rep.","KOR","1995-2020",26
"NW.NCA.MPHO.PC.CD","Kuwait","KWT","1995-2020",26
"NW.NCA.MPHO.PC.CD","Kyrgyz Republic","KGZ","1995-2020",26
"NW.NCA.MPHO.PC.CD","Lao PDR","LAO","1995-2012, 2014-2015, 2018",21
"NW.NCA.MPHO.PC.CD","Latvia","LVA","1995-2020",26
"NW.NCA.MPHO.PC.CD","Lebanon","LBN","1995-2020",26
"NW.NCA.MPHO.PC.CD","Lesotho","LSO","1995-2020",26
"NW.NCA.MPHO.PC.CD","Liberia","LBR","1995-2020",26
"NW.NCA.MPHO.PC.CD","Lithuania","LTU","1995-2020",26
"NW.NCA.MPHO.PC.CD","Luxembourg","LUX","1995-1997, 2015-2020",9
"NW.NCA.MPHO.PC.CD","Madagascar","MDG","1995-2020",26
"NW.NCA.MPHO.PC.CD","Malawi","MWI","1995-2011",17
"NW.NCA.MPHO.PC.CD","Malaysia","MYS","1995-2020",26
"NW.NCA.MPHO.PC.CD","Maldives","MDV","1995-2020",26
"NW.NCA.MPHO.PC.CD","Mali","MLI","1995-2009",15
"NW.NCA.MPHO.PC.CD","Malta","MLT","1995-2020",26
"NW.NCA.MPHO.PC.CD","Mauritania","MRT","1995-2020",26
"NW.NCA.MPHO.PC.CD","Mauritius","MUS","1995-2020",26
"NW.NCA.MPHO.PC.CD","Moldova","MDA","1995-2020",26
"NW.NCA.MPHO.PC.CD","Mongolia","MNG","1995-2020",26
"NW.NCA.MPHO.PC.CD","Montenegro","MNE","1995-2020",26
"NW.NCA.MPHO.PC.CD","Mozambique","MOZ","1995-2020",26
"NW.NCA.MPHO.PC.CD","Namibia","NAM","1995-2020",26
"NW.NCA.MPHO.PC.CD","Nepal","NPL","1995-2020",26
"NW.NCA.MPHO.PC.CD","Netherlands","NLD","1995-2020",26
"NW.NCA.MPHO.PC.CD","New Zealand","NZL","1995-2020",26
"NW.NCA.MPHO.PC.CD","Nicaragua","NIC","1995-2020",26
"NW.NCA.MPHO.PC.CD","Niger","NER","1995-2020",26
"NW.NCA.MPHO.PC.CD","Nigeria","NGA","1995-2020",26
"NW.NCA.MPHO.PC.CD","North Macedonia","MKD","1995-2020",26
"NW.NCA.MPHO.PC.CD","Norway","NOR","1995-2020",26
"NW.NCA.MPHO.PC.CD","Oman","OMN","1995-2020",26
"NW.NCA.MPHO.PC.CD","Panama","PAN","1995-2020",26
"NW.NCA.MPHO.PC.CD","Papua New Guinea","PNG","1995-2020",26
"NW.NCA.MPHO.PC.CD","Paraguay","PRY","1995-2020",26
"NW.NCA.MPHO.PC.CD","Peru","PER","2009",1
"NW.NCA.MPHO.PC.CD","Poland","POL","1995-2020",26
"NW.NCA.MPHO.PC.CD","Portugal","PRT","1995-2020",26
"NW.NCA.MPHO.PC.CD","Qatar","QAT","1995-2020",26
"NW.NCA.MPHO.PC.CD","Romania","ROU","1995-2020",26
"NW.NCA.MPHO.PC.CD","Rwanda","RWA","1995-2020",26
"NW.NCA.MPHO.PC.CD","Sao Tome and Principe","STP","1995-2020",26
"NW.NCA.MPHO.PC.CD","Saudi Arabia","SAU","1995-2008",14
"NW.NCA.MPHO.PC.CD","Serbia","SRB","1995-2020",26
"NW.NCA.MPHO.PC.CD","Sierra Leone","SLE","1995-2020",26
"NW.NCA.MPHO.PC.CD","Singapore","SGP","1995-2020",26
"NW.NCA.MPHO.PC.CD","Slovak Republic","SVK","1995-2020",26
"NW.NCA.MPHO.PC.CD","Slovenia","SVN","1995-2020",26
"NW.NCA.MPHO.PC.CD","Solomon Islands","SLB","1995-2020",26
"NW.NCA.MPHO.PC.CD","Spain","ESP","1995-2020",26
"NW.NCA.MPHO.PC.CD","St. Lucia","LCA","1995-2020",26
"NW.NCA.MPHO.PC.CD","Sudan","SDN","1995-2020",26
"NW.NCA.MPHO.PC.CD","Suriname","SUR","1995-2020",26
"NW.NCA.MPHO.PC.CD","Sweden","SWE","1995-2020",26
"NW.NCA.MPHO.PC.CD","Switzerland","CHE","1995-2020",26
"NW.NCA.MPHO.PC.CD","Tajikistan","TJK","1995-2020",26
"NW.NCA.MPHO.PC.CD","Tanzania","TZA","2015, 2018-2019",3
"NW.NCA.MPHO.PC.CD","Thailand","THA","2013, 2015-2016, 2018-2020",6
"NW.NCA.MPHO.PC.CD","Trinidad and Tobago","TTO","1995-2020",26
"NW.NCA.MPHO.PC.CD","Turkiye","TUR","1995-2012, 2018",19
"NW.NCA.MPHO.PC.CD","Uganda","UGA","1995-2020",26
"NW.NCA.MPHO.PC.CD","Ukraine","UKR","1995-2020",26
"NW.NCA.MPHO.PC.CD","United Arab Emirates","ARE","1995-2020",26
"NW.NCA.MPHO.PC.CD","United Kingdom","GBR","1995-2020",26
"NW.NCA.MPHO.PC.CD","Uruguay","URY","1995-2020",26
"NW.NCA.MPHO.PC.CD","Zambia","ZMB","1995-2020",26
"NW.NCA.MPHO.TO","Albania","ALB","1995-2020",26
"NW.NCA.MPHO.TO","France","FRA","1995-2020",26
"NW.NCA.MPHO.TO","Germany","DEU","1995-2020",26
"NW.NCA.MPHO.TO","Indonesia","IDN","1995-2020",26
"NW.NCA.MPHO.TO","Montenegro","MNE","1995-2006",12
"NW.NCA.MPHO.TO","Serbia","SRB","1995-2006",12
"NW.NCA.MPHO.TO","Sudan","SDN","1995-2011",17
"NW.NCA.MPHO.TO","Tanzania","TZA","1995-2020",26
"NW.NCA.MPHO.TO","Thailand","THA","1995-2020",26
"NW.NCA.MPHO.TO.CD","Albania","ALB","1995-1997, 2003-2020",21
"NW.NCA.MPHO.TO.CD","Angola","AGO","1995-2020",26
"NW.NCA.MPHO.TO.CD","Argentina","ARG","1995-2020",26
"NW.NCA.MPHO.TO.CD","Armenia","ARM","1995-2020",26
"NW.NCA.MPHO.TO.CD","Austria","AUT","1995-2020",26
"NW.NCA.MPHO.TO.CD","Azerbaijan","AZE","1995-2020",26
"NW.NCA.MPHO.TO.CD","Bahrain","BHR","1995-2020",26
"NW.NCA.MPHO.TO.CD","Bangladesh","BGD","1995-2020",26
"NW.NCA.MPHO.TO.CD","Belarus","BLR","1995-2020",26
"NW.NCA.MPHO.TO.CD","Belgium","BEL","1995-2020",26
"NW.NCA.MPHO.TO.CD","Belize","BLZ","1995-2020",26
"NW.NCA.MPHO.TO.CD","Benin","BEN","1995-2020",26
"NW.NCA.MPHO.TO.CD","Bolivia","BOL","1995-2020",26
"NW.NCA.MPHO.TO.CD","Bosnia and Herzegovina","BIH","1995-2020",26
"NW.NCA.MPHO.TO.CD","Botswana","BWA","1995-2020",26
"NW.NCA.MPHO.TO.CD","Bulgaria","BGR","1995-2020",26
"NW.NCA.MPHO.TO.CD","Burkina Faso","BFA","1995-2000",6
"NW.NCA.MPHO.TO.CD","Burundi","BDI","1995-2020",26
"NW.NCA.MPHO.TO.CD","Cambodia","KHM","1995-2020",26
"NW.NCA.MPHO.TO.CD","Cameroon","CMR","1995-2020",26
"NW.NCA.MPHO.TO.CD","Canada","CAN","1995-1999, 2014-2020",12
"NW.NCA.MPHO.TO.CD","Central African Republic","CAF","1995-2020",26
"NW.NCA.MPHO.TO.CD","Chad","TCD","1995-2020",26
"NW.NCA.MPHO.TO.CD","Comoros","COM","1995-2020",26
"NW.NCA.MPHO.TO.CD","Congo, Dem. Rep.","","1995-2020",26
"NW.NCA.MPHO.TO.CD","Congo, Rep.","COG","1995-2020",26
"NW.NCA.MPHO.TO.CD","Costa Rica","CRI","1995-2020",26
"NW.NCA.MPHO.TO.CD","Cote d'Ivoire","CIV","1995-2020",26
"NW.NCA.MPHO.TO.CD","Croatia","HRV","1995-2020",26
"NW.NCA.MPHO.TO.CD","Czechia","CZE","1995-2020",26
"NW.NCA.MPHO.TO.CD","Denmark","DNK","1995-2020",26
"NW.NCA.MPHO.TO.CD","Djibouti","DJI","1995-2020",26
"NW.NCA.MPHO.TO.CD","Dominican Republic","DOM","1995-2020",26
"NW.NCA.MPHO.TO.CD","Ecuador","ECU","1995-2020",26
"NW.NCA.MPHO.TO.CD","El Salvador","SLV","1995-2020",26
"NW.NCA.MPHO.TO.CD","Estonia","EST","1995-2020",26
"NW.NCA.MPHO.TO.CD","Eswatini","SWZ","1995-2020",26
"NW.NCA.MPHO.TO.CD","Ethiopia","ETH","1995-2020",26
"NW.NCA.MPHO.TO.CD","France","FRA","1995-1997, 2015-2020",9
"NW.NCA.MPHO.TO.CD","Gabon","GAB","1995-2020",26
"NW.NCA.MPHO.TO.CD","Gambia, The","GMB","1995-2020",26
"NW.NCA.MPHO.TO.CD","Georgia","GEO","1995-2020",26
"NW.NCA.MPHO.TO.CD","Germany","DEU","1995-1997, 2005-2020",19
"NW.NCA.MPHO.TO.CD","Ghana","GHA","1995-2020",26
"NW.NCA.MPHO.TO.CD","Greece","GRC","1995-2020",26
"NW.NCA.MPHO.TO.CD","Guatemala","GTM","1995-2020",26
"NW.NCA.MPHO.TO.CD","Guinea","GIN","1995-2020",26
"NW.NCA.MPHO.TO.CD","Guinea-Bissau","GNB","1995-2020",26
"NW.NCA.MPHO.TO.CD","Guyana","GUY","1995-2020",26
"NW.NCA.MPHO.TO.CD","Haiti","HTI","1995-2020",26
"NW.NCA.MPHO.TO.CD","Honduras","HND","1995-2020",26
"NW.NCA.MPHO.TO.CD","Hungary","HUN","1995-2020",26
"NW.NCA.MPHO.TO.CD","Iceland","ISL","1995-2020",26
"NW.NCA.MPHO.TO.CD","Indonesia","IDN","2016-2020",5
"NW.NCA.MPHO.TO.CD","Iran, Islamic Rep.","IRN","1995-2000",6
"NW.NCA.MPHO.TO.CD","Iraq","IRQ","2015-2020",6
"NW.NCA.MPHO.TO.CD","Ireland","IRL","1995-2020",26
"NW.NCA.MPHO.TO.CD","Italy","ITA","1995-2020",26
"NW.NCA.MPHO.TO.CD","Jamaica","JAM","1995-2020",26
"NW.NCA.MPHO.TO.CD","Japan","JPN","1995-2020",26
"NW.NCA.MPHO.TO.CD","Kenya","KEN","1995-2020",26
"NW.NCA.MPHO.TO.CD","Korea, Rep.","KOR","1995-2020",26
"NW.NCA.MPHO.TO.CD","Kuwait","KWT","1995-2020",26
"NW.NCA.MPHO.TO.CD","Kyrgyz Republic","KGZ","1995-2020",26
"NW.NCA.MPHO.TO.CD","Lao PDR","LAO","1995-2012, 2014-2015, 2018",21
"NW.NCA.MPHO.TO.CD","Latvia","LVA","1995-2020",26
"NW.NCA.MPHO.TO.CD","Lebanon","LBN","1995-2020",26
"NW.NCA.MPHO.TO.CD","Lesotho","LSO","1995-2020",26
"NW.NCA.MPHO.TO.CD","Liberia","LBR","1995-2020",26
"NW.NCA.MPHO.TO.CD","Lithuania","LTU","1995-2020",26
"NW.NCA.MPHO.TO.CD","Luxembourg","LUX","1995-1997, 2015-2020",9
"NW.NCA.MPHO.TO.CD","Madagascar","MDG","1995-2020",26
"NW.NCA.MPHO.TO.CD","Malawi","MWI","1995-2011",17
"NW.NCA.MPHO.TO.CD","Malaysia","MYS","1995-2020",26
"NW.NCA.MPHO.TO.CD","Maldives","MDV","1995-2020",26
"NW.NCA.MPHO.TO.CD","Mali","MLI","1995-2009",15
"NW.NCA.MPHO.TO.CD","Malta","MLT","1995-2020",26
"NW.NCA.MPHO.TO.CD","Mauritania","MRT","1995-2020",26
"NW.NCA.MPHO.TO.CD","Mauritius","MUS","1995-2020",26
"NW.NCA.MPHO.TO.CD","Moldova","MDA","1995-2020",26
"NW.NCA.MPHO.TO.CD","Mongolia","MNG","1995-2020",26
"NW.NCA.MPHO.TO.CD","Montenegro","MNE","1995-2020",26
"NW.NCA.MPHO.TO.CD","Mozambique","MOZ","1995-2020",26
"NW.NCA.MPHO.TO.CD","Namibia","NAM","1995-2020",26
"NW.NCA.MPHO.TO.CD","Nepal","NPL","1995-2020",26
"NW.NCA.MPHO.TO.CD","Netherlands","NLD","1995-2020",26
"NW.NCA.MPHO.TO.CD","New Zealand","NZL","1995-2020",26
"NW.NCA.MPHO.TO.CD","Nicaragua","NIC","1995-2020",26
"NW.NCA.MPHO.TO.CD","Niger","NER","1995-2020",26
"NW.NCA.MPHO.TO.CD","Nigeria","NGA","1995-2020",26
"NW.NCA.MPHO.TO.CD","North Macedonia","MKD","1995-2020",26
"NW.NCA.MPHO.TO.CD","Norway","NOR","1995-2020",26
"NW.NCA.MPHO.TO.CD","Oman","OMN","1995-2020",26
"NW.NCA.MPHO.TO.CD","Panama","PAN","1995-2020",26
"NW.NCA.MPHO.TO.CD","Papua New Guinea","PNG","1995-2020",26
"NW.NCA.MPHO.TO.CD","Paraguay","PRY","1995-2020",26
"NW.NCA.MPHO.TO.CD","Peru","PER","2009",1
"NW.NCA.MPHO.TO.CD","Poland","POL","1995-2020",26
"NW.NCA.MPHO.TO.CD","Portugal","PRT","1995-2020",26
"NW.NCA.MPHO.TO.CD","Qatar","QAT","1995-2020",26
"NW.NCA.MPHO.TO.CD","Romania","ROU","1995-2020",26
"NW.NCA.MPHO.TO.CD","Rwanda","RWA","1995-2020",26
"NW.NCA.MPHO.TO.CD","Sao Tome and Principe","STP","1995-2020",26
"NW.NCA.MPHO.TO.CD","Saudi Arabia","SAU","1995-2008",14
"NW.NCA.MPHO.TO.CD","Serbia","SRB","1995-2020",26
"NW.NCA.MPHO.TO.CD","Sierra Leone","SLE","1995-2020",26
"NW.NCA.MPHO.TO.CD","Singapore","SGP","1995-2020",26
"NW.NCA.MPHO.TO.CD","Slovak Republic","SVK","1995-2020",26
"NW.NCA.MPHO.TO.CD","Slovenia","SVN","1995-2020",26
"NW.NCA.MPHO.TO.CD","Solomon Islands","SLB","1995-2020",26
"NW.NCA.MPHO.TO.CD","Spain","ESP","1995-2020",26
"NW.NCA.MPHO.TO.CD","St. Lucia","LCA","1995-2020",26
"NW.NCA.MPHO.TO.CD","Sudan","SDN","1995-2020",26
"NW.NCA.MPHO.TO.CD","Suriname","SUR","1995-2020",26
"NW.NCA.MPHO.TO.CD","Sweden","SWE","1995-2020",26
"NW.NCA.MPHO.TO.CD","Switzerland","CHE","1995-2020",26
"NW.NCA.MPHO.TO.CD","Tajikistan","TJK","1995-2020",26
"NW.NCA.MPHO.TO.CD","Tanzania","TZA","2015, 2018-2019",3
"NW.NCA.MPHO.TO.CD","Thailand","THA","2013, 2015-2016, 2018-2020",6
"NW.NCA.MPHO.TO.CD","Trinidad and Tobago","TTO","1995-2020",26
"NW.NCA.MPHO.TO.CD","Turkiye","TUR","1995-2012, 2018",19
"NW.NCA.MPHO.TO.CD","Uganda","UGA","1995-2020",26
"NW.NCA.MPHO.TO.CD","Ukraine","UKR","1995-2020",26
"NW.NCA.MPHO.TO.CD","United Arab Emirates","ARE","1995-2020",26
"NW.NCA.MPHO.TO.CD","United Kingdom","GBR","1995-2020",26
"NW.NCA.MPHO.TO.CD","Uruguay","URY","1995-2020",26
"NW.NCA.MPHO.TO.CD","Zambia","ZMB","1995-2020",26
"NW.NCA.MSIL.PC","Botswana","BWA","1995-2020",26
"NW.NCA.MSIL.PC","Congo, Dem. Rep.","","1995-2020",26
"NW.NCA.MSIL.PC","Cote d'Ivoire","CIV","1995-2020",26
"NW.NCA.MSIL.PC","France","FRA","1995-2020",26
"NW.NCA.MSIL.PC","Germany","DEU","1995-2020",26
"NW.NCA.MSIL.PC","Guatemala","GTM","1995-2020",26
"NW.NCA.MSIL.PC","Iran, Islamic Rep.","IRN","1995-2020",26
"NW.NCA.MSIL.PC","Montenegro","MNE","1995-2006",12
"NW.NCA.MSIL.PC","North Macedonia","MKD","1995-2020",26
"NW.NCA.MSIL.PC","Romania","ROU","1995-2020",26
"NW.NCA.MSIL.PC","Serbia","SRB","1995-2020",26
"NW.NCA.MSIL.PC","Solomon Islands","SLB","1995-2020",26
"NW.NCA.MSIL.PC","Sudan","SDN","1995-2011",17
"NW.NCA.MSIL.PC","Thailand","THA","1995-2020",26
"NW.NCA.MSIL.PC","Tunisia","TUN","1995-2020",26
"NW.NCA.MSIL.PC.CD","Albania","ALB","1995-2020",26
"NW.NCA.MSIL.PC.CD","Angola","AGO","1995-2020",26
"NW.NCA.MSIL.PC.CD","Armenia","ARM","1995-2001",7
"NW.NCA.MSIL.PC.CD","Austria","AUT","1996-2020",25
"NW.NCA.MSIL.PC.CD","Azerbaijan","AZE","1995-2009",15
"NW.NCA.MSIL.PC.CD","Bahrain","BHR","1995-2020",26
"NW.NCA.MSIL.PC.CD","Bangladesh","BGD","1995-2020",26
"NW.NCA.MSIL.PC.CD","Belarus","BLR","1995-2020",26
"NW.NCA.MSIL.PC.CD","Belgium","BEL","1995-2020",26
"NW.NCA.MSIL.PC.CD","Belize","BLZ","1995-2020",26
"NW.NCA.MSIL.PC.CD","Benin","BEN","1995-2020",26
"NW.NCA.MSIL.PC.CD","Bosnia and Herzegovina","BIH","1995-2020",26
"NW.NCA.MSIL.PC.CD","Botswana","BWA","1995-2010, 2017-2020",20
"NW.NCA.MSIL.PC.CD","Burkina Faso","BFA","1995-2012",18
"NW.NCA.MSIL.PC.CD","Burundi","BDI","1995-2020",26
"NW.NCA.MSIL.PC.CD","Cambodia","KHM","1995-2020",26
"NW.NCA.MSIL.PC.CD","Cameroon","CMR","1995-2020",26
"NW.NCA.MSIL.PC.CD","Central African Republic","CAF","1995-2020",26
"NW.NCA.MSIL.PC.CD","Chad","TCD","1995-2020",26
"NW.NCA.MSIL.PC.CD","Comoros","COM","1995-2020",26
"NW.NCA.MSIL.PC.CD","Congo, Dem. Rep.","","1995-2009, 2017-2020",19
"NW.NCA.MSIL.PC.CD","Congo, Rep.","COG","1998-2020",23
"NW.NCA.MSIL.PC.CD","Costa Rica","CRI","1995-2004, 2008-2020",23
"NW.NCA.MSIL.PC.CD","Cote d'Ivoire","CIV","1995-2011, 2019",18
"NW.NCA.MSIL.PC.CD","Croatia","HRV","1995-2020",26
"NW.NCA.MSIL.PC.CD","Czechia","CZE","1995-2020",26
"NW.NCA.MSIL.PC.CD","Denmark","DNK","1995-2020",26
"NW.NCA.MSIL.PC.CD","Djibouti","DJI","1995-2020",26
"NW.NCA.MSIL.PC.CD","Dominican Republic","DOM","2000-2007",8
"NW.NCA.MSIL.PC.CD","Ecuador","ECU","1995, 2004-2009",7
"NW.NCA.MSIL.PC.CD","Egypt, Arab Rep.","EGY","1995-2020",26
"NW.NCA.MSIL.PC.CD","El Salvador","SLV","1995-2020",26
"NW.NCA.MSIL.PC.CD","Estonia","EST","1995-2020",26
"NW.NCA.MSIL.PC.CD","Eswatini","SWZ","1995-2020",26
"NW.NCA.MSIL.PC.CD","Ethiopia","ETH","1995-1998",4
"NW.NCA.MSIL.PC.CD","Finland","FIN","2011",1
"NW.NCA.MSIL.PC.CD","France","FRA","2010-2020",11
"NW.NCA.MSIL.PC.CD","Gabon","GAB","1995-2020",26
"NW.NCA.MSIL.PC.CD","Gambia, The","GMB","1995-2020",26
"NW.NCA.MSIL.PC.CD","Georgia","GEO","1995-2009",15
"NW.NCA.MSIL.PC.CD","Germany","DEU","1998-2020",23
"NW.NCA.MSIL.PC.CD","Guatemala","GTM","1995-2004, 2018-2019",12
"NW.NCA.MSIL.PC.CD","Guinea","GIN","1995-2020",26
"NW.NCA.MSIL.PC.CD","Guinea-Bissau","GNB","1995-2020",26
"NW.NCA.MSIL.PC.CD","Guyana","GUY","1995-2020",26
"NW.NCA.MSIL.PC.CD","Haiti","HTI","1995-2020",26
"NW.NCA.MSIL.PC.CD","Hungary","HUN","1995-2020",26
"NW.NCA.MSIL.PC.CD","Iceland","ISL","1995-2020",26
"NW.NCA.MSIL.PC.CD","Iran, Islamic Rep.","IRN","2017-2020",4
"NW.NCA.MSIL.PC.CD","Iraq","IRQ","1995-2020",26
"NW.NCA.MSIL.PC.CD","Israel","ISR","1995-2020",26
"NW.NCA.MSIL.PC.CD","Italy","ITA","2006-2020",15
"NW.NCA.MSIL.PC.CD","Jamaica","JAM","1995-2020",26
"NW.NCA.MSIL.PC.CD","Jordan","JOR","1995-2020",26
"NW.NCA.MSIL.PC.CD","Kenya","KEN","1995-2020",26
"NW.NCA.MSIL.PC.CD","Korea, Rep.","KOR","1999-2003, 2009",6
"NW.NCA.MSIL.PC.CD","Kuwait","KWT","1995-2020",26
"NW.NCA.MSIL.PC.CD","Kyrgyz Republic","KGZ","1995-2010",16
"NW.NCA.MSIL.PC.CD","Lao PDR","LAO","1995-2002",8
"NW.NCA.MSIL.PC.CD","Latvia","LVA","1995-2020",26
"NW.NCA.MSIL.PC.CD","Lebanon","LBN","1995-2020",26
"NW.NCA.MSIL.PC.CD","Lesotho","LSO","1995-2020",26
"NW.NCA.MSIL.PC.CD","Liberia","LBR","1995-2020",26
"NW.NCA.MSIL.PC.CD","Lithuania","LTU","1995-2020",26
"NW.NCA.MSIL.PC.CD","Luxembourg","LUX","1995-2020",26
"NW.NCA.MSIL.PC.CD","Madagascar","MDG","1995-2020",26
"NW.NCA.MSIL.PC.CD","Malawi","MWI","1995-2020",26
"NW.NCA.MSIL.PC.CD","Malaysia","MYS","2000-2011",12
"NW.NCA.MSIL.PC.CD","Maldives","MDV","1995-2020",26
"NW.NCA.MSIL.PC.CD","Mali","MLI","1995-1996, 2001-2010",12
"NW.NCA.MSIL.PC.CD","Malta","MLT","1995-2020",26
"NW.NCA.MSIL.PC.CD","Mauritania","MRT","1995-2020",26
"NW.NCA.MSIL.PC.CD","Mauritius","MUS","1995-2020",26
"NW.NCA.MSIL.PC.CD","Moldova","MDA","1995-2020",26
"NW.NCA.MSIL.PC.CD","Montenegro","MNE","1995-2020",26
"NW.NCA.MSIL.PC.CD","Mozambique","MOZ","1995-2020",26
"NW.NCA.MSIL.PC.CD","Nepal","NPL","1995-2020",26
"NW.NCA.MSIL.PC.CD","Netherlands","NLD","1995-2020",26
"NW.NCA.MSIL.PC.CD","Niger","NER","1995-2011",17
"NW.NCA.MSIL.PC.CD","Nigeria","NGA","1995-2020",26
"NW.NCA.MSIL.PC.CD","North Macedonia","MKD","1995, 2005-2010, 2016-2020",12
"NW.NCA.MSIL.PC.CD","Norway","NOR","1995-2020",26
"NW.NCA.MSIL.PC.CD","Oman","OMN","1995-1997, 2003-2020",21
"NW.NCA.MSIL.PC.CD","Pakistan","PAK","1995-2008",14
"NW.NCA.MSIL.PC.CD","Panama","PAN","1995, 2000-2009, 2017-2018",13
"NW.NCA.MSIL.PC.CD","Paraguay","PRY","1995-2020",26
"NW.NCA.MSIL.PC.CD","Qatar","QAT","1995-2020",26
"NW.NCA.MSIL.PC.CD","Romania","ROU","1995-2010, 2016-2020",21
"NW.NCA.MSIL.PC.CD","Rwanda","RWA","1995-2020",26
"NW.NCA.MSIL.PC.CD","Sao Tome and Principe","STP","1995-2020",26
"NW.NCA.MSIL.PC.CD","Senegal","SEN","1995-2011",17
"NW.NCA.MSIL.PC.CD","Serbia","SRB","1995-2006, 2017-2020",16
"NW.NCA.MSIL.PC.CD","Sierra Leone","SLE","1995-2020",26
"NW.NCA.MSIL.PC.CD","Singapore","SGP","1995-2020",26
"NW.NCA.MSIL.PC.CD","Slovak Republic","SVK","1995-2004, 2010-2011",12
"NW.NCA.MSIL.PC.CD","Slovenia","SVN","1995-2020",26
"NW.NCA.MSIL.PC.CD","Solomon Islands","SLB","2001-2010, 2015-2020",16
"NW.NCA.MSIL.PC.CD","Spain","ESP","2010",1
"NW.NCA.MSIL.PC.CD","Sri Lanka","LKA","1995-2020",26
"NW.NCA.MSIL.PC.CD","St. Lucia","LCA","1995-2020",26
"NW.NCA.MSIL.PC.CD","Sudan","SDN","1995-2011",17
"NW.NCA.MSIL.PC.CD","Suriname","SUR","1995-2020",26
"NW.NCA.MSIL.PC.CD","Switzerland","CHE","1995-2009, 2015-2020",21
"NW.NCA.MSIL.PC.CD","Tajikistan","TJK","1995-1997",3
"NW.NCA.MSIL.PC.CD","Tanzania","TZA","1995-1999",5
"NW.NCA.MSIL.PC.CD","Thailand","THA","1995-2004, 2017-2020",14
"NW.NCA.MSIL.PC.CD","Togo","TGO","1995-2020",26
"NW.NCA.MSIL.PC.CD","Trinidad and Tobago","TTO","1995-2020",26
"NW.NCA.MSIL.PC.CD","Tunisia","TUN","2006-2020",15
"NW.NCA.MSIL.PC.CD","Uganda","UGA","1995-2020",26
"NW.NCA.MSIL.PC.CD","Ukraine","UKR","1995-2020",26
"NW.NCA.MSIL.PC.CD","United Arab Emirates","ARE","1995-2020",26
"NW.NCA.MSIL.PC.CD","United Kingdom","GBR","1995-2010, 2014-2018",21
"NW.NCA.MSIL.PC.CD","Uruguay","URY","1995-2020",26
"NW.NCA.MSIL.PC.CD","Viet Nam","VNM","1995-2020",26
"NW.NCA.MSIL.PC.CD","Zambia","ZMB","2001-2009, 2017",10
"NW.NCA.MSIL.PC.CD","Zimbabwe","ZWE","2009-2010",2
"NW.NCA.MSIL.TO","Botswana","BWA","1995-2020",26
"NW.NCA.MSIL.TO","Congo, Dem. Rep.","","1995-2020",26
"NW.NCA.MSIL.TO","Cote d'Ivoire","CIV","1995-2020",26
"NW.NCA.MSIL.TO","France","FRA","1995-2020",26
"NW.NCA.MSIL.TO","Germany","DEU","1995-2020",26
"NW.NCA.MSIL.TO","Guatemala","GTM","1995-2020",26
"NW.NCA.MSIL.TO","Iran, Islamic Rep.","IRN","1995-2020",26
"NW.NCA.MSIL.TO","Montenegro","MNE","1995-2006",12
"NW.NCA.MSIL.TO","North Macedonia","MKD","1995-2020",26
"NW.NCA.MSIL.TO","Romania","ROU","1995-2020",26
"NW.NCA.MSIL.TO","Serbia","SRB","1995-2020",26
"NW.NCA.MSIL.TO","Solomon Islands","SLB","1995-2020",26
"NW.NCA.MSIL.TO","Sudan","SDN","1995-2011",17
"NW.NCA.MSIL.TO","Thailand","THA","1995-2020",26
"NW.NCA.MSIL.TO","Tunisia","TUN","1995-2020",26
"NW.NCA.MSIL.TO.CD","Albania","ALB","1995-2020",26
"NW.NCA.MSIL.TO.CD","Angola","AGO","1995-2020",26
"NW.NCA.MSIL.TO.CD","Armenia","ARM","1995-2001",7
"NW.NCA.MSIL.TO.CD","Austria","AUT","1996-2020",25
"NW.NCA.MSIL.TO.CD","Azerbaijan","AZE","1995-2009",15
"NW.NCA.MSIL.TO.CD","Bahrain","BHR","1995-2020",26
"NW.NCA.MSIL.TO.CD","Bangladesh","BGD","1995-2020",26
"NW.NCA.MSIL.TO.CD","Belarus","BLR","1995-2020",26
"NW.NCA.MSIL.TO.CD","Belgium","BEL","1995-2020",26
"NW.NCA.MSIL.TO.CD","Belize","BLZ","1995-2020",26
"NW.NCA.MSIL.TO.CD","Benin","BEN","1995-2020",26
"NW.NCA.MSIL.TO.CD","Bosnia and Herzegovina","BIH","1995-2020",26
"NW.NCA.MSIL.TO.CD","Botswana","BWA","1995-2010, 2017-2020",20
"NW.NCA.MSIL.TO.CD","Burkina Faso","BFA","1995-2012",18
"NW.NCA.MSIL.TO.CD","Burundi","BDI","1995-2020",26
"NW.NCA.MSIL.TO.CD","Cambodia","KHM","1995-2020",26
"NW.NCA.MSIL.TO.CD","Cameroon","CMR","1995-2020",26
"NW.NCA.MSIL.TO.CD","Central African Republic","CAF","1995-2020",26
"NW.NCA.MSIL.TO.CD","Chad","TCD","1995-2020",26
"NW.NCA.MSIL.TO.CD","Comoros","COM","1995-2020",26
"NW.NCA.MSIL.TO.CD","Congo, Dem. Rep.","","1995-2009, 2017-2020",19
"NW.NCA.MSIL.TO.CD","Congo, Rep.","COG","1998-2020",23
"NW.NCA.MSIL.TO.CD","Costa Rica","CRI","1995-2004, 2008-2020",23
"NW.NCA.MSIL.TO.CD","Cote d'Ivoire","CIV","1995-2011, 2019",18
"NW.NCA.MSIL.TO.CD","Croatia","HRV","1995-2020",26
"NW.NCA.MSIL.TO.CD","Czechia","CZE","1995-2020",26
"NW.NCA.MSIL.TO.CD","Denmark","DNK","1995-2020",26
"NW.NCA.MSIL.TO.CD","Djibouti","DJI","1995-2020",26
"NW.NCA.MSIL.TO.CD","Dominican Republic","DOM","2000-2007",8
"NW.NCA.MSIL.TO.CD","Ecuador","ECU","1995, 2004-2009",7
"NW.NCA.MSIL.TO.CD","Egypt, Arab Rep.","EGY","1995-2020",26
"NW.NCA.MSIL.TO.CD","El Salvador","SLV","1995-2020",26
"NW.NCA.MSIL.TO.CD","Estonia","EST","1995-2020",26
"NW.NCA.MSIL.TO.CD","Eswatini","SWZ","1995-2020",26
"NW.NCA.MSIL.TO.CD","Ethiopia","ETH","1995-1998",4
"NW.NCA.MSIL.TO.CD","Finland","FIN","2011",1
"NW.NCA.MSIL.TO.CD","France","FRA","2010-2020",11
"NW.NCA.MSIL.TO.CD","Gabon","GAB","1995-2020",26
"NW.NCA.MSIL.TO.CD","Gambia, The","GMB","1995-2020",26
"NW.NCA.MSIL.TO.CD","Georgia","GEO","1995-2009",15
"NW.NCA.MSIL.TO.CD","Germany","DEU","1998-2020",23
"NW.NCA.MSIL.TO.CD","Guatemala","GTM","1995-2004, 2018-2019",12
"NW.NCA.MSIL.TO.CD","Guinea","GIN","1995-2020",26
"NW.NCA.MSIL.TO.CD","Guinea-Bissau","GNB","1995-2020",26
"NW.NCA.MSIL.TO.CD","Guyana","GUY","1995-2020",26
"NW.NCA.MSIL.TO.CD","Haiti","HTI","1995-2020",26
"NW.NCA.MSIL.TO.CD","Hungary","HUN","1995-2020",26
"NW.NCA.MSIL.TO.CD","Iceland","ISL","1995-2020",26
"NW.NCA.MSIL.TO.CD","Iran, Islamic Rep.","IRN","2017-2020",4
"NW.NCA.MSIL.TO.CD","Iraq","IRQ","1995-2020",26
"NW.NCA.MSIL.TO.CD","Israel","ISR","1995-2020",26
"NW.NCA.MSIL.TO.CD","Italy","ITA","2006-2020",15
"NW.NCA.MSIL.TO.CD","Jamaica","JAM","1995-2020",26
"NW.NCA.MSIL.TO.CD","Jordan","JOR","1995-2020",26
"NW.NCA.MSIL.TO.CD","Kenya","KEN","1995-2020",26
"NW.NCA.MSIL.TO.CD","Korea, Rep.","KOR","1999-2003, 2009",6
"NW.NCA.MSIL.TO.CD","Kuwait","KWT","1995-2020",26
"NW.NCA.MSIL.TO.CD","Kyrgyz Republic","KGZ","1995-2010",16
"NW.NCA.MSIL.TO.CD","Lao PDR","LAO","1995-2002",8
"NW.NCA.MSIL.TO.CD","Latvia","LVA","1995-2020",26
"NW.NCA.MSIL.TO.CD","Lebanon","LBN","1995-2020",26
"NW.NCA.MSIL.TO.CD","Lesotho","LSO","1995-2020",26
"NW.NCA.MSIL.TO.CD","Liberia","LBR","1995-2020",26
"NW.NCA.MSIL.TO.CD","Lithuania","LTU","1995-2020",26
"NW.NCA.MSIL.TO.CD","Luxembourg","LUX","1995-2020",26
"NW.NCA.MSIL.TO.CD","Madagascar","MDG","1995-2020",26
"NW.NCA.MSIL.TO.CD","Malawi","MWI","1995-2020",26
"NW.NCA.MSIL.TO.CD","Malaysia","MYS","2000-2011",12
"NW.NCA.MSIL.TO.CD","Maldives","MDV","1995-2020",26
"NW.NCA.MSIL.TO.CD","Mali","MLI","1995-1996, 2001-2010",12
"NW.NCA.MSIL.TO.CD","Malta","MLT","1995-2020",26
"NW.NCA.MSIL.TO.CD","Mauritania","MRT","1995-2020",26
"NW.NCA.MSIL.TO.CD","Mauritius","MUS","1995-2020",26
"NW.NCA.MSIL.TO.CD","Moldova","MDA","1995-2020",26
"NW.NCA.MSIL.TO.CD","Montenegro","MNE","1995-2020",26
"NW.NCA.MSIL.TO.CD","Mozambique","MOZ","1995-2020",26
"NW.NCA.MSIL.TO.CD","Nepal","NPL","1995-2020",26
"NW.NCA.MSIL.TO.CD","Netherlands","NLD","1995-2020",26
"NW.NCA.MSIL.TO.CD","Niger","NER","1995-2011",17
"NW.NCA.MSIL.TO.CD","Nigeria","NGA","1995-2020",26
"NW.NCA.MSIL.TO.CD","North Macedonia","MKD","1995, 2005-2010, 2016-2020",12
"NW.NCA.MSIL.TO.CD","Norway","NOR","1995-2020",26
"NW.NCA.MSIL.TO.CD","Oman","OMN","1995-1997, 2003-2020",21
"NW.NCA.MSIL.TO.CD","Pakistan","PAK","1995-2008",14
"NW.NCA.MSIL.TO.CD","Panama","PAN","1995, 2000-2009, 2017-2018",13
"NW.NCA.MSIL.TO.CD","Paraguay","PRY","1995-2020",26
"NW.NCA.MSIL.TO.CD","Qatar","QAT","1995-2020",26
"NW.NCA.MSIL.TO.CD","Romania","ROU","1995-2010, 2016-2020",21
"NW.NCA.MSIL.TO.CD","Rwanda","RWA","1995-2020",26
"NW.NCA.MSIL.TO.CD","Sao Tome and Principe","STP","1995-2020",26
"NW.NCA.MSIL.TO.CD","Senegal","SEN","1995-2011",17
"NW.NCA.MSIL.TO.CD","Serbia","SRB","1995-2006, 2017-2020",16
"NW.NCA.MSIL.TO.CD","Sierra Leone","SLE","1995-2020",26
"NW.NCA.MSIL.TO.CD","Singapore","SGP","1995-2020",26
"NW.NCA.MSIL.TO.CD","Slovak Republic","SVK","1995-2004, 2010-2011",12
"NW.NCA.MSIL.TO.CD","Slovenia","SVN","1995-2020",26
"NW.NCA.MSIL.TO.CD","Solomon Islands","SLB","2001-2010, 2015-2020",16
"NW.NCA.MSIL.TO.CD","Spain","ESP","2010",1
"NW.NCA.MSIL.TO.CD","Sri Lanka","LKA","1995-2020",26
"NW.NCA.MSIL.TO.CD","St. Lucia","LCA","1995-2020",26
"NW.NCA.MSIL.TO.CD","Sudan","SDN","1995-2011",17
"NW.NCA.MSIL.TO.CD","Suriname","SUR","1995-2020",26
"NW.NCA.MSIL.TO.CD","Switzerland","CHE","1995-2009, 2015-2020",21
"NW.NCA.MSIL.TO.CD","Tajikistan","TJK","1995-1997",3
"NW.NCA.MSIL.TO.CD","Tanzania","TZA","1995-1999",5
"NW.NCA.MSIL.TO.CD","Thailand","THA","1995-2004, 2017-2020",14
"NW.NCA.MSIL.TO.CD","Togo","TGO","1995-2020",26
"NW.NCA.MSIL.TO.CD","Trinidad and Tobago","TTO","1995-2020",26
"NW.NCA.MSIL.TO.CD","Tunisia","TUN","2006-2020",15
"NW.NCA.MSIL.TO.CD","Uganda","UGA","1995-2020",26
"NW.NCA.MSIL.TO.CD","Ukraine","UKR","1995-2020",26
"NW.NCA.MSIL.TO.CD","United Arab Emirates","ARE","1995-2020",26
"NW.NCA.MSIL.TO.CD","United Kingdom","GBR","1995-2010, 2014-2018",21
"NW.NCA.MSIL.TO.CD","Uruguay","URY","1995-2020",26
"NW.NCA.MSIL.TO.CD","Viet Nam","VNM","1995-2020",26
"NW.NCA.MSIL.TO.CD","Zambia","ZMB","2001-2009, 2017",10
"NW.NCA.MSIL.TO.CD","Zimbabwe","ZWE","2009-2010",2
"NW.NCA.MTIN.PC","Colombia","COL","1995-2020",26
"NW.NCA.MTIN.PC","Egypt, Arab Rep.","EGY","1995-2020",26
"NW.NCA.MTIN.PC","Kyrgyz Republic","KGZ","1995-2020",26
"NW.NCA.MTIN.PC","Lao PDR","LAO","1995-2020",26
"NW.NCA.MTIN.PC","Mexico","MEX","1995-2020",26
"NW.NCA.MTIN.PC","Montenegro","MNE","1995-2006",12
"NW.NCA.MTIN.PC","Namibia","NAM","1995-2020",26
"NW.NCA.MTIN.PC","Niger","NER","1995-2020",26
"NW.NCA.MTIN.PC","Serbia","SRB","1995-2006",12
"NW.NCA.MTIN.PC","Spain","ESP","1995-2020",26
"NW.NCA.MTIN.PC","Sudan","SDN","1995-2011",17
"NW.NCA.MTIN.PC","United Kingdom","GBR","1995-2020",26
"NW.NCA.MTIN.PC","Zimbabwe","ZWE","1995-2020",26
"NW.NCA.MTIN.PC.CD","Albania","ALB","1995-2020",26
"NW.NCA.MTIN.PC.CD","Angola","AGO","1995-2020",26
"NW.NCA.MTIN.PC.CD","Argentina","ARG","1995-2020",26
"NW.NCA.MTIN.PC.CD","Armenia","ARM","1995-2020",26
"NW.NCA.MTIN.PC.CD","Austria","AUT","1995-2020",26
"NW.NCA.MTIN.PC.CD","Azerbaijan","AZE","1995-2020",26
"NW.NCA.MTIN.PC.CD","Bahrain","BHR","1995-2020",26
"NW.NCA.MTIN.PC.CD","Bangladesh","BGD","1995-2020",26
"NW.NCA.MTIN.PC.CD","Belarus","BLR","1995-2020",26
"NW.NCA.MTIN.PC.CD","Belgium","BEL","1995-2020",26
"NW.NCA.MTIN.PC.CD","Belize","BLZ","1995-2020",26
"NW.NCA.MTIN.PC.CD","Benin","BEN","1995-2020",26
"NW.NCA.MTIN.PC.CD","Bosnia and Herzegovina","BIH","1995-2020",26
"NW.NCA.MTIN.PC.CD","Botswana","BWA","1995-2020",26
"NW.NCA.MTIN.PC.CD","Bulgaria","BGR","1995-2020",26
"NW.NCA.MTIN.PC.CD","Burkina Faso","BFA","1995-2020",26
"NW.NCA.MTIN.PC.CD","Burundi","BDI","1997, 2002-2003",3
"NW.NCA.MTIN.PC.CD","Cambodia","KHM","1995-2020",26
"NW.NCA.MTIN.PC.CD","Cameroon","CMR","1998-2020",23
"NW.NCA.MTIN.PC.CD","Canada","CAN","1995-2020",26
"NW.NCA.MTIN.PC.CD","Central African Republic","CAF","1995-2020",26
"NW.NCA.MTIN.PC.CD","Chad","TCD","1995-2020",26
"NW.NCA.MTIN.PC.CD","Chile","CHL","1995-2020",26
"NW.NCA.MTIN.PC.CD","Colombia","COL","1995-2013, 2016-2018",22
"NW.NCA.MTIN.PC.CD","Comoros","COM","1995-2020",26
"NW.NCA.MTIN.PC.CD","Congo, Dem. Rep.","","1995-2010",16
"NW.NCA.MTIN.PC.CD","Congo, Rep.","COG","1995-2020",26
"NW.NCA.MTIN.PC.CD","Costa Rica","CRI","1995-2020",26
"NW.NCA.MTIN.PC.CD","Cote d'Ivoire","CIV","1995-2020",26
"NW.NCA.MTIN.PC.CD","Croatia","HRV","1995-2020",26
"NW.NCA.MTIN.PC.CD","Czechia","CZE","1995-2020",26
"NW.NCA.MTIN.PC.CD","Denmark","DNK","1995-2020",26
"NW.NCA.MTIN.PC.CD","Djibouti","DJI","1995-2020",26
"NW.NCA.MTIN.PC.CD","Dominican Republic","DOM","1995-2020",26
"NW.NCA.MTIN.PC.CD","Ecuador","ECU","1995-2020",26
"NW.NCA.MTIN.PC.CD","Egypt, Arab Rep.","EGY","1995-2012, 2016-2020",23
"NW.NCA.MTIN.PC.CD","El Salvador","SLV","1995-2020",26
"NW.NCA.MTIN.PC.CD","Estonia","EST","1995-2020",26
"NW.NCA.MTIN.PC.CD","Eswatini","SWZ","1995-2020",26
"NW.NCA.MTIN.PC.CD","Ethiopia","ETH","1995-2020",26
"NW.NCA.MTIN.PC.CD","Finland","FIN","1995-2020",26
"NW.NCA.MTIN.PC.CD","France","FRA","1995-2020",26
"NW.NCA.MTIN.PC.CD","Gabon","GAB","1995-2020",26
"NW.NCA.MTIN.PC.CD","Gambia, The","GMB","1995-2020",26
"NW.NCA.MTIN.PC.CD","Georgia","GEO","1995-2020",26
"NW.NCA.MTIN.PC.CD","Germany","DEU","1995-2020",26
"NW.NCA.MTIN.PC.CD","Ghana","GHA","1995-2020",26
"NW.NCA.MTIN.PC.CD","Greece","GRC","1995-2020",26
"NW.NCA.MTIN.PC.CD","Guatemala","GTM","1995-2020",26
"NW.NCA.MTIN.PC.CD","Guinea","GIN","1995-2020",26
"NW.NCA.MTIN.PC.CD","Guinea-Bissau","GNB","1995-2020",26
"NW.NCA.MTIN.PC.CD","Guyana","GUY","1995-2020",26
"NW.NCA.MTIN.PC.CD","Haiti","HTI","1995-2020",26
"NW.NCA.MTIN.PC.CD","Honduras","HND","1995-2020",26
"NW.NCA.MTIN.PC.CD","Hungary","HUN","1995-2020",26
"NW.NCA.MTIN.PC.CD","Iceland","ISL","1995-2020",26
"NW.NCA.MTIN.PC.CD","India","IND","1995-2009",15
"NW.NCA.MTIN.PC.CD","Iran, Islamic Rep.","IRN","1995-2020",26
"NW.NCA.MTIN.PC.CD","Iraq","IRQ","1995-2020",26
"NW.NCA.MTIN.PC.CD","Ireland","IRL","1995-2020",26
"NW.NCA.MTIN.PC.CD","Israel","ISR","1995-2020",26
"NW.NCA.MTIN.PC.CD","Italy","ITA","1995-2020",26
"NW.NCA.MTIN.PC.CD","Jamaica","JAM","1995-2020",26
"NW.NCA.MTIN.PC.CD","Japan","JPN","1995-2020",26
"NW.NCA.MTIN.PC.CD","Jordan","JOR","1995-2020",26
"NW.NCA.MTIN.PC.CD","Kazakhstan","KAZ","1996-2020",25
"NW.NCA.MTIN.PC.CD","Kenya","KEN","1995-2020",26
"NW.NCA.MTIN.PC.CD","Korea, Rep.","KOR","1995-2020",26
"NW.NCA.MTIN.PC.CD","Kuwait","KWT","1995-2020",26
"NW.NCA.MTIN.PC.CD","Kyrgyz Republic","KGZ","1995-1997, 2004-2020",20
"NW.NCA.MTIN.PC.CD","Lao PDR","LAO","2017-2018",2
"NW.NCA.MTIN.PC.CD","Latvia","LVA","1995-2020",26
"NW.NCA.MTIN.PC.CD","Lebanon","LBN","1995-2020",26
"NW.NCA.MTIN.PC.CD","Lesotho","LSO","1995-2020",26
"NW.NCA.MTIN.PC.CD","Liberia","LBR","1995-2020",26
"NW.NCA.MTIN.PC.CD","Lithuania","LTU","1995-2020",26
"NW.NCA.MTIN.PC.CD","Luxembourg","LUX","1995-2020",26
"NW.NCA.MTIN.PC.CD","Madagascar","MDG","1995-2020",26
"NW.NCA.MTIN.PC.CD","Malawi","MWI","1995-2020",26
"NW.NCA.MTIN.PC.CD","Maldives","MDV","1995-2020",26
"NW.NCA.MTIN.PC.CD","Mali","MLI","1995-2020",26
"NW.NCA.MTIN.PC.CD","Malta","MLT","1995-2020",26
"NW.NCA.MTIN.PC.CD","Mauritania","MRT","1995-2020",26
"NW.NCA.MTIN.PC.CD","Mauritius","MUS","1995-2020",26
"NW.NCA.MTIN.PC.CD","Mexico","MEX","2009-2020",12
"NW.NCA.MTIN.PC.CD","Moldova","MDA","1995-2020",26
"NW.NCA.MTIN.PC.CD","Mongolia","MNG","1999-2004, 2006",7
"NW.NCA.MTIN.PC.CD","Montenegro","MNE","1995-2020",26
"NW.NCA.MTIN.PC.CD","Morocco","MAR","1995-2020",26
"NW.NCA.MTIN.PC.CD","Mozambique","MOZ","1995-2020",26
"NW.NCA.MTIN.PC.CD","Namibia","NAM","1996-2018",23
"NW.NCA.MTIN.PC.CD","Nepal","NPL","1995-2020",26
"NW.NCA.MTIN.PC.CD","Netherlands","NLD","1995-2020",26
"NW.NCA.MTIN.PC.CD","New Zealand","NZL","1995-2020",26
"NW.NCA.MTIN.PC.CD","Nicaragua","NIC","1995-2020",26
"NW.NCA.MTIN.PC.CD","Niger","NER","2009-2020",12
"NW.NCA.MTIN.PC.CD","North Macedonia","MKD","1995-2020",26
"NW.NCA.MTIN.PC.CD","Norway","NOR","1995-2020",26
"NW.NCA.MTIN.PC.CD","Oman","OMN","1995-2020",26
"NW.NCA.MTIN.PC.CD","Pakistan","PAK","1995-2020",26
"NW.NCA.MTIN.PC.CD","Panama","PAN","1995-2020",26
"NW.NCA.MTIN.PC.CD","Papua New Guinea","PNG","1995-2020",26
"NW.NCA.MTIN.PC.CD","Paraguay","PRY","1995-2020",26
"NW.NCA.MTIN.PC.CD","Philippines","PHL","1995-2020",26
"NW.NCA.MTIN.PC.CD","Poland","POL","1995-2020",26
"NW.NCA.MTIN.PC.CD","Qatar","QAT","1995-2020",26
"NW.NCA.MTIN.PC.CD","Romania","ROU","1995-2020",26
"NW.NCA.MTIN.PC.CD","Sao Tome and Principe","STP","1995-2020",26
"NW.NCA.MTIN.PC.CD","Saudi Arabia","SAU","1995-2020",26
"NW.NCA.MTIN.PC.CD","Senegal","SEN","1995-2020",26
"NW.NCA.MTIN.PC.CD","Serbia","SRB","1995-2020",26
"NW.NCA.MTIN.PC.CD","Sierra Leone","SLE","1995-2020",26
"NW.NCA.MTIN.PC.CD","Singapore","SGP","1995-2020",26
"NW.NCA.MTIN.PC.CD","Slovak Republic","SVK","1995-2020",26
"NW.NCA.MTIN.PC.CD","Slovenia","SVN","1995-2020",26
"NW.NCA.MTIN.PC.CD","Solomon Islands","SLB","1995-2020",26
"NW.NCA.MTIN.PC.CD","South Africa","ZAF","1995-2020",26
"NW.NCA.MTIN.PC.CD","Spain","ESP","2005-2020",16
"NW.NCA.MTIN.PC.CD","Sri Lanka","LKA","1995-2020",26
"NW.NCA.MTIN.PC.CD","St. Lucia","LCA","1995-2020",26
"NW.NCA.MTIN.PC.CD","Sudan","SDN","1995-2020",26
"NW.NCA.MTIN.PC.CD","Suriname","SUR","1995-2020",26
"NW.NCA.MTIN.PC.CD","Sweden","SWE","1995-2020",26
"NW.NCA.MTIN.PC.CD","Switzerland","CHE","1995-2020",26
"NW.NCA.MTIN.PC.CD","Tajikistan","TJK","1995-2020",26
"NW.NCA.MTIN.PC.CD","Tanzania","TZA","1996-2020",25
"NW.NCA.MTIN.PC.CD","Togo","TGO","1995-2020",26
"NW.NCA.MTIN.PC.CD","Trinidad and Tobago","TTO","1995-2020",26
"NW.NCA.MTIN.PC.CD","Tunisia","TUN","1995-2020",26
"NW.NCA.MTIN.PC.CD","Turkiye","TUR","1995-2020",26
"NW.NCA.MTIN.PC.CD","Uganda","UGA","1996-1997, 1999-2000, 2002-2003, 2009, 2011-2012",9
"NW.NCA.MTIN.PC.CD","Ukraine","UKR","1995-2020",26
"NW.NCA.MTIN.PC.CD","United Arab Emirates","ARE","1995-2020",26
"NW.NCA.MTIN.PC.CD","United Kingdom","GBR","1999-2015, 2019-2020",19
"NW.NCA.MTIN.PC.CD","United States","USA","1996-2020",25
"NW.NCA.MTIN.PC.CD","Uruguay","URY","1995-2020",26
"NW.NCA.MTIN.PC.CD","Zambia","ZMB","1995-2020",26
"NW.NCA.MTIN.PC.CD","Zimbabwe","ZWE","2000-2020",21
"NW.NCA.MTIN.TO","Colombia","COL","1995-2020",26
"NW.NCA.MTIN.TO","Egypt, Arab Rep.","EGY","1995-2020",26
"NW.NCA.MTIN.TO","Kyrgyz Republic","KGZ","1995-2020",26
"NW.NCA.MTIN.TO","Lao PDR","LAO","1995-2020",26
"NW.NCA.MTIN.TO","Mexico","MEX","1995-2020",26
"NW.NCA.MTIN.TO","Montenegro","MNE","1995-2006",12
"NW.NCA.MTIN.TO","Namibia","NAM","1995-2020",26
"NW.NCA.MTIN.TO","Niger","NER","1995-2020",26
"NW.NCA.MTIN.TO","Serbia","SRB","1995-2006",12
"NW.NCA.MTIN.TO","Spain","ESP","1995-2020",26
"NW.NCA.MTIN.TO","Sudan","SDN","1995-2011",17
"NW.NCA.MTIN.TO","United Kingdom","GBR","1995-2020",26
"NW.NCA.MTIN.TO","Zimbabwe","ZWE","1995-2020",26
"NW.NCA.MTIN.TO.CD","Albania","ALB","1995-2020",26
"NW.NCA.MTIN.TO.CD","Angola","AGO","1995-2020",26
"NW.NCA.MTIN.TO.CD","Argentina","ARG","1995-2020",26
"NW.NCA.MTIN.TO.CD","Armenia","ARM","1995-2020",26
"NW.NCA.MTIN.TO.CD","Austria","AUT","1995-2020",26
"NW.NCA.MTIN.TO.CD","Azerbaijan","AZE","1995-2020",26
"NW.NCA.MTIN.TO.CD","Bahrain","BHR","1995-2020",26
"NW.NCA.MTIN.TO.CD","Bangladesh","BGD","1995-2020",26
"NW.NCA.MTIN.TO.CD","Belarus","BLR","1995-2020",26
"NW.NCA.MTIN.TO.CD","Belgium","BEL","1995-2020",26
"NW.NCA.MTIN.TO.CD","Belize","BLZ","1995-2020",26
"NW.NCA.MTIN.TO.CD","Benin","BEN","1995-2020",26
"NW.NCA.MTIN.TO.CD","Bosnia and Herzegovina","BIH","1995-2020",26
"NW.NCA.MTIN.TO.CD","Botswana","BWA","1995-2020",26
"NW.NCA.MTIN.TO.CD","Bulgaria","BGR","1995-2020",26
"NW.NCA.MTIN.TO.CD","Burkina Faso","BFA","1995-2020",26
"NW.NCA.MTIN.TO.CD","Burundi","BDI","1997, 2002-2003",3
"NW.NCA.MTIN.TO.CD","Cambodia","KHM","1995-2020",26
"NW.NCA.MTIN.TO.CD","Cameroon","CMR","1998-2020",23
"NW.NCA.MTIN.TO.CD","Canada","CAN","1995-2020",26
"NW.NCA.MTIN.TO.CD","Central African Republic","CAF","1995-2020",26
"NW.NCA.MTIN.TO.CD","Chad","TCD","1995-2020",26
"NW.NCA.MTIN.TO.CD","Chile","CHL","1995-2020",26
"NW.NCA.MTIN.TO.CD","Colombia","COL","1995-2013, 2016-2018",22
"NW.NCA.MTIN.TO.CD","Comoros","COM","1995-2020",26
"NW.NCA.MTIN.TO.CD","Congo, Dem. Rep.","","1995-2010",16
"NW.NCA.MTIN.TO.CD","Congo, Rep.","COG","1995-2020",26
"NW.NCA.MTIN.TO.CD","Costa Rica","CRI","1995-2020",26
"NW.NCA.MTIN.TO.CD","Cote d'Ivoire","CIV","1995-2020",26
"NW.NCA.MTIN.TO.CD","Croatia","HRV","1995-2020",26
"NW.NCA.MTIN.TO.CD","Czechia","CZE","1995-2020",26
"NW.NCA.MTIN.TO.CD","Denmark","DNK","1995-2020",26
"NW.NCA.MTIN.TO.CD","Djibouti","DJI","1995-2020",26
"NW.NCA.MTIN.TO.CD","Dominican Republic","DOM","1995-2020",26
"NW.NCA.MTIN.TO.CD","Ecuador","ECU","1995-2020",26
"NW.NCA.MTIN.TO.CD","Egypt, Arab Rep.","EGY","1995-2012, 2016-2020",23
"NW.NCA.MTIN.TO.CD","El Salvador","SLV","1995-2020",26
"NW.NCA.MTIN.TO.CD","Estonia","EST","1995-2020",26
"NW.NCA.MTIN.TO.CD","Eswatini","SWZ","1995-2020",26
"NW.NCA.MTIN.TO.CD","Ethiopia","ETH","1995-2020",26
"NW.NCA.MTIN.TO.CD","Finland","FIN","1995-2020",26
"NW.NCA.MTIN.TO.CD","France","FRA","1995-2020",26
"NW.NCA.MTIN.TO.CD","Gabon","GAB","1995-2020",26
"NW.NCA.MTIN.TO.CD","Gambia, The","GMB","1995-2020",26
"NW.NCA.MTIN.TO.CD","Georgia","GEO","1995-2020",26
"NW.NCA.MTIN.TO.CD","Germany","DEU","1995-2020",26
"NW.NCA.MTIN.TO.CD","Ghana","GHA","1995-2020",26
"NW.NCA.MTIN.TO.CD","Greece","GRC","1995-2020",26
"NW.NCA.MTIN.TO.CD","Guatemala","GTM","1995-2020",26
"NW.NCA.MTIN.TO.CD","Guinea","GIN","1995-2020",26
"NW.NCA.MTIN.TO.CD","Guinea-Bissau","GNB","1995-2020",26
"NW.NCA.MTIN.TO.CD","Guyana","GUY","1995-2020",26
"NW.NCA.MTIN.TO.CD","Haiti","HTI","1995-2020",26
"NW.NCA.MTIN.TO.CD","Honduras","HND","1995-2020",26
"NW.NCA.MTIN.TO.CD","Hungary","HUN","1995-2020",26
"NW.NCA.MTIN.TO.CD","Iceland","ISL","1995-2020",26
"NW.NCA.MTIN.TO.CD","India","IND","1995-2009",15
"NW.NCA.MTIN.TO.CD","Iran, Islamic Rep.","IRN","1995-2020",26
"NW.NCA.MTIN.TO.CD","Iraq","IRQ","1995-2020",26
"NW.NCA.MTIN.TO.CD","Ireland","IRL","1995-2020",26
"NW.NCA.MTIN.TO.CD","Israel","ISR","1995-2020",26
"NW.NCA.MTIN.TO.CD","Italy","ITA","1995-2020",26
"NW.NCA.MTIN.TO.CD","Jamaica","JAM","1995-2020",26
"NW.NCA.MTIN.TO.CD","Japan","JPN","1995-2020",26
"NW.NCA.MTIN.TO.CD","Jordan","JOR","1995-2020",26
"NW.NCA.MTIN.TO.CD","Kazakhstan","KAZ","1996-2020",25
"NW.NCA.MTIN.TO.CD","Kenya","KEN","1995-2020",26
"NW.NCA.MTIN.TO.CD","Korea, Rep.","KOR","1995-2020",26
"NW.NCA.MTIN.TO.CD","Kuwait","KWT","1995-2020",26
"NW.NCA.MTIN.TO.CD","Kyrgyz Republic","KGZ","1995-1997, 2004-2020",20
"NW.NCA.MTIN.TO.CD","Lao PDR","LAO","2017-2018",2
"NW.NCA.MTIN.TO.CD","Latvia","LVA","1995-2020",26
"NW.NCA.MTIN.TO.CD","Lebanon","LBN","1995-2020",26
"NW.NCA.MTIN.TO.CD","Lesotho","LSO","1995-2020",26
"NW.NCA.MTIN.TO.CD","Liberia","LBR","1995-2020",26
"NW.NCA.MTIN.TO.CD","Lithuania","LTU","1995-2020",26
"NW.NCA.MTIN.TO.CD","Luxembourg","LUX","1995-2020",26
"NW.NCA.MTIN.TO.CD","Madagascar","MDG","1995-2020",26
"NW.NCA.MTIN.TO.CD","Malawi","MWI","1995-2020",26
"NW.NCA.MTIN.TO.CD","Maldives","MDV","1995-2020",26
"NW.NCA.MTIN.TO.CD","Mali","MLI","1995-2020",26
"NW.NCA.MTIN.TO.CD","Malta","MLT","1995-2020",26
"NW.NCA.MTIN.TO.CD","Mauritania","MRT","1995-2020",26
"NW.NCA.MTIN.TO.CD","Mauritius","MUS","1995-2020",26
"NW.NCA.MTIN.TO.CD","Mexico","MEX","2009-2020",12
"NW.NCA.MTIN.TO.CD","Moldova","MDA","1995-2020",26
"NW.NCA.MTIN.TO.CD","Mongolia","MNG","1999-2004, 2006",7
"NW.NCA.MTIN.TO.CD","Montenegro","MNE","1995-2020",26
"NW.NCA.MTIN.TO.CD","Morocco","MAR","1995-2020",26
"NW.NCA.MTIN.TO.CD","Mozambique","MOZ","1995-2020",26
"NW.NCA.MTIN.TO.CD","Namibia","NAM","1996-2018",23
"NW.NCA.MTIN.TO.CD","Nepal","NPL","1995-2020",26
"NW.NCA.MTIN.TO.CD","Netherlands","NLD","1995-2020",26
"NW.NCA.MTIN.TO.CD","New Zealand","NZL","1995-2020",26
"NW.NCA.MTIN.TO.CD","Nicaragua","NIC","1995-2020",26
"NW.NCA.MTIN.TO.CD","Niger","NER","2009-2020",12
"NW.NCA.MTIN.TO.CD","North Macedonia","MKD","1995-2020",26
"NW.NCA.MTIN.TO.CD","Norway","NOR","1995-2020",26
"NW.NCA.MTIN.TO.CD","Oman","OMN","1995-2020",26
"NW.NCA.MTIN.TO.CD","Pakistan","PAK","1995-2020",26
"NW.NCA.MTIN.TO.CD","Panama","PAN","1995-2020",26
"NW.NCA.MTIN.TO.CD","Papua New Guinea","PNG","1995-2020",26
"NW.NCA.MTIN.TO.CD","Paraguay","PRY","1995-2020",26
"NW.NCA.MTIN.TO.CD","Philippines","PHL","1995-2020",26
"NW.NCA.MTIN.TO.CD","Poland","POL","1995-2020",26
"NW.NCA.MTIN.TO.CD","Qatar","QAT","1995-2020",26
"NW.NCA.MTIN.TO.CD","Romania","ROU","1995-2020",26
"NW.NCA.MTIN.TO.CD","Sao Tome and Principe","STP","1995-2020",26
"NW.NCA.MTIN.TO.CD","Saudi Arabia","SAU","1995-2020",26
"NW.NCA.MTIN.TO.CD","Senegal","SEN","1995-2020",26
"NW.NCA.MTIN.TO.CD","Serbia","SRB","1995-2020",26
"NW.NCA.MTIN.TO.CD","Sierra Leone","SLE","1995-2020",26
"NW.NCA.MTIN.TO.CD","Singapore","SGP","1995-2020",26
"NW.NCA.MTIN.TO.CD","Slovak Republic","SVK","1995-2020",26
"NW.NCA.MTIN.TO.CD","Slovenia","SVN","1995-2020",26
"NW.NCA.MTIN.TO.CD","Solomon Islands","SLB","1995-2020",26
"NW.NCA.MTIN.TO.CD","South Africa","ZAF","1995-2020",26
"NW.NCA.MTIN.TO.CD","Spain","ESP","2005-2020",16
"NW.NCA.MTIN.TO.CD","Sri Lanka","LKA","1995-2020",26
"NW.NCA.MTIN.TO.CD","St. Lucia","LCA","1995-2020",26
"NW.NCA.MTIN.TO.CD","Sudan","SDN","1995-2020",26
"NW.NCA.MTIN.TO.CD","Suriname","SUR","1995-2020",26
"NW.NCA.MTIN.TO.CD","Sweden","SWE","1995-2020",26
"NW.NCA.MTIN.TO.CD","Switzerland","CHE","1995-2020",26
"NW.NCA.MTIN.TO.CD","Tajikistan","TJK","1995-2020",26
"NW.NCA.MTIN.TO.CD","Tanzania","TZA","1996-2020",25
"NW.NCA.MTIN.TO.CD","Togo","TGO","1995-2020",26
"NW.NCA.MTIN.TO.CD","Trinidad and Tobago","TTO","1995-2020",26
"NW.NCA.MTIN.TO.CD","Tunisia","TUN","1995-2020",26
"NW.NCA.MTIN.TO.CD","Turkiye","TUR","1995-2020",26
"NW.NCA.MTIN.TO.CD","Uganda","UGA","1996-1997, 1999-2000, 2002-2003, 2009, 2011-2012",9
"NW.NCA.MTIN.TO.CD","Ukraine","UKR","1995-2020",26
"NW.NCA.MTIN.TO.CD","United Arab Emirates","ARE","1995-2020",26
"NW.NCA.MTIN.TO.CD","United Kingdom","GBR","1999-2015, 2019-2020",19
"NW.NCA.MTIN.TO.CD","United States","USA","1996-2020",25
"NW.NCA.MTIN.TO.CD","Uruguay","URY","1995-2020",26
"NW.NCA.MTIN.TO.CD","Zambia","ZMB","1995-2020",26
"NW.NCA.MTIN.TO.CD","Zimbabwe","ZWE","2000-2020",21
"NW.NCA.MZIN.PC","Georgia","GEO","1995-2020",26
"NW.NCA.MZIN.PC","Guatemala","GTM","1995-2020",26
"NW.NCA.MZIN.PC","Japan","JPN","1995-2020",26
"NW.NCA.MZIN.PC","Lao PDR","LAO","1995-2020",26
"NW.NCA.MZIN.PC","Montenegro","MNE","1995-2006",12
"NW.NCA.MZIN.PC","Norway","NOR","1995-2020",26
"NW.NCA.MZIN.PC","Philippines","PHL","1995-2020",26
"NW.NCA.MZIN.PC","Serbia","SRB","1995-2006",12
"NW.NCA.MZIN.PC","Sudan","SDN","1995-2020",26
"NW.NCA.MZIN.PC","Thailand","THA","1995-2020",26
"NW.NCA.MZIN.PC","Tunisia","TUN","1995-2020",26
"NW.NCA.MZIN.PC.CD","Albania","ALB","1995-2020",26
"NW.NCA.MZIN.PC.CD","Angola","AGO","1995-2020",26
"NW.NCA.MZIN.PC.CD","Armenia","ARM","1995-1999",5
"NW.NCA.MZIN.PC.CD","Austria","AUT","1995-2020",26
"NW.NCA.MZIN.PC.CD","Azerbaijan","AZE","1995-2020",26
"NW.NCA.MZIN.PC.CD","Bahrain","BHR","1995-2020",26
"NW.NCA.MZIN.PC.CD","Bangladesh","BGD","1995-2020",26
"NW.NCA.MZIN.PC.CD","Belarus","BLR","1995-2020",26
"NW.NCA.MZIN.PC.CD","Belgium","BEL","1995-2020",26
"NW.NCA.MZIN.PC.CD","Belize","BLZ","1995-2020",26
"NW.NCA.MZIN.PC.CD","Benin","BEN","1995-2020",26
"NW.NCA.MZIN.PC.CD","Bosnia and Herzegovina","BIH","1995-1996",2
"NW.NCA.MZIN.PC.CD","Botswana","BWA","1995-2020",26
"NW.NCA.MZIN.PC.CD","Burkina Faso","BFA","1995-2012",18
"NW.NCA.MZIN.PC.CD","Burundi","BDI","1995-2020",26
"NW.NCA.MZIN.PC.CD","Cambodia","KHM","1995-2020",26
"NW.NCA.MZIN.PC.CD","Cameroon","CMR","1995-2020",26
"NW.NCA.MZIN.PC.CD","Central African Republic","CAF","1995-2020",26
"NW.NCA.MZIN.PC.CD","Chad","TCD","1995-2020",26
"NW.NCA.MZIN.PC.CD","Colombia","COL","1995-2020",26
"NW.NCA.MZIN.PC.CD","Comoros","COM","1995-2020",26
"NW.NCA.MZIN.PC.CD","Congo, Rep.","COG","1995-2020",26
"NW.NCA.MZIN.PC.CD","Costa Rica","CRI","1995-2020",26
"NW.NCA.MZIN.PC.CD","Cote d'Ivoire","CIV","1995-2020",26
"NW.NCA.MZIN.PC.CD","Croatia","HRV","1995-2020",26
"NW.NCA.MZIN.PC.CD","Czechia","CZE","1998-2020",23
"NW.NCA.MZIN.PC.CD","Denmark","DNK","1995-2020",26
"NW.NCA.MZIN.PC.CD","Djibouti","DJI","1995-2020",26
"NW.NCA.MZIN.PC.CD","Dominican Republic","DOM","1995-2014",20
"NW.NCA.MZIN.PC.CD","Ecuador","ECU","2002-2020",19
"NW.NCA.MZIN.PC.CD","Egypt, Arab Rep.","EGY","1995-2020",26
"NW.NCA.MZIN.PC.CD","El Salvador","SLV","1995-2020",26
"NW.NCA.MZIN.PC.CD","Estonia","EST","1995-2020",26
"NW.NCA.MZIN.PC.CD","Eswatini","SWZ","1995-2020",26
"NW.NCA.MZIN.PC.CD","Ethiopia","ETH","1995-2020",26
"NW.NCA.MZIN.PC.CD","France","FRA","1995-2020",26
"NW.NCA.MZIN.PC.CD","Gabon","GAB","1995-2020",26
"NW.NCA.MZIN.PC.CD","Gambia, The","GMB","1995-2020",26
"NW.NCA.MZIN.PC.CD","Georgia","GEO","2005-2006, 2015-2020",8
"NW.NCA.MZIN.PC.CD","Germany","DEU","1995-2020",26
"NW.NCA.MZIN.PC.CD","Ghana","GHA","1995-2020",26
"NW.NCA.MZIN.PC.CD","Greece","GRC","2004",1
"NW.NCA.MZIN.PC.CD","Guatemala","GTM","1995-2005, 2009-2012, 2019",16
"NW.NCA.MZIN.PC.CD","Guinea","GIN","1995-2020",26
"NW.NCA.MZIN.PC.CD","Guinea-Bissau","GNB","1995-2020",26
"NW.NCA.MZIN.PC.CD","Guyana","GUY","1995-2020",26
"NW.NCA.MZIN.PC.CD","Haiti","HTI","1995-2020",26
"NW.NCA.MZIN.PC.CD","Hungary","HUN","1995-2020",26
"NW.NCA.MZIN.PC.CD","Iceland","ISL","1995-2020",26
"NW.NCA.MZIN.PC.CD","Indonesia","IDN","1995-2012",18
"NW.NCA.MZIN.PC.CD","Iraq","IRQ","1995-2020",26
"NW.NCA.MZIN.PC.CD","Israel","ISR","1995-2020",26
"NW.NCA.MZIN.PC.CD","Italy","ITA","2000-2020",21
"NW.NCA.MZIN.PC.CD","Jamaica","JAM","1995-2020",26
"NW.NCA.MZIN.PC.CD","Japan","JPN","2007-2020",14
"NW.NCA.MZIN.PC.CD","Jordan","JOR","1995-2020",26
"NW.NCA.MZIN.PC.CD","Kenya","KEN","1995-2020",26
"NW.NCA.MZIN.PC.CD","Korea, Rep.","KOR","2003",1
"NW.NCA.MZIN.PC.CD","Kuwait","KWT","1995-2020",26
"NW.NCA.MZIN.PC.CD","Kyrgyz Republic","KGZ","1995-2020",26
"NW.NCA.MZIN.PC.CD","Lao PDR","LAO","1995-2004, 2014-2020",17
"NW.NCA.MZIN.PC.CD","Latvia","LVA","1995-2020",26
"NW.NCA.MZIN.PC.CD","Lebanon","LBN","1995-2020",26
"NW.NCA.MZIN.PC.CD","Lesotho","LSO","1995-2020",26
"NW.NCA.MZIN.PC.CD","Liberia","LBR","1995-2020",26
"NW.NCA.MZIN.PC.CD","Lithuania","LTU","1995-2020",26
"NW.NCA.MZIN.PC.CD","Luxembourg","LUX","1995-2020",26
"NW.NCA.MZIN.PC.CD","Madagascar","MDG","1995-2020",26
"NW.NCA.MZIN.PC.CD","Malawi","MWI","1995-2020",26
"NW.NCA.MZIN.PC.CD","Malaysia","MYS","1995-2020",26
"NW.NCA.MZIN.PC.CD","Maldives","MDV","1995-2020",26
"NW.NCA.MZIN.PC.CD","Mali","MLI","1995-2020",26
"NW.NCA.MZIN.PC.CD","Malta","MLT","1995-2020",26
"NW.NCA.MZIN.PC.CD","Mauritania","MRT","1995-2020",26
"NW.NCA.MZIN.PC.CD","Mauritius","MUS","1995-2020",26
"NW.NCA.MZIN.PC.CD","Moldova","MDA","1995-2020",26
"NW.NCA.MZIN.PC.CD","Mongolia","MNG","1995-2004",10
"NW.NCA.MZIN.PC.CD","Montenegro","MNE","1995-2009",15
"NW.NCA.MZIN.PC.CD","Mozambique","MOZ","1995-2020",26
"NW.NCA.MZIN.PC.CD","Nepal","NPL","1995-2020",26
"NW.NCA.MZIN.PC.CD","Netherlands","NLD","1995-2020",26
"NW.NCA.MZIN.PC.CD","New Zealand","NZL","1995-2020",26
"NW.NCA.MZIN.PC.CD","Nicaragua","NIC","1995-2020",26
"NW.NCA.MZIN.PC.CD","Niger","NER","1995-2020",26
"NW.NCA.MZIN.PC.CD","Nigeria","NGA","1995-2007",13
"NW.NCA.MZIN.PC.CD","North Macedonia","MKD","2004-2005",2
"NW.NCA.MZIN.PC.CD","Norway","NOR","1999-2020",22
"NW.NCA.MZIN.PC.CD","Oman","OMN","1995-2020",26
"NW.NCA.MZIN.PC.CD","Pakistan","PAK","1995-2008, 2014-2015",16
"NW.NCA.MZIN.PC.CD","Panama","PAN","1995-2020",26
"NW.NCA.MZIN.PC.CD","Papua New Guinea","PNG","1995-2020",26
"NW.NCA.MZIN.PC.CD","Paraguay","PRY","1995-2020",26
"NW.NCA.MZIN.PC.CD","Philippines","PHL","1995-2004, 2014-2020",17
"NW.NCA.MZIN.PC.CD","Portugal","PRT","1995-2005",11
"NW.NCA.MZIN.PC.CD","Qatar","QAT","1995-2020",26
"NW.NCA.MZIN.PC.CD","Rwanda","RWA","1995-2020",26
"NW.NCA.MZIN.PC.CD","Sao Tome and Principe","STP","1995-2020",26
"NW.NCA.MZIN.PC.CD","Saudi Arabia","SAU","1995-1996, 2005",3
"NW.NCA.MZIN.PC.CD","Senegal","SEN","1995-2020",26
"NW.NCA.MZIN.PC.CD","Serbia","SRB","1995-2006",12
"NW.NCA.MZIN.PC.CD","Sierra Leone","SLE","1995-2020",26
"NW.NCA.MZIN.PC.CD","Singapore","SGP","1995-2020",26
"NW.NCA.MZIN.PC.CD","Slovak Republic","SVK","1996-2020",25
"NW.NCA.MZIN.PC.CD","Slovenia","SVN","1995-2020",26
"NW.NCA.MZIN.PC.CD","Solomon Islands","SLB","1995-2020",26
"NW.NCA.MZIN.PC.CD","Spain","ESP","2004-2009",6
"NW.NCA.MZIN.PC.CD","Sri Lanka","LKA","1995-2020",26
"NW.NCA.MZIN.PC.CD","St. Lucia","LCA","1995-2020",26
"NW.NCA.MZIN.PC.CD","Sudan","SDN","1995-2014, 2016-2020",25
"NW.NCA.MZIN.PC.CD","Suriname","SUR","1995-2020",26
"NW.NCA.MZIN.PC.CD","Switzerland","CHE","1995-2020",26
"NW.NCA.MZIN.PC.CD","Tajikistan","TJK","1995-2010",16
"NW.NCA.MZIN.PC.CD","Tanzania","TZA","1995-2020",26
"NW.NCA.MZIN.PC.CD","Thailand","THA","2018-2019",2
"NW.NCA.MZIN.PC.CD","Togo","TGO","1995-2020",26
"NW.NCA.MZIN.PC.CD","Trinidad and Tobago","TTO","1995-2020",26
"NW.NCA.MZIN.PC.CD","Tunisia","TUN","2006-2008, 2015-2020",9
"NW.NCA.MZIN.PC.CD","Uganda","UGA","1995-2020",26
"NW.NCA.MZIN.PC.CD","Ukraine","UKR","1995-2020",26
"NW.NCA.MZIN.PC.CD","United Arab Emirates","ARE","1995-2020",26
"NW.NCA.MZIN.PC.CD","United Kingdom","GBR","1995-2020",26
"NW.NCA.MZIN.PC.CD","Uruguay","URY","1995-2020",26
"NW.NCA.MZIN.PC.CD","Zambia","ZMB","1995-2017",23
"NW.NCA.MZIN.PC.CD","Zimbabwe","ZWE","1995-2020",26
"NW.NCA.MZIN.TO","Georgia","GEO","1995-2020",26
"NW.NCA.MZIN.TO","Guatemala","GTM","1995-2020",26
"NW.NCA.MZIN.TO","Japan","JPN","1995-2020",26
"NW.NCA.MZIN.TO","Lao PDR","LAO","1995-2020",26
"NW.NCA.MZIN.TO","Montenegro","MNE","1995-2006",12
"NW.NCA.MZIN.TO","Norway","NOR","1995-2020",26
"NW.NCA.MZIN.TO","Philippines","PHL","1995-2020",26
"NW.NCA.MZIN.TO","Serbia","SRB","1995-2006",12
"NW.NCA.MZIN.TO","Sudan","SDN","1995-2020",26
"NW.NCA.MZIN.TO","Thailand","THA","1995-2020",26
"NW.NCA.MZIN.TO","Tunisia","TUN","1995-2020",26
"NW.NCA.MZIN.TO.CD","Albania","ALB","1995-2020",26
"NW.NCA.MZIN.TO.CD","Angola","AGO","1995-2020",26
"NW.NCA.MZIN.TO.CD","Armenia","ARM","1995-1999",5
"NW.NCA.MZIN.TO.CD","Austria","AUT","1995-2020",26
"NW.NCA.MZIN.TO.CD","Azerbaijan","AZE","1995-2020",26
"NW.NCA.MZIN.TO.CD","Bahrain","BHR","1995-2020",26
"NW.NCA.MZIN.TO.CD","Bangladesh","BGD","1995-2020",26
"NW.NCA.MZIN.TO.CD","Belarus","BLR","1995-2020",26
"NW.NCA.MZIN.TO.CD","Belgium","BEL","1995-2020",26
"NW.NCA.MZIN.TO.CD","Belize","BLZ","1995-2020",26
"NW.NCA.MZIN.TO.CD","Benin","BEN","1995-2020",26
"NW.NCA.MZIN.TO.CD","Bosnia and Herzegovina","BIH","1995-1996",2
"NW.NCA.MZIN.TO.CD","Botswana","BWA","1995-2020",26
"NW.NCA.MZIN.TO.CD","Burkina Faso","BFA","1995-2012",18
"NW.NCA.MZIN.TO.CD","Burundi","BDI","1995-2020",26
"NW.NCA.MZIN.TO.CD","Cambodia","KHM","1995-2020",26
"NW.NCA.MZIN.TO.CD","Cameroon","CMR","1995-2020",26
"NW.NCA.MZIN.TO.CD","Central African Republic","CAF","1995-2020",26
"NW.NCA.MZIN.TO.CD","Chad","TCD","1995-2020",26
"NW.NCA.MZIN.TO.CD","Colombia","COL","1995-2020",26
"NW.NCA.MZIN.TO.CD","Comoros","COM","1995-2020",26
"NW.NCA.MZIN.TO.CD","Congo, Rep.","COG","1995-2020",26
"NW.NCA.MZIN.TO.CD","Costa Rica","CRI","1995-2020",26
"NW.NCA.MZIN.TO.CD","Cote d'Ivoire","CIV","1995-2020",26
"NW.NCA.MZIN.TO.CD","Croatia","HRV","1995-2020",26
"NW.NCA.MZIN.TO.CD","Czechia","CZE","1998-2020",23
"NW.NCA.MZIN.TO.CD","Denmark","DNK","1995-2020",26
"NW.NCA.MZIN.TO.CD","Djibouti","DJI","1995-2020",26
"NW.NCA.MZIN.TO.CD","Dominican Republic","DOM","1995-2014",20
"NW.NCA.MZIN.TO.CD","Ecuador","ECU","2002-2020",19
"NW.NCA.MZIN.TO.CD","Egypt, Arab Rep.","EGY","1995-2020",26
"NW.NCA.MZIN.TO.CD","El Salvador","SLV","1995-2020",26
"NW.NCA.MZIN.TO.CD","Estonia","EST","1995-2020",26
"NW.NCA.MZIN.TO.CD","Eswatini","SWZ","1995-2020",26
"NW.NCA.MZIN.TO.CD","Ethiopia","ETH","1995-2020",26
"NW.NCA.MZIN.TO.CD","France","FRA","1995-2020",26
"NW.NCA.MZIN.TO.CD","Gabon","GAB","1995-2020",26
"NW.NCA.MZIN.TO.CD","Gambia, The","GMB","1995-2020",26
"NW.NCA.MZIN.TO.CD","Georgia","GEO","2005-2006, 2015-2020",8
"NW.NCA.MZIN.TO.CD","Germany","DEU","1995-2020",26
"NW.NCA.MZIN.TO.CD","Ghana","GHA","1995-2020",26
"NW.NCA.MZIN.TO.CD","Greece","GRC","2004",1
"NW.NCA.MZIN.TO.CD","Guatemala","GTM","1995-2005, 2009-2012, 2019",16
"NW.NCA.MZIN.TO.CD","Guinea","GIN","1995-2020",26
"NW.NCA.MZIN.TO.CD","Guinea-Bissau","GNB","1995-2020",26
"NW.NCA.MZIN.TO.CD","Guyana","GUY","1995-2020",26
"NW.NCA.MZIN.TO.CD","Haiti","HTI","1995-2020",26
"NW.NCA.MZIN.TO.CD","Hungary","HUN","1995-2020",26
"NW.NCA.MZIN.TO.CD","Iceland","ISL","1995-2020",26
"NW.NCA.MZIN.TO.CD","Indonesia","IDN","1995-2012",18
"NW.NCA.MZIN.TO.CD","Iraq","IRQ","1995-2020",26
"NW.NCA.MZIN.TO.CD","Israel","ISR","1995-2020",26
"NW.NCA.MZIN.TO.CD","Italy","ITA","2000-2020",21
"NW.NCA.MZIN.TO.CD","Jamaica","JAM","1995-2020",26
"NW.NCA.MZIN.TO.CD","Japan","JPN","2007-2020",14
"NW.NCA.MZIN.TO.CD","Jordan","JOR","1995-2020",26
"NW.NCA.MZIN.TO.CD","Kenya","KEN","1995-2020",26
"NW.NCA.MZIN.TO.CD","Korea, Rep.","KOR","2003",1
"NW.NCA.MZIN.TO.CD","Kuwait","KWT","1995-2020",26
"NW.NCA.MZIN.TO.CD","Kyrgyz Republic","KGZ","1995-2020",26
"NW.NCA.MZIN.TO.CD","Lao PDR","LAO","1995-2004, 2014-2020",17
"NW.NCA.MZIN.TO.CD","Latvia","LVA","1995-2020",26
"NW.NCA.MZIN.TO.CD","Lebanon","LBN","1995-2020",26
"NW.NCA.MZIN.TO.CD","Lesotho","LSO","1995-2020",26
"NW.NCA.MZIN.TO.CD","Liberia","LBR","1995-2020",26
"NW.NCA.MZIN.TO.CD","Lithuania","LTU","1995-2020",26
"NW.NCA.MZIN.TO.CD","Luxembourg","LUX","1995-2020",26
"NW.NCA.MZIN.TO.CD","Madagascar","MDG","1995-2020",26
"NW.NCA.MZIN.TO.CD","Malawi","MWI","1995-2020",26
"NW.NCA.MZIN.TO.CD","Malaysia","MYS","1995-2020",26
"NW.NCA.MZIN.TO.CD","Maldives","MDV","1995-2020",26
"NW.NCA.MZIN.TO.CD","Mali","MLI","1995-2020",26
"NW.NCA.MZIN.TO.CD","Malta","MLT","1995-2020",26
"NW.NCA.MZIN.TO.CD","Mauritania","MRT","1995-2020",26
"NW.NCA.MZIN.TO.CD","Mauritius","MUS","1995-2020",26
"NW.NCA.MZIN.TO.CD","Moldova","MDA","1995-2020",26
"NW.NCA.MZIN.TO.CD","Mongolia","MNG","1995-2004",10
"NW.NCA.MZIN.TO.CD","Montenegro","MNE","1995-2009",15
"NW.NCA.MZIN.TO.CD","Mozambique","MOZ","1995-2020",26
"NW.NCA.MZIN.TO.CD","Nepal","NPL","1995-2020",26
"NW.NCA.MZIN.TO.CD","Netherlands","NLD","1995-2020",26
"NW.NCA.MZIN.TO.CD","New Zealand","NZL","1995-2020",26
"NW.NCA.MZIN.TO.CD","Nicaragua","NIC","1995-2020",26
"NW.NCA.MZIN.TO.CD","Niger","NER","1995-2020",26
"NW.NCA.MZIN.TO.CD","Nigeria","NGA","1995-2007",13
"NW.NCA.MZIN.TO.CD","North Macedonia","MKD","2004-2005",2
"NW.NCA.MZIN.TO.CD","Norway","NOR","1999-2020",22
"NW.NCA.MZIN.TO.CD","Oman","OMN","1995-2020",26
"NW.NCA.MZIN.TO.CD","Pakistan","PAK","1995-2008, 2014-2015",16
"NW.NCA.MZIN.TO.CD","Panama","PAN","1995-2020",26
"NW.NCA.MZIN.TO.CD","Papua New Guinea","PNG","1995-2020",26
"NW.NCA.MZIN.TO.CD","Paraguay","PRY","1995-2020",26
"NW.NCA.MZIN.TO.CD","Philippines","PHL","1995-2004, 2014-2020",17
"NW.NCA.MZIN.TO.CD","Portugal","PRT","1995-2005",11
"NW.NCA.MZIN.TO.CD","Qatar","QAT","1995-2020",26
"NW.NCA.MZIN.TO.CD","Rwanda","RWA","1995-2020",26
"NW.NCA.MZIN.TO.CD","Sao Tome and Principe","STP","1995-2020",26
"NW.NCA.MZIN.TO.CD","Saudi Arabia","SAU","1995-1996, 2005",3
"NW.NCA.MZIN.TO.CD","Senegal","SEN","1995-2020",26
"NW.NCA.MZIN.TO.CD","Serbia","SRB","1995-2006",12
"NW.NCA.MZIN.TO.CD","Sierra Leone","SLE","1995-2020",26
"NW.NCA.MZIN.TO.CD","Singapore","SGP","1995-2020",26
"NW.NCA.MZIN.TO.CD","Slovak Republic","SVK","1996-2020",25
"NW.NCA.MZIN.TO.CD","Slovenia","SVN","1995-2020",26
"NW.NCA.MZIN.TO.CD","Solomon Islands","SLB","1995-2020",26
"NW.NCA.MZIN.TO.CD","Spain","ESP","2004-2009",6
"NW.NCA.MZIN.TO.CD","Sri Lanka","LKA","1995-2020",26
"NW.NCA.MZIN.TO.CD","St. Lucia","LCA","1995-2020",26
"NW.NCA.MZIN.TO.CD","Sudan","SDN","1995-2014, 2016-2020",25
"NW.NCA.MZIN.TO.CD","Suriname","SUR","1995-2020",26
"NW.NCA.MZIN.TO.CD","Switzerland","CHE","1995-2020",26
"NW.NCA.MZIN.TO.CD","Tajikistan","TJK","1995-2010",16
"NW.NCA.MZIN.TO.CD","Tanzania","TZA","1995-2020",26
"NW.NCA.MZIN.TO.CD","Thailand","THA","2018-2019",2
"NW.NCA.MZIN.TO.CD","Togo","TGO","1995-2020",26
"NW.NCA.MZIN.TO.CD","Trinidad and Tobago","TTO","1995-2020",26
"NW.NCA.MZIN.TO.CD","Tunisia","TUN","2006-2008, 2015-2020",9
"NW.NCA.MZIN.TO.CD","Uganda","UGA","1995-2020",26
"NW.NCA.MZIN.TO.CD","Ukraine","UKR","1995-2020",26
"NW.NCA.MZIN.TO.CD","United Arab Emirates","ARE","1995-2020",26
"NW.NCA.MZIN.TO.CD","United Kingdom","GBR","1995-2020",26
"NW.NCA.MZIN.TO.CD","Uruguay","URY","1995-2020",26
"NW.NCA.MZIN.TO.CD","Zambia","ZMB","1995-2017",23
"NW.NCA.MZIN.TO.CD","Zimbabwe","ZWE","1995-2020",26
"NW.NCA.PAST.PC.CD","Montenegro","MNE","1995-2006",12
"NW.NCA.PAST.PC.CD","Serbia","SRB","1995-2006",12
"NW.NCA.PAST.PC.CD","Sudan","SDN","1995-2011",17
"NW.NCA.PAST.TO.CD","Montenegro","MNE","1995-2006",12
"NW.NCA.PAST.TO.CD","Serbia","SRB","1995-2006",12
"NW.NCA.PAST.TO.CD","Sudan","SDN","1995-2011",17
"NW.NCA.SACO.PC","Belgium","BEL","1995-2020",26
"NW.NCA.SACO.PC","Denmark","DNK","1995-2020",26
"NW.NCA.SACO.PC","Montenegro","MNE","1995-2006",12
"NW.NCA.SACO.PC","Serbia","SRB","1995-2006",12
"NW.NCA.SACO.PC","Sudan","SDN","1995-2011",17
"NW.NCA.SACO.PC","Turkiye","TUR","1995-2020",26
"NW.NCA.SACO.PC.CD","Montenegro","MNE","1995-2006",12
"NW.NCA.SACO.PC.CD","Serbia","SRB","1995-2006",12
"NW.NCA.SACO.PC.CD","Sudan","SDN","1995-2011",17
"NW.NCA.SACO.PC.CD","Suriname","SUR","1995-1999",5
"NW.NCA.SACO.PC.CD","Turkiye","TUR","2013-2020",8
"NW.NCA.SACO.TO","Belgium","BEL","1995-2020",26
"NW.NCA.SACO.TO","Denmark","DNK","1995-2020",26
"NW.NCA.SACO.TO","Montenegro","MNE","1995-2006",12
"NW.NCA.SACO.TO","Serbia","SRB","1995-2006",12
"NW.NCA.SACO.TO","Sudan","SDN","1995-2011",17
"NW.NCA.SACO.TO","Turkiye","TUR","1995-2020",26
"NW.NCA.SACO.TO.CD","Montenegro","MNE","1995-2006",12
"NW.NCA.SACO.TO.CD","Serbia","SRB","1995-2006",12
"NW.NCA.SACO.TO.CD","Sudan","SDN","1995-2011",17
"NW.NCA.SACO.TO.CD","Suriname","SUR","1995-1999",5
"NW.NCA.SACO.TO.CD","Turkiye","TUR","2013-2020",8
"NW.NCA.SAGA.PC","Bosnia and Herzegovina","BIH","1995-2020",26
"NW.NCA.SAGA.PC","Chad","TCD","1995-2020",26
"NW.NCA.SAGA.PC","Congo, Dem. Rep.","","1995-2020",26
"NW.NCA.SAGA.PC","Montenegro","MNE","1995-2006",12
"NW.NCA.SAGA.PC","Serbia","SRB","1995-2006",12
"NW.NCA.SAGA.PC","Sudan","SDN","1995-2011",17
"NW.NCA.SAGA.PC.CD","Armenia","ARM","1995-2020",26
"NW.NCA.SAGA.PC.CD","Belgium","BEL","1998, 2001-2018",19
"NW.NCA.SAGA.PC.CD","Belize","BLZ","1995-2020",26
"NW.NCA.SAGA.PC.CD","Benin","BEN","1995-2020",26
"NW.NCA.SAGA.PC.CD","Bosnia and Herzegovina","BIH","1996-2020",25
"NW.NCA.SAGA.PC.CD","Botswana","BWA","1995-2020",26
"NW.NCA.SAGA.PC.CD","Burkina Faso","BFA","1995-2020",26
"NW.NCA.SAGA.PC.CD","Burundi","BDI","1995-2020",26
"NW.NCA.SAGA.PC.CD","Cambodia","KHM","1995-2020",26
"NW.NCA.SAGA.PC.CD","Cameroon","CMR","1995-2004",10
"NW.NCA.SAGA.PC.CD","Central African Republic","CAF","1995-2020",26
"NW.NCA.SAGA.PC.CD","Chad","TCD","1995-2019",25
"NW.NCA.SAGA.PC.CD","Comoros","COM","1995-2020",26
"NW.NCA.SAGA.PC.CD","Congo, Dem. Rep.","","1995-2005, 2012-2013, 2019-2020",15
"NW.NCA.SAGA.PC.CD","Congo, Rep.","COG","1995-2002",8
"NW.NCA.SAGA.PC.CD","Costa Rica","CRI","1995-2020",26
"NW.NCA.SAGA.PC.CD","Djibouti","DJI","1995-2020",26
"NW.NCA.SAGA.PC.CD","Dominican Republic","DOM","1995-2020",26
"NW.NCA.SAGA.PC.CD","El Salvador","SLV","1995-2020",26
"NW.NCA.SAGA.PC.CD","Estonia","EST","1995-2020",26
"NW.NCA.SAGA.PC.CD","Eswatini","SWZ","1995-2020",26
"NW.NCA.SAGA.PC.CD","Ethiopia","ETH","1995-2020",26
"NW.NCA.SAGA.PC.CD","Finland","FIN","1995-2020",26
"NW.NCA.SAGA.PC.CD","Gambia, The","GMB","1995-2020",26
"NW.NCA.SAGA.PC.CD","Guatemala","GTM","1995-2017",23
"NW.NCA.SAGA.PC.CD","Guinea","GIN","1995-2020",26
"NW.NCA.SAGA.PC.CD","Guinea-Bissau","GNB","1995-2020",26
"NW.NCA.SAGA.PC.CD","Guyana","GUY","1995-2020",26
"NW.NCA.SAGA.PC.CD","Haiti","HTI","1995-2020",26
"NW.NCA.SAGA.PC.CD","Honduras","HND","1995-2020",26
"NW.NCA.SAGA.PC.CD","Iceland","ISL","1995-2020",26
"NW.NCA.SAGA.PC.CD","Jamaica","JAM","1995-2020",26
"NW.NCA.SAGA.PC.CD","Kenya","KEN","1995-2020",26
"NW.NCA.SAGA.PC.CD","Korea, Rep.","KOR","1995-2003",9
"NW.NCA.SAGA.PC.CD","Lao PDR","LAO","1995-2020",26
"NW.NCA.SAGA.PC.CD","Latvia","LVA","1995-2020",26
"NW.NCA.SAGA.PC.CD","Lebanon","LBN","1995-2020",26
"NW.NCA.SAGA.PC.CD","Lesotho","LSO","1995-2020",26
"NW.NCA.SAGA.PC.CD","Liberia","LBR","1995-2020",26
"NW.NCA.SAGA.PC.CD","Lithuania","LTU","1995-2020",26
"NW.NCA.SAGA.PC.CD","Luxembourg","LUX","1995-2020",26
"NW.NCA.SAGA.PC.CD","Madagascar","MDG","1995-2020",26
"NW.NCA.SAGA.PC.CD","Malawi","MWI","1995-2020",26
"NW.NCA.SAGA.PC.CD","Maldives","MDV","1995-2020",26
"NW.NCA.SAGA.PC.CD","Mali","MLI","1995-2020",26
"NW.NCA.SAGA.PC.CD","Malta","MLT","1995-2020",26
"NW.NCA.SAGA.PC.CD","Mauritania","MRT","1995-2020",26
"NW.NCA.SAGA.PC.CD","Mauritius","MUS","1995-2020",26
"NW.NCA.SAGA.PC.CD","Mongolia","MNG","1995-2020",26
"NW.NCA.SAGA.PC.CD","Montenegro","MNE","1995-2020",26
"NW.NCA.SAGA.PC.CD","Namibia","NAM","1995-2020",26
"NW.NCA.SAGA.PC.CD","Nepal","NPL","1995-2020",26
"NW.NCA.SAGA.PC.CD","Nicaragua","NIC","1995-2020",26
"NW.NCA.SAGA.PC.CD","Niger","NER","1995-2017",23
"NW.NCA.SAGA.PC.CD","North Macedonia","MKD","1995-2020",26
"NW.NCA.SAGA.PC.CD","Panama","PAN","1995-2020",26
"NW.NCA.SAGA.PC.CD","Paraguay","PRY","1995-2020",26
"NW.NCA.SAGA.PC.CD","Portugal","PRT","1995-2020",26
"NW.NCA.SAGA.PC.CD","Rwanda","RWA","1995-2020",26
"NW.NCA.SAGA.PC.CD","Sao Tome and Principe","STP","1995-2020",26
"NW.NCA.SAGA.PC.CD","Senegal","SEN","2001",1
"NW.NCA.SAGA.PC.CD","Serbia","SRB","1995-2006",12
"NW.NCA.SAGA.PC.CD","Sierra Leone","SLE","1995-2020",26
"NW.NCA.SAGA.PC.CD","Singapore","SGP","1995-2020",26
"NW.NCA.SAGA.PC.CD","Solomon Islands","SLB","1995-2020",26
"NW.NCA.SAGA.PC.CD","Sri Lanka","LKA","1995-2020",26
"NW.NCA.SAGA.PC.CD","St. Lucia","LCA","1995-2020",26
"NW.NCA.SAGA.PC.CD","Sudan","SDN","1995-2020",26
"NW.NCA.SAGA.PC.CD","Suriname","SUR","1995-2000",6
"NW.NCA.SAGA.PC.CD","Sweden","SWE","1995-2020",26
"NW.NCA.SAGA.PC.CD","Switzerland","CHE","1995-2020",26
"NW.NCA.SAGA.PC.CD","Tanzania","TZA","1995-2003",9
"NW.NCA.SAGA.PC.CD","Togo","TGO","1995-2020",26
"NW.NCA.SAGA.PC.CD","Uganda","UGA","1995-2020",26
"NW.NCA.SAGA.PC.CD","Uruguay","URY","1995-2020",26
"NW.NCA.SAGA.PC.CD","Zambia","ZMB","1995-2020",26
"NW.NCA.SAGA.PC.CD","Zimbabwe","ZWE","1995-2020",26
"NW.NCA.SAGA.TO","Bosnia and Herzegovina","BIH","1995-2020",26
"NW.NCA.SAGA.TO","Chad","TCD","1995-2020",26
"NW.NCA.SAGA.TO","Congo, Dem. Rep.","","1995-2020",26
"NW.NCA.SAGA.TO","Montenegro","MNE","1995-2006",12
"NW.NCA.SAGA.TO","Serbia","SRB","1995-2006",12
"NW.NCA.SAGA.TO","Sudan","SDN","1995-2011",17
"NW.NCA.SAGA.TO.CD","Armenia","ARM","1995-2020",26
"NW.NCA.SAGA.TO.CD","Belgium","BEL","1998, 2001-2018",19
"NW.NCA.SAGA.TO.CD","Belize","BLZ","1995-2020",26
"NW.NCA.SAGA.TO.CD","Benin","BEN","1995-2020",26
"NW.NCA.SAGA.TO.CD","Bosnia and Herzegovina","BIH","1996-2020",25
"NW.NCA.SAGA.TO.CD","Botswana","BWA","1995-2020",26
"NW.NCA.SAGA.TO.CD","Burkina Faso","BFA","1995-2020",26
"NW.NCA.SAGA.TO.CD","Burundi","BDI","1995-2020",26
"NW.NCA.SAGA.TO.CD","Cambodia","KHM","1995-2020",26
"NW.NCA.SAGA.TO.CD","Cameroon","CMR","1995-2004",10
"NW.NCA.SAGA.TO.CD","Central African Republic","CAF","1995-2020",26
"NW.NCA.SAGA.TO.CD","Chad","TCD","1995-2019",25
"NW.NCA.SAGA.TO.CD","Comoros","COM","1995-2020",26
"NW.NCA.SAGA.TO.CD","Congo, Dem. Rep.","","1995-2005, 2012-2013, 2019-2020",15
"NW.NCA.SAGA.TO.CD","Congo, Rep.","COG","1995-2002",8
"NW.NCA.SAGA.TO.CD","Costa Rica","CRI","1995-2020",26
"NW.NCA.SAGA.TO.CD","Djibouti","DJI","1995-2020",26
"NW.NCA.SAGA.TO.CD","Dominican Republic","DOM","1995-2020",26
"NW.NCA.SAGA.TO.CD","El Salvador","SLV","1995-2020",26
"NW.NCA.SAGA.TO.CD","Estonia","EST","1995-2020",26
"NW.NCA.SAGA.TO.CD","Eswatini","SWZ","1995-2020",26
"NW.NCA.SAGA.TO.CD","Ethiopia","ETH","1995-2020",26
"NW.NCA.SAGA.TO.CD","Finland","FIN","1995-2020",26
"NW.NCA.SAGA.TO.CD","Gambia, The","GMB","1995-2020",26
"NW.NCA.SAGA.TO.CD","Guatemala","GTM","1995-2017",23
"NW.NCA.SAGA.TO.CD","Guinea","GIN","1995-2020",26
"NW.NCA.SAGA.TO.CD","Guinea-Bissau","GNB","1995-2020",26
"NW.NCA.SAGA.TO.CD","Guyana","GUY","1995-2020",26
"NW.NCA.SAGA.TO.CD","Haiti","HTI","1995-2020",26
"NW.NCA.SAGA.TO.CD","Honduras","HND","1995-2020",26
"NW.NCA.SAGA.TO.CD","Iceland","ISL","1995-2020",26
"NW.NCA.SAGA.TO.CD","Jamaica","JAM","1995-2020",26
"NW.NCA.SAGA.TO.CD","Kenya","KEN","1995-2020",26
"NW.NCA.SAGA.TO.CD","Korea, Rep.","KOR","1995-2003",9
"NW.NCA.SAGA.TO.CD","Lao PDR","LAO","1995-2020",26
"NW.NCA.SAGA.TO.CD","Latvia","LVA","1995-2020",26
"NW.NCA.SAGA.TO.CD","Lebanon","LBN","1995-2020",26
"NW.NCA.SAGA.TO.CD","Lesotho","LSO","1995-2020",26
"NW.NCA.SAGA.TO.CD","Liberia","LBR","1995-2020",26
"NW.NCA.SAGA.TO.CD","Lithuania","LTU","1995-2020",26
"NW.NCA.SAGA.TO.CD","Luxembourg","LUX","1995-2020",26
"NW.NCA.SAGA.TO.CD","Madagascar","MDG","1995-2020",26
"NW.NCA.SAGA.TO.CD","Malawi","MWI","1995-2020",26
"NW.NCA.SAGA.TO.CD","Maldives","MDV","1995-2020",26
"NW.NCA.SAGA.TO.CD","Mali","MLI","1995-2020",26
"NW.NCA.SAGA.TO.CD","Malta","MLT","1995-2020",26
"NW.NCA.SAGA.TO.CD","Mauritania","MRT","1995-2020",26
"NW.NCA.SAGA.TO.CD","Mauritius","MUS","1995-2020",26
"NW.NCA.SAGA.TO.CD","Mongolia","MNG","1995-2020",26
"NW.NCA.SAGA.TO.CD","Montenegro","MNE","1995-2020",26
"NW.NCA.SAGA.TO.CD","Namibia","NAM","1995-2020",26
"NW.NCA.SAGA.TO.CD","Nepal","NPL","1995-2020",26
"NW.NCA.SAGA.TO.CD","Nicaragua","NIC","1995-2020",26
"NW.NCA.SAGA.TO.CD","Niger","NER","1995-2017",23
"NW.NCA.SAGA.TO.CD","North Macedonia","MKD","1995-2020",26
"NW.NCA.SAGA.TO.CD","Panama","PAN","1995-2020",26
"NW.NCA.SAGA.TO.CD","Paraguay","PRY","1995-2020",26
"NW.NCA.SAGA.TO.CD","Portugal","PRT","1995-2020",26
"NW.NCA.SAGA.TO.CD","Rwanda","RWA","1995-2020",26
"NW.NCA.SAGA.TO.CD","Sao Tome and Principe","STP","1995-2020",26
"NW.NCA.SAGA.TO.CD","Senegal","SEN","2001",1
"NW.NCA.SAGA.TO.CD","Serbia","SRB","1995-2006",12
"NW.NCA.SAGA.TO.CD","Sierra Leone","SLE","1995-2020",26
"NW.NCA.SAGA.TO.CD","Singapore","SGP","1995-2020",26
"NW.NCA.SAGA.TO.CD","Solomon Islands","SLB","1995-2020",26
"NW.NCA.SAGA.TO.CD","Sri Lanka","LKA","1995-2020",26
"NW.NCA.SAGA.TO.CD","St. Lucia","LCA","1995-2020",26
"NW.NCA.SAGA.TO.CD","Sudan","SDN","1995-2020",26
"NW.NCA.SAGA.TO.CD","Suriname","SUR","1995-2000",6
"NW.NCA.SAGA.TO.CD","Sweden","SWE","1995-2020",26
"NW.NCA.SAGA.TO.CD","Switzerland","CHE","1995-2020",26
"NW.NCA.SAGA.TO.CD","Tanzania","TZA","1995-2003",9
"NW.NCA.SAGA.TO.CD","Togo","TGO","1995-2020",26
"NW.NCA.SAGA.TO.CD","Uganda","UGA","1995-2020",26
"NW.NCA.SAGA.TO.CD","Uruguay","URY","1995-2020",26
"NW.NCA.SAGA.TO.CD","Zambia","ZMB","1995-2020",26
"NW.NCA.SAGA.TO.CD","Zimbabwe","ZWE","1995-2020",26
"NW.NCA.SAOI.PC","Cambodia","KHM","1995-2020",26
"NW.NCA.SAOI.PC","Moldova","MDA","1995-2020",26
"NW.NCA.SAOI.PC","Montenegro","MNE","1995-2006",12
"NW.NCA.SAOI.PC","Mozambique","MOZ","1995-2020",26
"NW.NCA.SAOI.PC","Senegal","SEN","1995-2020",26
"NW.NCA.SAOI.PC","Serbia","SRB","1995-2006",12
"NW.NCA.SAOI.PC","Slovenia","SVN","1995-2016",22
"NW.NCA.SAOI.PC","Sudan","SDN","1995-2011",17
"NW.NCA.SAOI.PC","Sweden","SWE","1995-2020",26
"NW.NCA.SAOI.PC.CD","Armenia","ARM","1995-2020",26
"NW.NCA.SAOI.PC.CD","Belgium","BEL","1995-2020",26
"NW.NCA.SAOI.PC.CD","Belize","BLZ","1995-2004",10
"NW.NCA.SAOI.PC.CD","Benin","BEN","1995-1998, 2000-2020",25
"NW.NCA.SAOI.PC.CD","Bosnia and Herzegovina","BIH","1995-2020",26
"NW.NCA.SAOI.PC.CD","Botswana","BWA","1995-2020",26
"NW.NCA.SAOI.PC.CD","Burkina Faso","BFA","1995-2020",26
"NW.NCA.SAOI.PC.CD","Burundi","BDI","1995-2020",26
"NW.NCA.SAOI.PC.CD","Cambodia","KHM","1995-2020",26
"NW.NCA.SAOI.PC.CD","Central African Republic","CAF","1995-2020",26
"NW.NCA.SAOI.PC.CD","Chad","TCD","1995-2002",8
"NW.NCA.SAOI.PC.CD","Comoros","COM","1995-2020",26
"NW.NCA.SAOI.PC.CD","Costa Rica","CRI","1995-2020",26
"NW.NCA.SAOI.PC.CD","Djibouti","DJI","1995-2020",26
"NW.NCA.SAOI.PC.CD","Dominican Republic","DOM","1995-2020",26
"NW.NCA.SAOI.PC.CD","El Salvador","SLV","1995-2020",26
"NW.NCA.SAOI.PC.CD","Eswatini","SWZ","1995-2020",26
"NW.NCA.SAOI.PC.CD","Ethiopia","ETH","1995-2020",26
"NW.NCA.SAOI.PC.CD","Finland","FIN","1995-2020",26
"NW.NCA.SAOI.PC.CD","Gambia, The","GMB","1995-2020",26
"NW.NCA.SAOI.PC.CD","Ghana","GHA","1995-2020",26
"NW.NCA.SAOI.PC.CD","Guinea","GIN","1995-2020",26
"NW.NCA.SAOI.PC.CD","Guinea-Bissau","GNB","1995-2020",26
"NW.NCA.SAOI.PC.CD","Guyana","GUY","1995-2018",24
"NW.NCA.SAOI.PC.CD","Haiti","HTI","1995-2020",26
"NW.NCA.SAOI.PC.CD","Honduras","HND","1995-2020",26
"NW.NCA.SAOI.PC.CD","Iceland","ISL","1995-2020",26
"NW.NCA.SAOI.PC.CD","Ireland","IRL","1995-2020",26
"NW.NCA.SAOI.PC.CD","Israel","ISR","1995-2003, 2009-2011, 2013-2020",20
"NW.NCA.SAOI.PC.CD","Jamaica","JAM","1995-2020",26
"NW.NCA.SAOI.PC.CD","Kenya","KEN","1995-2017, 2020",24
"NW.NCA.SAOI.PC.CD","Korea, Rep.","KOR","1995-2003",9
"NW.NCA.SAOI.PC.CD","Kuwait","KWT","1995-2020",26
"NW.NCA.SAOI.PC.CD","Lao PDR","LAO","1995-2020",26
"NW.NCA.SAOI.PC.CD","Latvia","LVA","1995-2020",26
"NW.NCA.SAOI.PC.CD","Lebanon","LBN","1995-2020",26
"NW.NCA.SAOI.PC.CD","Lesotho","LSO","1995-2020",26
"NW.NCA.SAOI.PC.CD","Liberia","LBR","1995-2020",26
"NW.NCA.SAOI.PC.CD","Luxembourg","LUX","1995-2020",26
"NW.NCA.SAOI.PC.CD","Madagascar","MDG","1995-2013",19
"NW.NCA.SAOI.PC.CD","Malawi","MWI","1995-2020",26
"NW.NCA.SAOI.PC.CD","Maldives","MDV","1995-2020",26
"NW.NCA.SAOI.PC.CD","Mali","MLI","1995-2020",26
"NW.NCA.SAOI.PC.CD","Malta","MLT","1995-2020",26
"NW.NCA.SAOI.PC.CD","Mauritania","MRT","1995-2005, 2018-2020",14
"NW.NCA.SAOI.PC.CD","Mauritius","MUS","1995-2020",26
"NW.NCA.SAOI.PC.CD","Moldova","MDA","1995-2013, 2015-2020",25
"NW.NCA.SAOI.PC.CD","Mongolia","MNG","1995-1997",3
"NW.NCA.SAOI.PC.CD","Montenegro","MNE","1995-2020",26
"NW.NCA.SAOI.PC.CD","Mozambique","MOZ","1995-2009, 2017-2020",19
"NW.NCA.SAOI.PC.CD","Namibia","NAM","1995-2020",26
"NW.NCA.SAOI.PC.CD","Nepal","NPL","1995-2020",26
"NW.NCA.SAOI.PC.CD","Nicaragua","NIC","1995-2020",26
"NW.NCA.SAOI.PC.CD","Niger","NER","1995-2010",16
"NW.NCA.SAOI.PC.CD","North Macedonia","MKD","1995-2020",26
"NW.NCA.SAOI.PC.CD","Panama","PAN","1995-2020",26
"NW.NCA.SAOI.PC.CD","Paraguay","PRY","1995-2020",26
"NW.NCA.SAOI.PC.CD","Portugal","PRT","1995-2020",26
"NW.NCA.SAOI.PC.CD","Rwanda","RWA","1995-2020",26
"NW.NCA.SAOI.PC.CD","Sao Tome and Principe","STP","1995-2020",26
"NW.NCA.SAOI.PC.CD","Saudi Arabia","SAU","1995-2020",26
"NW.NCA.SAOI.PC.CD","Senegal","SEN","2001-2020",20
"NW.NCA.SAOI.PC.CD","Serbia","SRB","1995-2006",12
"NW.NCA.SAOI.PC.CD","Sierra Leone","SLE","1995-2020",26
"NW.NCA.SAOI.PC.CD","Singapore","SGP","1995-2020",26
"NW.NCA.SAOI.PC.CD","Slovenia","SVN","2007-2016",10
"NW.NCA.SAOI.PC.CD","Solomon Islands","SLB","1995-2020",26
"NW.NCA.SAOI.PC.CD","Sri Lanka","LKA","1995-2020",26
"NW.NCA.SAOI.PC.CD","St. Lucia","LCA","1995-2020",26
"NW.NCA.SAOI.PC.CD","Sudan","SDN","1995-2011",17
"NW.NCA.SAOI.PC.CD","Sweden","SWE","1995-2020",26
"NW.NCA.SAOI.PC.CD","Switzerland","CHE","1995-2020",26
"NW.NCA.SAOI.PC.CD","Tanzania","TZA","1995-2020",26
"NW.NCA.SAOI.PC.CD","Togo","TGO","1995-2020",26
"NW.NCA.SAOI.PC.CD","Uganda","UGA","1995-2020",26
"NW.NCA.SAOI.PC.CD","Uruguay","URY","1995-2020",26
"NW.NCA.SAOI.PC.CD","Zambia","ZMB","1995-2020",26
"NW.NCA.SAOI.PC.CD","Zimbabwe","ZWE","1995-2020",26
"NW.NCA.SAOI.TO","Cambodia","KHM","1995-2020",26
"NW.NCA.SAOI.TO","Moldova","MDA","1995-2020",26
"NW.NCA.SAOI.TO","Montenegro","MNE","1995-2006",12
"NW.NCA.SAOI.TO","Mozambique","MOZ","1995-2020",26
"NW.NCA.SAOI.TO","Senegal","SEN","1995-2020",26
"NW.NCA.SAOI.TO","Serbia","SRB","1995-2006",12
"NW.NCA.SAOI.TO","Slovenia","SVN","1995-2016",22
"NW.NCA.SAOI.TO","Sudan","SDN","1995-2011",17
"NW.NCA.SAOI.TO","Sweden","SWE","1995-2020",26
"NW.NCA.SAOI.TO.CD","Armenia","ARM","1995-2020",26
"NW.NCA.SAOI.TO.CD","Belgium","BEL","1995-2020",26
"NW.NCA.SAOI.TO.CD","Belize","BLZ","1995-2004",10
"NW.NCA.SAOI.TO.CD","Benin","BEN","1995-1998, 2000-2020",25
"NW.NCA.SAOI.TO.CD","Bosnia and Herzegovina","BIH","1995-2020",26
"NW.NCA.SAOI.TO.CD","Botswana","BWA","1995-2020",26
"NW.NCA.SAOI.TO.CD","Burkina Faso","BFA","1995-2020",26
"NW.NCA.SAOI.TO.CD","Burundi","BDI","1995-2020",26
"NW.NCA.SAOI.TO.CD","Cambodia","KHM","1995-2020",26
"NW.NCA.SAOI.TO.CD","Central African Republic","CAF","1995-2020",26
"NW.NCA.SAOI.TO.CD","Chad","TCD","1995-2002",8
"NW.NCA.SAOI.TO.CD","Comoros","COM","1995-2020",26
"NW.NCA.SAOI.TO.CD","Costa Rica","CRI","1995-2020",26
"NW.NCA.SAOI.TO.CD","Djibouti","DJI","1995-2020",26
"NW.NCA.SAOI.TO.CD","Dominican Republic","DOM","1995-2020",26
"NW.NCA.SAOI.TO.CD","El Salvador","SLV","1995-2020",26
"NW.NCA.SAOI.TO.CD","Eswatini","SWZ","1995-2020",26
"NW.NCA.SAOI.TO.CD","Ethiopia","ETH","1995-2020",26
"NW.NCA.SAOI.TO.CD","Finland","FIN","1995-2020",26
"NW.NCA.SAOI.TO.CD","Gambia, The","GMB","1995-2020",26
"NW.NCA.SAOI.TO.CD","Ghana","GHA","1995-2020",26
"NW.NCA.SAOI.TO.CD","Guinea","GIN","1995-2020",26
"NW.NCA.SAOI.TO.CD","Guinea-Bissau","GNB","1995-2020",26
"NW.NCA.SAOI.TO.CD","Guyana","GUY","1995-2018",24
"NW.NCA.SAOI.TO.CD","Haiti","HTI","1995-2020",26
"NW.NCA.SAOI.TO.CD","Honduras","HND","1995-2020",26
"NW.NCA.SAOI.TO.CD","Iceland","ISL","1995-2020",26
"NW.NCA.SAOI.TO.CD","Ireland","IRL","1995-2020",26
"NW.NCA.SAOI.TO.CD","Israel","ISR","1995-2003, 2009-2011, 2013-2020",20
"NW.NCA.SAOI.TO.CD","Jamaica","JAM","1995-2020",26
"NW.NCA.SAOI.TO.CD","Kenya","KEN","1995-2017, 2020",24
"NW.NCA.SAOI.TO.CD","Korea, Rep.","KOR","1995-2003",9
"NW.NCA.SAOI.TO.CD","Kuwait","KWT","1995-2020",26
"NW.NCA.SAOI.TO.CD","Lao PDR","LAO","1995-2020",26
"NW.NCA.SAOI.TO.CD","Latvia","LVA","1995-2020",26
"NW.NCA.SAOI.TO.CD","Lebanon","LBN","1995-2020",26
"NW.NCA.SAOI.TO.CD","Lesotho","LSO","1995-2020",26
"NW.NCA.SAOI.TO.CD","Liberia","LBR","1995-2020",26
"NW.NCA.SAOI.TO.CD","Luxembourg","LUX","1995-2020",26
"NW.NCA.SAOI.TO.CD","Madagascar","MDG","1995-2013",19
"NW.NCA.SAOI.TO.CD","Malawi","MWI","1995-2020",26
"NW.NCA.SAOI.TO.CD","Maldives","MDV","1995-2020",26
"NW.NCA.SAOI.TO.CD","Mali","MLI","1995-2020",26
"NW.NCA.SAOI.TO.CD","Malta","MLT","1995-2020",26
"NW.NCA.SAOI.TO.CD","Mauritania","MRT","1995-2005, 2018-2020",14
"NW.NCA.SAOI.TO.CD","Mauritius","MUS","1995-2020",26
"NW.NCA.SAOI.TO.CD","Moldova","MDA","1995-2013, 2015-2020",25
"NW.NCA.SAOI.TO.CD","Mongolia","MNG","1995-1997",3
"NW.NCA.SAOI.TO.CD","Montenegro","MNE","1995-2020",26
"NW.NCA.SAOI.TO.CD","Mozambique","MOZ","1995-2009, 2017-2020",19
"NW.NCA.SAOI.TO.CD","Namibia","NAM","1995-2020",26
"NW.NCA.SAOI.TO.CD","Nepal","NPL","1995-2020",26
"NW.NCA.SAOI.TO.CD","Nicaragua","NIC","1995-2020",26
"NW.NCA.SAOI.TO.CD","Niger","NER","1995-2010",16
"NW.NCA.SAOI.TO.CD","North Macedonia","MKD","1995-2020",26
"NW.NCA.SAOI.TO.CD","Panama","PAN","1995-2020",26
"NW.NCA.SAOI.TO.CD","Paraguay","PRY","1995-2020",26
"NW.NCA.SAOI.TO.CD","Portugal","PRT","1995-2020",26
"NW.NCA.SAOI.TO.CD","Rwanda","RWA","1995-2020",26
"NW.NCA.SAOI.TO.CD","Sao Tome and Principe","STP","1995-2020",26
"NW.NCA.SAOI.TO.CD","Saudi Arabia","SAU","1995-2020",26
"NW.NCA.SAOI.TO.CD","Senegal","SEN","2001-2020",20
"NW.NCA.SAOI.TO.CD","Serbia","SRB","1995-2006",12
"NW.NCA.SAOI.TO.CD","Sierra Leone","SLE","1995-2020",26
"NW.NCA.SAOI.TO.CD","Singapore","SGP","1995-2020",26
"NW.NCA.SAOI.TO.CD","Slovenia","SVN","2007-2016",10
"NW.NCA.SAOI.TO.CD","Solomon Islands","SLB","1995-2020",26
"NW.NCA.SAOI.TO.CD","Sri Lanka","LKA","1995-2020",26
"NW.NCA.SAOI.TO.CD","St. Lucia","LCA","1995-2020",26
"NW.NCA.SAOI.TO.CD","Sudan","SDN","1995-2011",17
"NW.NCA.SAOI.TO.CD","Sweden","SWE","1995-2020",26
"NW.NCA.SAOI.TO.CD","Switzerland","CHE","1995-2020",26
"NW.NCA.SAOI.TO.CD","Tanzania","TZA","1995-2020",26
"NW.NCA.SAOI.TO.CD","Togo","TGO","1995-2020",26
"NW.NCA.SAOI.TO.CD","Uganda","UGA","1995-2020",26
"NW.NCA.SAOI.TO.CD","Uruguay","URY","1995-2020",26
"NW.NCA.SAOI.TO.CD","Zambia","ZMB","1995-2020",26
"NW.NCA.SAOI.TO.CD","Zimbabwe","ZWE","1995-2020",26
"NW.NCA.SSOI.PC","Montenegro","MNE","1995-2006",12
"NW.NCA.SSOI.PC","Serbia","SRB","1995-2006",12
"NW.NCA.SSOI.PC","Sudan","SDN","1995-2011",17
"NW.NCA.SSOI.PC.CD","Montenegro","MNE","1995-2006",12
"NW.NCA.SSOI.PC.CD","Serbia","SRB","1995-2006",12
"NW.NCA.SSOI.PC.CD","Sudan","SDN","1995-2011",17
"NW.NCA.SSOI.TO","Montenegro","MNE","1995-2006",12
"NW.NCA.SSOI.TO","Serbia","SRB","1995-2006",12
"NW.NCA.SSOI.TO","Sudan","SDN","1995-2011",17
"NW.NCA.SSOI.TO.CD","Montenegro","MNE","1995-2006",12
"NW.NCA.SSOI.TO.CD","Serbia","SRB","1995-2006",12
"NW.NCA.SSOI.TO.CD","Sudan","SDN","1995-2011",17
"NW.NCA.TOTL.PC","Montenegro","MNE","1995-2006",12
"NW.NCA.TOTL.PC","Serbia","SRB","1995-2006",12
"NW.NCA.TOTL.PC","Sudan","SDN","1995-2011",17
"NW.NCA.TOTL.PC.CD","Montenegro","MNE","1995-2006",12
"NW.NCA.TOTL.PC.CD","Serbia","SRB","1995-2006",12
"NW.NCA.TOTL.PC.CD","Sudan","SDN","1995-2011",17
"NW.NCA.TOTL.TO","Montenegro","MNE","1995-2006",12
"NW.NCA.TOTL.TO","Serbia","SRB","1995-2006",12
"NW.NCA.TOTL.TO","Sudan","SDN","1995-2011",17
"NW.NCA.TOTL.TO.CD","Montenegro","MNE","1995-2006",12
"NW.NCA.TOTL.TO.CD","Serbia","SRB","1995-2006",12
"NW.NCA.TOTL.TO.CD","Sudan","SDN","1995-2011",17
"NW.NFA.PC","Angola","AGO","1995-2001",7
"NW.NFA.PC","Belarus","BLR","1995-1998",4
"NW.NFA.PC","Bosnia and Herzegovina","BIH","1995",1
"NW.NFA.PC","Bulgaria","BGR","1995",1
"NW.NFA.PC","Congo, Dem. Rep.","","1995-2000",6
"NW.NFA.PC","Djibouti","DJI","1995-1999",5
"NW.NFA.PC","Iraq","IRQ","1995-1999",5
"NW.NFA.PC","Montenegro","MNE","1995-2006",12
"NW.NFA.PC","Sao Tome and Principe","STP","1995-2018, 2020",25
"NW.NFA.PC","Serbia","SRB","1995-2006",12
"NW.NFA.PC","Sudan","SDN","1995-2013",19
"NW.NFA.PC","Tajikistan","TJK","1995-1996",2
"NW.NFA.PC","Turkiye","TUR","1995-1998",4
"NW.NFA.PC","Zambia","ZMB","1995-1996",2
"NW.NFA.PC.CD","Angola","AGO","1995-2001",7
"NW.NFA.PC.CD","Belarus","BLR","1995-1998",4
"NW.NFA.PC.CD","Bosnia and Herzegovina","BIH","1995",1
"NW.NFA.PC.CD","Bulgaria","BGR","1995",1
"NW.NFA.PC.CD","Congo, Dem. Rep.","","1995-2000",6
"NW.NFA.PC.CD","Iraq","IRQ","1995-1999",5
"NW.NFA.PC.CD","Montenegro","MNE","1995-2006",12
"NW.NFA.PC.CD","Serbia","SRB","1995-2006",12
"NW.NFA.PC.CD","Sudan","SDN","1995-2013",19
"NW.NFA.PC.CD","Tajikistan","TJK","1995-1996",2
"NW.NFA.PC.CD","Turkiye","TUR","1995-1998",4
"NW.NFA.PC.CD","Zambia","ZMB","1995-1996",2
"NW.NFA.TO","Angola","AGO","1995-2001",7
"NW.NFA.TO","Belarus","BLR","1995-1998",4
"NW.NFA.TO","Bosnia and Herzegovina","BIH","1995",1
"NW.NFA.TO","Bulgaria","BGR","1995",1
"NW.NFA.TO","Congo, Dem. Rep.","","1995-2000",6
"NW.NFA.TO","Djibouti","DJI","1995-1999",5
"NW.NFA.TO","Iraq","IRQ","1995-1999",5
"NW.NFA.TO","Montenegro","MNE","1995-2006",12
"NW.NFA.TO","Sao Tome and Principe","STP","1995-2018, 2020",25
"NW.NFA.TO","Serbia","SRB","1995-2006",12
"NW.NFA.TO","Sudan","SDN","1995-2013",19
"NW.NFA.TO","Tajikistan","TJK","1995-1996",2
"NW.NFA.TO","Turkiye","TUR","1995-1998",4
"NW.NFA.TO","Zambia","ZMB","1995-1996",2
"NW.NFA.TO.CD","Angola","AGO","1995-2001",7
"NW.NFA.TO.CD","Belarus","BLR","1995-1998",4
"NW.NFA.TO.CD","Bosnia and Herzegovina","BIH","1995",1
"NW.NFA.TO.CD","Bulgaria","BGR","1995",1
"NW.NFA.TO.CD","Congo, Dem. Rep.","","1995-2000",6
"NW.NFA.TO.CD","Iraq","IRQ","1995-1999",5
"NW.NFA.TO.CD","Montenegro","MNE","1995-2006",12
"NW.NFA.TO.CD","Serbia","SRB","1995-2006",12
"NW.NFA.TO.CD","Sudan","SDN","1995-2013",19
"NW.NFA.TO.CD","Tajikistan","TJK","1995-1996",2
"NW.NFA.TO.CD","Turkiye","TUR","1995-1998",4
"NW.NFA.TO.CD","Zambia","ZMB","1995-1996",2
"NW.NFL.PC","Angola","AGO","1995-2001",7
"NW.NFL.PC","Belarus","BLR","1995-1998",4
"NW.NFL.PC","Bosnia and Herzegovina","BIH","1995",1
"NW.NFL.PC","Bulgaria","BGR","1995",1
"NW.NFL.PC","Congo, Dem. Rep.","","1995-2000",6
"NW.NFL.PC","Djibouti","DJI","1995-1999",5
"NW.NFL.PC","Iraq","IRQ","1995-1999",5
"NW.NFL.PC","Montenegro","MNE","1995-2006",12
"NW.NFL.PC","Sao Tome and Principe","STP","1995-2018, 2020",25
"NW.NFL.PC","Serbia","SRB","1995-2006",12
"NW.NFL.PC","Sudan","SDN","1995-2013",19
"NW.NFL.PC","Tajikistan","TJK","1995-1996",2
"NW.NFL.PC","Turkiye","TUR","1995-1998",4
"NW.NFL.PC","Zambia","ZMB","1995-1996",2
"NW.NFL.PC.CD","Angola","AGO","1995-2001",7
"NW.NFL.PC.CD","Belarus","BLR","1995-1998",4
"NW.NFL.PC.CD","Bosnia and Herzegovina","BIH","1995",1
"NW.NFL.PC.CD","Bulgaria","BGR","1995",1
"NW.NFL.PC.CD","Congo, Dem. Rep.","","1995-2000",6
"NW.NFL.PC.CD","Iraq","IRQ","1995-1999",5
"NW.NFL.PC.CD","Montenegro","MNE","1995-2006",12
"NW.NFL.PC.CD","Serbia","SRB","1995-2006",12
"NW.NFL.PC.CD","Sudan","SDN","1995-2013",19
"NW.NFL.PC.CD","Tajikistan","TJK","1995-1996",2
"NW.NFL.PC.CD","Turkiye","TUR","1995-1998",4
"NW.NFL.PC.CD","Zambia","ZMB","1995-1996",2
"NW.NFL.TO","Angola","AGO","1995-2001",7
"NW.NFL.TO","Belarus","BLR","1995-1998",4
"NW.NFL.TO","Bosnia and Herzegovina","BIH","1995",1
"NW.NFL.TO","Bulgaria","BGR","1995",1
"NW.NFL.TO","Congo, Dem. Rep.","","1995-2000",6
"NW.NFL.TO","Djibouti","DJI","1995-1999",5
"NW.NFL.TO","Iraq","IRQ","1995-1999",5
"NW.NFL.TO","Montenegro","MNE","1995-2006",12
"NW.NFL.TO","Sao Tome and Principe","STP","1995-2018, 2020",25
"NW.NFL.TO","Serbia","SRB","1995-2006",12
"NW.NFL.TO","Sudan","SDN","1995-2013",19
"NW.NFL.TO","Tajikistan","TJK","1995-1996",2
"NW.NFL.TO","Turkiye","TUR","1995-1998",4
"NW.NFL.TO","Zambia","ZMB","1995-1996",2
"NW.NFL.TO.CD","Angola","AGO","1995-2001",7
"NW.NFL.TO.CD","Belarus","BLR","1995-1998",4
"NW.NFL.TO.CD","Bosnia and Herzegovina","BIH","1995",1
"NW.NFL.TO.CD","Bulgaria","BGR","1995",1
"NW.NFL.TO.CD","Congo, Dem. Rep.","","1995-2000",6
"NW.NFL.TO.CD","Iraq","IRQ","1995-1999",5
"NW.NFL.TO.CD","Montenegro","MNE","1995-2006",12
"NW.NFL.TO.CD","Serbia","SRB","1995-2006",12
"NW.NFL.TO.CD","Sudan","SDN","1995-2013",19
"NW.NFL.TO.CD","Tajikistan","TJK","1995-1996",2
"NW.NFL.TO.CD","Turkiye","TUR","1995-1998",4
"NW.NFL.TO.CD","Zambia","ZMB","1995-1996",2
"NW.PCA.PC","Montenegro","MNE","1995-2006",12
"NW.PCA.PC","Serbia","SRB","1995-2006",12
"NW.PCA.PC","Sudan","SDN","1995-2011",17
"NW.PCA.PC.EX.CD","Burkina Faso","BFA","2020",1
"NW.PCA.PC.EX.CD","Montenegro","MNE","1995-2006",12
"NW.PCA.PC.EX.CD","Serbia","SRB","1995-2006",12
"NW.PCA.PC.EX.CD","Sudan","SDN","1995-2011",17
"NW.PCA.PC.IN.CD","Burkina Faso","BFA","2020",1
"NW.PCA.PC.IN.CD","Montenegro","MNE","1995-2006",12
"NW.PCA.PC.IN.CD","Serbia","SRB","1995-2006",12
"NW.PCA.PC.IN.CD","Sudan","SDN","1995-2011",17
"NW.PCA.TO","Montenegro","MNE","1995-2006",12
"NW.PCA.TO","Serbia","SRB","1995-2006",12
"NW.PCA.TO","Sudan","SDN","1995-2011",17
"NW.PCA.TO.EX.CD","Burkina Faso","BFA","2020",1
"NW.PCA.TO.EX.CD","Montenegro","MNE","1995-2006",12
"NW.PCA.TO.EX.CD","Serbia","SRB","1995-2006",12
"NW.PCA.TO.EX.CD","Sudan","SDN","1995-2011",17
"NW.PCA.TO.IN.CD","Burkina Faso","BFA","2020",1
"NW.PCA.TO.IN.CD","Montenegro","MNE","1995-2006",12
"NW.PCA.TO.IN.CD","Serbia","SRB","1995-2006",12
"NW.PCA.TO.IN.CD","Sudan","SDN","1995-2011",17
"NW.TOW.PC","Angola","AGO","1995-2001",7
"NW.TOW.PC","Belarus","BLR","1995-1998",4
"NW.TOW.PC","Bosnia and Herzegovina","BIH","1995",1
"NW.TOW.PC","Bulgaria","BGR","1995",1
"NW.TOW.PC","Congo, Dem. Rep.","","1995-2000",6
"NW.TOW.PC","Djibouti","DJI","1995-1999",5
"NW.TOW.PC","Iraq","IRQ","1995-1999",5
"NW.TOW.PC","Montenegro","MNE","1995-2006",12
"NW.TOW.PC","Sao Tome and Principe","STP","1995-2018, 2020",25
"NW.TOW.PC","Serbia","SRB","1995-2006",12
"NW.TOW.PC","Sudan","SDN","1995-2013",19
"NW.TOW.PC","Tajikistan","TJK","1995-1996",2
"NW.TOW.PC","Turkiye","TUR","1995-1998",4
"NW.TOW.PC","Zambia","ZMB","1995-1996",2
"NW.TOW.PC.CD","Angola","AGO","1995-2001",7
"NW.TOW.PC.CD","Belarus","BLR","1995-1998",4
"NW.TOW.PC.CD","Bosnia and Herzegovina","BIH","1995",1
"NW.TOW.PC.CD","Bulgaria","BGR","1995",1
"NW.TOW.PC.CD","Congo, Dem. Rep.","","1995-2000",6
"NW.TOW.PC.CD","Iraq","IRQ","1995-1999",5
"NW.TOW.PC.CD","Montenegro","MNE","1995-2006",12
"NW.TOW.PC.CD","Serbia","SRB","1995-2006",12
"NW.TOW.PC.CD","Sudan","SDN","1995-2013",19
"NW.TOW.PC.CD","Tajikistan","TJK","1995-1996",2
"NW.TOW.PC.CD","Turkiye","TUR","1995-1998",4
"NW.TOW.PC.CD","Zambia","ZMB","1995-1996",2
"NW.TOW.TO","Angola","AGO","1995-2001",7
"NW.TOW.TO","Belarus","BLR","1995-1998",4
"NW.TOW.TO","Bosnia and Herzegovina","BIH","1995",1
"NW.TOW.TO","Bulgaria","BGR","1995",1
"NW.TOW.TO","Congo, Dem. Rep.","","1995-2000",6
"NW.TOW.TO","Djibouti","DJI","1995-1999",5
"NW.TOW.TO","Iraq","IRQ","1995-1999",5
"NW.TOW.TO","Montenegro","MNE","1995-2006",12
"NW.TOW.TO","Sao Tome and Principe","STP","1995-2018, 2020",25
"NW.TOW.TO","Serbia","SRB","1995-2006",12
"NW.TOW.TO","Sudan","SDN","1995-2013",19
"NW.TOW.TO","Tajikistan","TJK","1995-1996",2
"NW.TOW.TO","Turkiye","TUR","1995-1998",4
"NW.TOW.TO","Zambia","ZMB","1995-1996",2
"NW.TOW.TO.CD","Angola","AGO","1995-2001",7
"NW.TOW.TO.CD","Belarus","BLR","1995-1998",4
"NW.TOW.TO.CD","Bosnia and Herzegovina","BIH","1995",1
"NW.TOW.TO.CD","Bulgaria","BGR","1995",1
"NW.TOW.TO.CD","Congo, Dem. Rep.","","1995-2000",6
"NW.TOW.TO.CD","Iraq","IRQ","1995-1999",5
"NW.TOW.TO.CD","Montenegro","MNE","1995-2006",12
"NW.TOW.TO.CD","Serbia","SRB","1995-2006",12
"NW.TOW.TO.CD","Sudan","SDN","1995-2013",19
"NW.TOW.TO.CD","Tajikistan","TJK","1995-1996",2
"NW.TOW.TO.CD","Turkiye","TUR","1995-1998",4
"NW.TOW.TO.CD","Zambia","ZMB","1995-1996",2
