"indicator","country","iso3c","missing_years","nb_missing_years"
"SPI.D2.1.GDDS","Afghanistan","AFG","2004-2015",12
"SPI.D2.1.GDDS","Albania","ALB","2004-2015",12
"SPI.D2.1.GDDS","Algeria","DZA","2004-2015",12
"SPI.D2.1.GDDS","American Samoa","ASM","2004-2015",12
"SPI.D2.1.GDDS","Andorra","AND","2004-2016",13
"SPI.D2.1.GDDS","Angola","AGO","2004-2015",12
"SPI.D2.1.GDDS","Antigua and Barbuda","ATG","2004-2015",12
"SPI.D2.1.GDDS","Argentina","ARG","2004-2015",12
"SPI.D2.1.GDDS","Armenia","ARM","2004-2015",12
"SPI.D2.1.GDDS","Aruba","ABW","2004-2015",12
"SPI.D2.1.GDDS","Azerbaijan","AZE","2004-2015",12
"SPI.D2.1.GDDS","Bahamas, The","BHS","2004-2015",12
"SPI.D2.1.GDDS","Bahrain","BHR","2004-2015",12
"SPI.D2.1.GDDS","Bangladesh","BGD","2004-2015",12
"SPI.D2.1.GDDS","Barbados","BRB","2004-2015",12
"SPI.D2.1.GDDS","Belarus","BLR","2004-2015",12
"SPI.D2.1.GDDS","Belize","BLZ","2004-2015",12
"SPI.D2.1.GDDS","Benin","BEN","2004-2015",12
"SPI.D2.1.GDDS","Bermuda","BMU","2004-2015",12
"SPI.D2.1.GDDS","Bhutan","BTN","2004-2015",12
"SPI.D2.1.GDDS","Bolivia","BOL","2004-2015",12
"SPI.D2.1.GDDS","Bosnia and Herzegovina","BIH","2004-2015",12
"SPI.D2.1.GDDS","Botswana","BWA","2004-2015",12
"SPI.D2.1.GDDS","Brazil","BRA","2004-2015",12
"SPI.D2.1.GDDS","British Virgin Islands","VGB","2004-2015",12
"SPI.D2.1.GDDS","Brunei Darussalam","BRN","2004-2015",12
"SPI.D2.1.GDDS","Bulgaria","BGR","2004-2015",12
"SPI.D2.1.GDDS","Burkina Faso","BFA","2004-2015",12
"SPI.D2.1.GDDS","Burundi","BDI","2004-2015",12
"SPI.D2.1.GDDS","Cabo Verde","CPV","2004-2015",12
"SPI.D2.1.GDDS","Cambodia","KHM","2004-2015",12
"SPI.D2.1.GDDS","Cameroon","CMR","2004-2015",12
"SPI.D2.1.GDDS","Cayman Islands","CYM","2004-2015",12
"SPI.D2.1.GDDS","Central African Republic","CAF","2004-2015",12
"SPI.D2.1.GDDS","Chad","TCD","2004-2015",12
"SPI.D2.1.GDDS","Channel Islands","CHI","2004-2015",12
"SPI.D2.1.GDDS","China","CHN","2004-2015",12
"SPI.D2.1.GDDS","Colombia","COL","2004-2015",12
"SPI.D2.1.GDDS","Comoros","COM","2004-2015",12
"SPI.D2.1.GDDS","Congo, Dem. Rep.","COD","2004-2016",13
"SPI.D2.1.GDDS","Congo, Rep.","COG","2004-2015",12
"SPI.D2.1.GDDS","Costa Rica","CRI","2004-2015",12
"SPI.D2.1.GDDS","Cote d'Ivoire","CIV","2004-2015",12
"SPI.D2.1.GDDS","Croatia","HRV","2004-2015",12
"SPI.D2.1.GDDS","Cuba","CUB","2004-2015",12
"SPI.D2.1.GDDS","Curacao","CUW","2004-2015",12
"SPI.D2.1.GDDS","Cyprus","CYP","2004-2015",12
"SPI.D2.1.GDDS","Djibouti","DJI","2004-2015",12
"SPI.D2.1.GDDS","Dominica","DMA","2004-2015",12
"SPI.D2.1.GDDS","Dominican Republic","DOM","2004-2015",12
"SPI.D2.1.GDDS","Ecuador","ECU","2004-2015",12
"SPI.D2.1.GDDS","Egypt, Arab Rep.","EGY","2004-2015",12
"SPI.D2.1.GDDS","El Salvador","SLV","2004-2015",12
"SPI.D2.1.GDDS","Equatorial Guinea","GNQ","2004-2015",12
"SPI.D2.1.GDDS","Eritrea","ERI","2004-2015",12
"SPI.D2.1.GDDS","Eswatini","SWZ","2004-2015",12
"SPI.D2.1.GDDS","Ethiopia","ETH","2004-2015",12
"SPI.D2.1.GDDS","Faroe Islands","FRO","2004-2015",12
"SPI.D2.1.GDDS","Fiji","FJI","2004-2015",12
"SPI.D2.1.GDDS","French Polynesia","PYF","2004-2015",12
"SPI.D2.1.GDDS","Gabon","GAB","2004-2015",12
"SPI.D2.1.GDDS","Gambia, The","GMB","2004-2015",12
"SPI.D2.1.GDDS","Georgia","GEO","2004-2015",12
"SPI.D2.1.GDDS","Ghana","GHA","2004-2015",12
"SPI.D2.1.GDDS","Gibraltar","GIB","2004-2015",12
"SPI.D2.1.GDDS","Greenland","GRL","2004-2015",12
"SPI.D2.1.GDDS","Grenada","GRD","2004-2015",12
"SPI.D2.1.GDDS","Guam","GUM","2004-2015",12
"SPI.D2.1.GDDS","Guatemala","GTM","2004-2015",12
"SPI.D2.1.GDDS","Guinea","GIN","2004-2015",12
"SPI.D2.1.GDDS","Guinea-Bissau","GNB","2004-2015",12
"SPI.D2.1.GDDS","Guyana","GUY","2004-2015",12
"SPI.D2.1.GDDS","Haiti","HTI","2004-2015",12
"SPI.D2.1.GDDS","Honduras","HND","2004-2015",12
"SPI.D2.1.GDDS","Hong Kong SAR, China","HKG","2004-2015",12
"SPI.D2.1.GDDS","India","IND","2004-2015",12
"SPI.D2.1.GDDS","Indonesia","IDN","2004-2015",12
"SPI.D2.1.GDDS","Iran, Islamic Rep.","IRN","2004-2015",12
"SPI.D2.1.GDDS","Iraq","IRQ","2004-2015",12
"SPI.D2.1.GDDS","Isle of Man","IMN","2004-2016",13
"SPI.D2.1.GDDS","Jamaica","JAM","2004-2015",12
"SPI.D2.1.GDDS","Jordan","JOR","2004-2015",12
"SPI.D2.1.GDDS","Kazakhstan","KAZ","2004-2015",12
"SPI.D2.1.GDDS","Kenya","KEN","2004-2015",12
"SPI.D2.1.GDDS","Kiribati","KIR","2004-2015",12
"SPI.D2.1.GDDS","Korea, Dem. People's Rep.","PRK","2004-2015",12
"SPI.D2.1.GDDS","Kosovo","XKX","2004-2016",13
"SPI.D2.1.GDDS","Kuwait","KWT","2004-2015",12
"SPI.D2.1.GDDS","Kyrgyz Republic","KGZ","2004-2015",12
"SPI.D2.1.GDDS","Lao PDR","LAO","2004-2015",12
"SPI.D2.1.GDDS","Lebanon","LBN","2004-2015",12
"SPI.D2.1.GDDS","Lesotho","LSO","2004-2015",12
"SPI.D2.1.GDDS","Liberia","LBR","2004-2015",12
"SPI.D2.1.GDDS","Libya","LBY","2004-2015",12
"SPI.D2.1.GDDS","Liechtenstein","LIE","2004-2015",12
"SPI.D2.1.GDDS","Macao SAR, China","MAC","2004-2015",12
"SPI.D2.1.GDDS","Madagascar","MDG","2004-2015",12
"SPI.D2.1.GDDS","Malawi","MWI","2004-2015",12
"SPI.D2.1.GDDS","Malaysia","MYS","2004-2015",12
"SPI.D2.1.GDDS","Maldives","MDV","2004-2015",12
"SPI.D2.1.GDDS","Mali","MLI","2004-2015",12
"SPI.D2.1.GDDS","Malta","MLT","2004-2015",12
"SPI.D2.1.GDDS","Marshall Islands","MHL","2004-2015",12
"SPI.D2.1.GDDS","Mauritania","MRT","2004-2015",12
"SPI.D2.1.GDDS","Mauritius","MUS","2004-2015",12
"SPI.D2.1.GDDS","Mexico","MEX","2004-2015",12
"SPI.D2.1.GDDS","Micronesia, Fed. Sts.","FSM","2004-2015",12
"SPI.D2.1.GDDS","Moldova","MDA","2004-2015",12
"SPI.D2.1.GDDS","Monaco","MCO","2004-2015",12
"SPI.D2.1.GDDS","Mongolia","MNG","2004-2015",12
"SPI.D2.1.GDDS","Montenegro","MNE","2004-2015",12
"SPI.D2.1.GDDS","Morocco","MAR","2004-2015",12
"SPI.D2.1.GDDS","Mozambique","MOZ","2004-2015",12
"SPI.D2.1.GDDS","Myanmar","MMR","2004-2015",12
"SPI.D2.1.GDDS","Namibia","NAM","2004-2015",12
"SPI.D2.1.GDDS","Nauru","NRU","2004-2015",12
"SPI.D2.1.GDDS","Nepal","NPL","2004-2015",12
"SPI.D2.1.GDDS","New Caledonia","NCL","2004-2015",12
"SPI.D2.1.GDDS","Nicaragua","NIC","2004-2015",12
"SPI.D2.1.GDDS","Niger","NER","2004-2015",12
"SPI.D2.1.GDDS","Nigeria","NGA","2004-2015",12
"SPI.D2.1.GDDS","North Macedonia","MKD","2004-2015",12
"SPI.D2.1.GDDS","Northern Mariana Islands","MNP","2004-2015",12
"SPI.D2.1.GDDS","Oman","OMN","2004-2015",12
"SPI.D2.1.GDDS","Pakistan","PAK","2004-2015",12
"SPI.D2.1.GDDS","Palau","PLW","2004-2015",12
"SPI.D2.1.GDDS","Panama","PAN","2004-2015",12
"SPI.D2.1.GDDS","Papua New Guinea","PNG","2004-2015",12
"SPI.D2.1.GDDS","Paraguay","PRY","2004-2015",12
"SPI.D2.1.GDDS","Peru","PER","2004-2015",12
"SPI.D2.1.GDDS","Philippines","PHL","2004-2015",12
"SPI.D2.1.GDDS","Puerto Rico","PRI","2004-2015",12
"SPI.D2.1.GDDS","Qatar","QAT","2004-2015",12
"SPI.D2.1.GDDS","Romania","ROU","2004-2016",13
"SPI.D2.1.GDDS","Russian Federation","RUS","2004-2015",12
"SPI.D2.1.GDDS","Rwanda","RWA","2004-2015",12
"SPI.D2.1.GDDS","Samoa","WSM","2004-2015",12
"SPI.D2.1.GDDS","San Marino","SMR","2004-2015",12
"SPI.D2.1.GDDS","Sao Tome and Principe","STP","2004-2015",12
"SPI.D2.1.GDDS","Saudi Arabia","SAU","2004-2015",12
"SPI.D2.1.GDDS","Senegal","SEN","2004-2015",12
"SPI.D2.1.GDDS","Serbia","SRB","2004-2015",12
"SPI.D2.1.GDDS","Seychelles","SYC","2004-2015",12
"SPI.D2.1.GDDS","Sierra Leone","SLE","2004-2015",12
"SPI.D2.1.GDDS","Sint Maarten (Dutch part)","SXM","2004-2015",12
"SPI.D2.1.GDDS","Solomon Islands","SLB","2004-2015",12
"SPI.D2.1.GDDS","Somalia","SOM","2004-2015",12
"SPI.D2.1.GDDS","South Africa","ZAF","2004-2015",12
"SPI.D2.1.GDDS","South Sudan","SSD","2004-2015",12
"SPI.D2.1.GDDS","Sri Lanka","LKA","2004-2015",12
"SPI.D2.1.GDDS","St. Kitts and Nevis","KNA","2004-2015",12
"SPI.D2.1.GDDS","St. Lucia","LCA","2004-2015",12
"SPI.D2.1.GDDS","St. Martin (French part)","MAF","2004-2015",12
"SPI.D2.1.GDDS","St. Vincent and the Grenadines","VCT","2004-2015",12
"SPI.D2.1.GDDS","Sudan","SDN","2004-2015",12
"SPI.D2.1.GDDS","Suriname","SUR","2004-2015",12
"SPI.D2.1.GDDS","Syrian Arab Republic","SYR","2004-2015",12
"SPI.D2.1.GDDS","Tajikistan","TJK","2004-2015",12
"SPI.D2.1.GDDS","Tanzania","TZA","2004-2015",12
"SPI.D2.1.GDDS","Thailand","THA","2004-2015",12
"SPI.D2.1.GDDS","Timor-Leste","TLS","2004-2016",13
"SPI.D2.1.GDDS","Togo","TGO","2004-2015",12
"SPI.D2.1.GDDS","Tonga","TON","2004-2015",12
"SPI.D2.1.GDDS","Trinidad and Tobago","TTO","2004-2015",12
"SPI.D2.1.GDDS","Tunisia","TUN","2004-2015",12
"SPI.D2.1.GDDS","Turkiye","TUR","2004-2015",12
"SPI.D2.1.GDDS","Turkmenistan","TKM","2004-2015",12
"SPI.D2.1.GDDS","Turks and Caicos Islands","TCA","2004-2015",12
"SPI.D2.1.GDDS","Tuvalu","TUV","2004-2015",12
"SPI.D2.1.GDDS","Uganda","UGA","2004-2015",12
"SPI.D2.1.GDDS","Ukraine","UKR","2004-2015",12
"SPI.D2.1.GDDS","United Arab Emirates","ARE","2004-2015",12
"SPI.D2.1.GDDS","Uruguay","URY","2004-2015",12
"SPI.D2.1.GDDS","Uzbekistan","UZB","2004-2015",12
"SPI.D2.1.GDDS","Vanuatu","VUT","2004-2015",12
"SPI.D2.1.GDDS","Venezuela, RB","VEN","2004-2015",12
"SPI.D2.1.GDDS","Viet Nam","VNM","2004-2015",12
"SPI.D2.1.GDDS","Virgin Islands (U.S.)","VIR","2004-2015",12
"SPI.D2.1.GDDS","West Bank and Gaza","PSE","2004-2016",13
"SPI.D2.1.GDDS","Yemen, Rep.","YEM","2004-2015",12
"SPI.D2.1.GDDS","Zambia","ZMB","2004-2015",12
"SPI.D2.1.GDDS","Zimbabwe","ZWE","2004-2015",12
"SPI.D2.2.Download.options","Afghanistan","AFG","2004-2014",11
"SPI.D2.2.Download.options","Albania","ALB","2004-2014",11
"SPI.D2.2.Download.options","Algeria","DZA","2004-2014",11
"SPI.D2.2.Download.options","American Samoa","ASM","2004-2023",20
"SPI.D2.2.Download.options","Andorra","AND","2004-2021",18
"SPI.D2.2.Download.options","Angola","AGO","2004-2014",11
"SPI.D2.2.Download.options","Antigua and Barbuda","ATG","2004-2019",16
"SPI.D2.2.Download.options","Argentina","ARG","2004-2014",11
"SPI.D2.2.Download.options","Armenia","ARM","2004-2014",11
"SPI.D2.2.Download.options","Aruba","ABW","2004-2021",18
"SPI.D2.2.Download.options","Australia","AUS","2004-2015",12
"SPI.D2.2.Download.options","Austria","AUT","2004-2015",12
"SPI.D2.2.Download.options","Azerbaijan","AZE","2004-2014",11
"SPI.D2.2.Download.options","Bahamas, The","BHS","2004-2015",12
"SPI.D2.2.Download.options","Bahrain","BHR","2004-2015",12
"SPI.D2.2.Download.options","Bangladesh","BGD","2004-2014",11
"SPI.D2.2.Download.options","Barbados","BRB","2004-2021",18
"SPI.D2.2.Download.options","Belarus","BLR","2004-2014",11
"SPI.D2.2.Download.options","Belgium","BEL","2004-2015",12
"SPI.D2.2.Download.options","Belize","BLZ","2004-2014",11
"SPI.D2.2.Download.options","Benin","BEN","2004-2014",11
"SPI.D2.2.Download.options","Bermuda","BMU","2004-2023",20
"SPI.D2.2.Download.options","Bhutan","BTN","2004-2014",11
"SPI.D2.2.Download.options","Bolivia","BOL","2004-2014",11
"SPI.D2.2.Download.options","Bosnia and Herzegovina","BIH","2004-2014",11
"SPI.D2.2.Download.options","Botswana","BWA","2004-2014",11
"SPI.D2.2.Download.options","Brazil","BRA","2004-2014",11
"SPI.D2.2.Download.options","British Virgin Islands","VGB","2004-2023",20
"SPI.D2.2.Download.options","Brunei Darussalam","BRN","2004-2019",16
"SPI.D2.2.Download.options","Bulgaria","BGR","2004-2014",11
"SPI.D2.2.Download.options","Burkina Faso","BFA","2004-2014",11
"SPI.D2.2.Download.options","Burundi","BDI","2004-2014",11
"SPI.D2.2.Download.options","Cabo Verde","CPV","2004-2014",11
"SPI.D2.2.Download.options","Cambodia","KHM","2004-2014",11
"SPI.D2.2.Download.options","Cameroon","CMR","2004-2014",11
"SPI.D2.2.Download.options","Canada","CAN","2004-2015",12
"SPI.D2.2.Download.options","Cayman Islands","CYM","2004-2023",20
"SPI.D2.2.Download.options","Central African Republic","CAF","2004-2021",18
"SPI.D2.2.Download.options","Chad","TCD","2004-2014",11
"SPI.D2.2.Download.options","Channel Islands","CHI","2004-2023",20
"SPI.D2.2.Download.options","Chile","CHL","2004-2014",11
"SPI.D2.2.Download.options","China","CHN","2004-2014",11
"SPI.D2.2.Download.options","Colombia","COL","2004-2014",11
"SPI.D2.2.Download.options","Comoros","COM","2004-2023",20
"SPI.D2.2.Download.options","Congo, Dem. Rep.","COD","2004-2014",11
"SPI.D2.2.Download.options","Congo, Rep.","COG","2004-2014",11
"SPI.D2.2.Download.options","Costa Rica","CRI","2004-2015",12
"SPI.D2.2.Download.options","Cote d'Ivoire","CIV","2004-2014",11
"SPI.D2.2.Download.options","Croatia","HRV","2004-2015",12
"SPI.D2.2.Download.options","Cuba","CUB","2004-2014",11
"SPI.D2.2.Download.options","Curacao","CUW","2004-2023",20
"SPI.D2.2.Download.options","Cyprus","CYP","2004-2015",12
"SPI.D2.2.Download.options","Czechia","CZE","2004-2015",12
"SPI.D2.2.Download.options","Denmark","DNK","2004-2015",12
"SPI.D2.2.Download.options","Djibouti","DJI","2004-2014",11
"SPI.D2.2.Download.options","Dominica","DMA","2004-2019",16
"SPI.D2.2.Download.options","Dominican Republic","DOM","2004-2014",11
"SPI.D2.2.Download.options","Ecuador","ECU","2004-2014",11
"SPI.D2.2.Download.options","Egypt, Arab Rep.","EGY","2004-2014",11
"SPI.D2.2.Download.options","El Salvador","SLV","2004-2014",11
"SPI.D2.2.Download.options","Equatorial Guinea","GNQ","2004-2019",16
"SPI.D2.2.Download.options","Eritrea","ERI","2004-2023",20
"SPI.D2.2.Download.options","Estonia","EST","2004-2015",12
"SPI.D2.2.Download.options","Eswatini","SWZ","2004-2014",11
"SPI.D2.2.Download.options","Ethiopia","ETH","2004-2014",11
"SPI.D2.2.Download.options","Faroe Islands","FRO","2004-2023",20
"SPI.D2.2.Download.options","Fiji","FJI","2004-2014",11
"SPI.D2.2.Download.options","Finland","FIN","2004-2015",12
"SPI.D2.2.Download.options","France","FRA","2004-2015",12
"SPI.D2.2.Download.options","French Polynesia","PYF","2004-2023",20
"SPI.D2.2.Download.options","Gabon","GAB","2004-2014",11
"SPI.D2.2.Download.options","Gambia, The","GMB","2004-2014",11
"SPI.D2.2.Download.options","Georgia","GEO","2004-2014",11
"SPI.D2.2.Download.options","Germany","DEU","2004-2015",12
"SPI.D2.2.Download.options","Ghana","GHA","2004-2014",11
"SPI.D2.2.Download.options","Gibraltar","GIB","2004-2023",20
"SPI.D2.2.Download.options","Greece","GRC","2004-2015",12
"SPI.D2.2.Download.options","Greenland","GRL","2004-2019",16
"SPI.D2.2.Download.options","Grenada","GRD","2004-2021",18
"SPI.D2.2.Download.options","Guam","GUM","2004-2023",20
"SPI.D2.2.Download.options","Guatemala","GTM","2004-2014",11
"SPI.D2.2.Download.options","Guinea","GIN","2004-2014",11
"SPI.D2.2.Download.options","Guinea-Bissau","GNB","2004-2014",11
"SPI.D2.2.Download.options","Guyana","GUY","2004-2014",11
"SPI.D2.2.Download.options","Haiti","HTI","2004-2014",11
"SPI.D2.2.Download.options","Honduras","HND","2004-2014",11
"SPI.D2.2.Download.options","Hong Kong SAR, China","HKG","2004-2015",12
"SPI.D2.2.Download.options","Hungary","HUN","2004-2015",12
"SPI.D2.2.Download.options","Iceland","ISL","2004-2015",12
"SPI.D2.2.Download.options","India","IND","2004-2014",11
"SPI.D2.2.Download.options","Indonesia","IDN","2004-2014",11
"SPI.D2.2.Download.options","Iran, Islamic Rep.","IRN","2004-2014",11
"SPI.D2.2.Download.options","Iraq","IRQ","2004-2015",12
"SPI.D2.2.Download.options","Ireland","IRL","2004-2015",12
"SPI.D2.2.Download.options","Isle of Man","IMN","2004-2023",20
"SPI.D2.2.Download.options","Israel","ISR","2004-2015",12
"SPI.D2.2.Download.options","Italy","ITA","2004-2015",12
"SPI.D2.2.Download.options","Jamaica","JAM","2004-2014",11
"SPI.D2.2.Download.options","Japan","JPN","2004-2015",12
"SPI.D2.2.Download.options","Jordan","JOR","2004-2014",11
"SPI.D2.2.Download.options","Kazakhstan","KAZ","2004-2014",11
"SPI.D2.2.Download.options","Kenya","KEN","2004-2014",11
"SPI.D2.2.Download.options","Kiribati","KIR","2004-2014",11
"SPI.D2.2.Download.options","Korea, Dem. People's Rep.","PRK","2004-2023",20
"SPI.D2.2.Download.options","Korea, Rep.","KOR","2004-2015",12
"SPI.D2.2.Download.options","Kosovo","XKX","2004-2014",11
"SPI.D2.2.Download.options","Kuwait","KWT","2004-2015",12
"SPI.D2.2.Download.options","Kyrgyz Republic","KGZ","2004-2014",11
"SPI.D2.2.Download.options","Lao PDR","LAO","2004-2014",11
"SPI.D2.2.Download.options","Latvia","LVA","2004-2015",12
"SPI.D2.2.Download.options","Lebanon","LBN","2004-2014",11
"SPI.D2.2.Download.options","Lesotho","LSO","2004-2014",11
"SPI.D2.2.Download.options","Liberia","LBR","2004-2014",11
"SPI.D2.2.Download.options","Libya","LBY","2004-2015",12
"SPI.D2.2.Download.options","Liechtenstein","LIE","2004-2016",13
"SPI.D2.2.Download.options","Lithuania","LTU","2004-2015",12
"SPI.D2.2.Download.options","Luxembourg","LUX","2004-2015",12
"SPI.D2.2.Download.options","Macao SAR, China","MAC","2004-2016",13
"SPI.D2.2.Download.options","Madagascar","MDG","2004-2014",11
"SPI.D2.2.Download.options","Malawi","MWI","2004-2014",11
"SPI.D2.2.Download.options","Malaysia","MYS","2004-2014",11
"SPI.D2.2.Download.options","Maldives","MDV","2004-2014",11
"SPI.D2.2.Download.options","Mali","MLI","2004-2014",11
"SPI.D2.2.Download.options","Malta","MLT","2004-2015",12
"SPI.D2.2.Download.options","Marshall Islands","MHL","2004-2014",11
"SPI.D2.2.Download.options","Mauritania","MRT","2004-2014",11
"SPI.D2.2.Download.options","Mauritius","MUS","2004-2014",11
"SPI.D2.2.Download.options","Mexico","MEX","2004-2014",11
"SPI.D2.2.Download.options","Micronesia, Fed. Sts.","FSM","2004-2014",11
"SPI.D2.2.Download.options","Moldova","MDA","2004-2014",11
"SPI.D2.2.Download.options","Monaco","MCO","2004-2021",18
"SPI.D2.2.Download.options","Mongolia","MNG","2004-2014",11
"SPI.D2.2.Download.options","Montenegro","MNE","2004-2014",11
"SPI.D2.2.Download.options","Morocco","MAR","2004-2014",11
"SPI.D2.2.Download.options","Mozambique","MOZ","2004-2014",11
"SPI.D2.2.Download.options","Myanmar","MMR","2004-2015",12
"SPI.D2.2.Download.options","Namibia","NAM","2004-2014",11
"SPI.D2.2.Download.options","Nauru","NRU","2004-2021",18
"SPI.D2.2.Download.options","Nepal","NPL","2004-2014",11
"SPI.D2.2.Download.options","Netherlands","NLD","2004-2015",12
"SPI.D2.2.Download.options","New Caledonia","NCL","2004-2023",20
"SPI.D2.2.Download.options","New Zealand","NZL","2004-2015",12
"SPI.D2.2.Download.options","Nicaragua","NIC","2004-2014",11
"SPI.D2.2.Download.options","Niger","NER","2004-2014",11
"SPI.D2.2.Download.options","Nigeria","NGA","2004-2014",11
"SPI.D2.2.Download.options","North Macedonia","MKD","2004-2014",11
"SPI.D2.2.Download.options","Northern Mariana Islands","MNP","2004-2023",20
"SPI.D2.2.Download.options","Norway","NOR","2004-2015",12
"SPI.D2.2.Download.options","Oman","OMN","2004-2015",12
"SPI.D2.2.Download.options","Pakistan","PAK","2004-2014",11
"SPI.D2.2.Download.options","Palau","PLW","2004-2019",16
"SPI.D2.2.Download.options","Panama","PAN","2004-2014",11
"SPI.D2.2.Download.options","Papua New Guinea","PNG","2004-2014",11
"SPI.D2.2.Download.options","Paraguay","PRY","2004-2014",11
"SPI.D2.2.Download.options","Peru","PER","2004-2014",11
"SPI.D2.2.Download.options","Philippines","PHL","2004-2014",11
"SPI.D2.2.Download.options","Poland","POL","2004-2015",12
"SPI.D2.2.Download.options","Portugal","PRT","2004-2015",12
"SPI.D2.2.Download.options","Puerto Rico","PRI","2004-2023",20
"SPI.D2.2.Download.options","Qatar","QAT","2004-2015",12
"SPI.D2.2.Download.options","Romania","ROU","2004-2014",11
"SPI.D2.2.Download.options","Russian Federation","RUS","2004-2014",11
"SPI.D2.2.Download.options","Rwanda","RWA","2004-2014",11
"SPI.D2.2.Download.options","Samoa","WSM","2004-2014",11
"SPI.D2.2.Download.options","San Marino","SMR","2004-2019",16
"SPI.D2.2.Download.options","Sao Tome and Principe","STP","2004-2014",11
"SPI.D2.2.Download.options","Saudi Arabia","SAU","2004-2014",11
"SPI.D2.2.Download.options","Senegal","SEN","2004-2014",11
"SPI.D2.2.Download.options","Serbia","SRB","2004-2014",11
"SPI.D2.2.Download.options","Seychelles","SYC","2004-2016",13
"SPI.D2.2.Download.options","Sierra Leone","SLE","2004-2014",11
"SPI.D2.2.Download.options","Singapore","SGP","2004-2015",12
"SPI.D2.2.Download.options","Sint Maarten (Dutch part)","SXM","2004-2023",20
"SPI.D2.2.Download.options","Slovak Republic","SVK","2004-2015",12
"SPI.D2.2.Download.options","Slovenia","SVN","2004-2015",12
"SPI.D2.2.Download.options","Solomon Islands","SLB","2004-2014",11
"SPI.D2.2.Download.options","Somalia","SOM","2004-2016",13
"SPI.D2.2.Download.options","South Africa","ZAF","2004-2014",11
"SPI.D2.2.Download.options","South Sudan","SSD","2004-2014",11
"SPI.D2.2.Download.options","Spain","ESP","2004-2015",12
"SPI.D2.2.Download.options","Sri Lanka","LKA","2004-2014",11
"SPI.D2.2.Download.options","St. Kitts and Nevis","KNA","2004-2019",16
"SPI.D2.2.Download.options","St. Lucia","LCA","2004-2014",11
"SPI.D2.2.Download.options","St. Martin (French part)","MAF","2004-2023",20
"SPI.D2.2.Download.options","St. Vincent and the Grenadines","VCT","2004-2014",11
"SPI.D2.2.Download.options","Sudan","SDN","2004-2014",11
"SPI.D2.2.Download.options","Suriname","SUR","2004-2015",12
"SPI.D2.2.Download.options","Sweden","SWE","2004-2015",12
"SPI.D2.2.Download.options","Switzerland","CHE","2004-2015",12
"SPI.D2.2.Download.options","Syrian Arab Republic","SYR","2004-2016",13
"SPI.D2.2.Download.options","Tajikistan","TJK","2004-2014",11
"SPI.D2.2.Download.options","Tanzania","TZA","2004-2014",11
"SPI.D2.2.Download.options","Thailand","THA","2004-2014",11
"SPI.D2.2.Download.options","Timor-Leste","TLS","2004-2014",11
"SPI.D2.2.Download.options","Togo","TGO","2004-2014",11
"SPI.D2.2.Download.options","Tonga","TON","2004-2019",16
"SPI.D2.2.Download.options","Trinidad and Tobago","TTO","2004-2015",12
"SPI.D2.2.Download.options","Tunisia","TUN","2004-2014",11
"SPI.D2.2.Download.options","Turkiye","TUR","2004-2014",11
"SPI.D2.2.Download.options","Turkmenistan","TKM","2004-2014",11
"SPI.D2.2.Download.options","Turks and Caicos Islands","TCA","2004-2023",20
"SPI.D2.2.Download.options","Tuvalu","TUV","2004-2021",18
"SPI.D2.2.Download.options","Uganda","UGA","2004-2014",11
"SPI.D2.2.Download.options","Ukraine","UKR","2004-2014",11
"SPI.D2.2.Download.options","United Arab Emirates","ARE","2004-2015",12
"SPI.D2.2.Download.options","United Kingdom","GBR","2004-2015",12
"SPI.D2.2.Download.options","United States","USA","2004-2015",12
"SPI.D2.2.Download.options","Uruguay","URY","2004-2014",11
"SPI.D2.2.Download.options","Uzbekistan","UZB","2004-2014",11
"SPI.D2.2.Download.options","Vanuatu","VUT","2004-2014",11
"SPI.D2.2.Download.options","Venezuela, RB","VEN","2004-2014",11
"SPI.D2.2.Download.options","Viet Nam","VNM","2004-2014",11
"SPI.D2.2.Download.options","Virgin Islands (U.S.)","VIR","2004-2023",20
"SPI.D2.2.Download.options","West Bank and Gaza","PSE","2004-2014",11
"SPI.D2.2.Download.options","Yemen, Rep.","YEM","2004-2014",11
"SPI.D2.2.Download.options","Zambia","ZMB","2004-2014",11
"SPI.D2.2.Download.options","Zimbabwe","ZWE","2004-2014",11
"SPI.D2.2.Machine.readable","Afghanistan","AFG","2004-2014",11
"SPI.D2.2.Machine.readable","Albania","ALB","2004-2014",11
"SPI.D2.2.Machine.readable","Algeria","DZA","2004-2014",11
"SPI.D2.2.Machine.readable","American Samoa","ASM","2004-2023",20
"SPI.D2.2.Machine.readable","Andorra","AND","2004-2021",18
"SPI.D2.2.Machine.readable","Angola","AGO","2004-2014",11
"SPI.D2.2.Machine.readable","Antigua and Barbuda","ATG","2004-2019",16
"SPI.D2.2.Machine.readable","Argentina","ARG","2004-2014",11
"SPI.D2.2.Machine.readable","Armenia","ARM","2004-2014",11
"SPI.D2.2.Machine.readable","Aruba","ABW","2004-2021",18
"SPI.D2.2.Machine.readable","Australia","AUS","2004-2015",12
"SPI.D2.2.Machine.readable","Austria","AUT","2004-2015",12
"SPI.D2.2.Machine.readable","Azerbaijan","AZE","2004-2014",11
"SPI.D2.2.Machine.readable","Bahamas, The","BHS","2004-2015",12
"SPI.D2.2.Machine.readable","Bahrain","BHR","2004-2015",12
"SPI.D2.2.Machine.readable","Bangladesh","BGD","2004-2014",11
"SPI.D2.2.Machine.readable","Barbados","BRB","2004-2021",18
"SPI.D2.2.Machine.readable","Belarus","BLR","2004-2014",11
"SPI.D2.2.Machine.readable","Belgium","BEL","2004-2015",12
"SPI.D2.2.Machine.readable","Belize","BLZ","2004-2014",11
"SPI.D2.2.Machine.readable","Benin","BEN","2004-2014",11
"SPI.D2.2.Machine.readable","Bermuda","BMU","2004-2023",20
"SPI.D2.2.Machine.readable","Bhutan","BTN","2004-2014",11
"SPI.D2.2.Machine.readable","Bolivia","BOL","2004-2014",11
"SPI.D2.2.Machine.readable","Bosnia and Herzegovina","BIH","2004-2014",11
"SPI.D2.2.Machine.readable","Botswana","BWA","2004-2014",11
"SPI.D2.2.Machine.readable","Brazil","BRA","2004-2014",11
"SPI.D2.2.Machine.readable","British Virgin Islands","VGB","2004-2023",20
"SPI.D2.2.Machine.readable","Brunei Darussalam","BRN","2004-2019",16
"SPI.D2.2.Machine.readable","Bulgaria","BGR","2004-2014",11
"SPI.D2.2.Machine.readable","Burkina Faso","BFA","2004-2014",11
"SPI.D2.2.Machine.readable","Burundi","BDI","2004-2014",11
"SPI.D2.2.Machine.readable","Cabo Verde","CPV","2004-2014",11
"SPI.D2.2.Machine.readable","Cambodia","KHM","2004-2014",11
"SPI.D2.2.Machine.readable","Cameroon","CMR","2004-2014",11
"SPI.D2.2.Machine.readable","Canada","CAN","2004-2015",12
"SPI.D2.2.Machine.readable","Cayman Islands","CYM","2004-2023",20
"SPI.D2.2.Machine.readable","Central African Republic","CAF","2004-2021",18
"SPI.D2.2.Machine.readable","Chad","TCD","2004-2014",11
"SPI.D2.2.Machine.readable","Channel Islands","CHI","2004-2023",20
"SPI.D2.2.Machine.readable","Chile","CHL","2004-2014",11
"SPI.D2.2.Machine.readable","China","CHN","2004-2014",11
"SPI.D2.2.Machine.readable","Colombia","COL","2004-2014",11
"SPI.D2.2.Machine.readable","Comoros","COM","2004-2023",20
"SPI.D2.2.Machine.readable","Congo, Dem. Rep.","COD","2004-2014",11
"SPI.D2.2.Machine.readable","Congo, Rep.","COG","2004-2014",11
"SPI.D2.2.Machine.readable","Costa Rica","CRI","2004-2015",12
"SPI.D2.2.Machine.readable","Cote d'Ivoire","CIV","2004-2014",11
"SPI.D2.2.Machine.readable","Croatia","HRV","2004-2015",12
"SPI.D2.2.Machine.readable","Cuba","CUB","2004-2014",11
"SPI.D2.2.Machine.readable","Curacao","CUW","2004-2023",20
"SPI.D2.2.Machine.readable","Cyprus","CYP","2004-2015",12
"SPI.D2.2.Machine.readable","Czechia","CZE","2004-2015",12
"SPI.D2.2.Machine.readable","Denmark","DNK","2004-2015",12
"SPI.D2.2.Machine.readable","Djibouti","DJI","2004-2014",11
"SPI.D2.2.Machine.readable","Dominica","DMA","2004-2019",16
"SPI.D2.2.Machine.readable","Dominican Republic","DOM","2004-2014",11
"SPI.D2.2.Machine.readable","Ecuador","ECU","2004-2014",11
"SPI.D2.2.Machine.readable","Egypt, Arab Rep.","EGY","2004-2014",11
"SPI.D2.2.Machine.readable","El Salvador","SLV","2004-2014",11
"SPI.D2.2.Machine.readable","Equatorial Guinea","GNQ","2004-2019",16
"SPI.D2.2.Machine.readable","Eritrea","ERI","2004-2023",20
"SPI.D2.2.Machine.readable","Estonia","EST","2004-2015",12
"SPI.D2.2.Machine.readable","Eswatini","SWZ","2004-2014",11
"SPI.D2.2.Machine.readable","Ethiopia","ETH","2004-2014",11
"SPI.D2.2.Machine.readable","Faroe Islands","FRO","2004-2023",20
"SPI.D2.2.Machine.readable","Fiji","FJI","2004-2014",11
"SPI.D2.2.Machine.readable","Finland","FIN","2004-2015",12
"SPI.D2.2.Machine.readable","France","FRA","2004-2015",12
"SPI.D2.2.Machine.readable","French Polynesia","PYF","2004-2023",20
"SPI.D2.2.Machine.readable","Gabon","GAB","2004-2014",11
"SPI.D2.2.Machine.readable","Gambia, The","GMB","2004-2014",11
"SPI.D2.2.Machine.readable","Georgia","GEO","2004-2014",11
"SPI.D2.2.Machine.readable","Germany","DEU","2004-2015",12
"SPI.D2.2.Machine.readable","Ghana","GHA","2004-2014",11
"SPI.D2.2.Machine.readable","Gibraltar","GIB","2004-2023",20
"SPI.D2.2.Machine.readable","Greece","GRC","2004-2015",12
"SPI.D2.2.Machine.readable","Greenland","GRL","2004-2019",16
"SPI.D2.2.Machine.readable","Grenada","GRD","2004-2021",18
"SPI.D2.2.Machine.readable","Guam","GUM","2004-2023",20
"SPI.D2.2.Machine.readable","Guatemala","GTM","2004-2014",11
"SPI.D2.2.Machine.readable","Guinea","GIN","2004-2014",11
"SPI.D2.2.Machine.readable","Guinea-Bissau","GNB","2004-2014",11
"SPI.D2.2.Machine.readable","Guyana","GUY","2004-2014",11
"SPI.D2.2.Machine.readable","Haiti","HTI","2004-2014",11
"SPI.D2.2.Machine.readable","Honduras","HND","2004-2014",11
"SPI.D2.2.Machine.readable","Hong Kong SAR, China","HKG","2004-2015",12
"SPI.D2.2.Machine.readable","Hungary","HUN","2004-2015",12
"SPI.D2.2.Machine.readable","Iceland","ISL","2004-2015",12
"SPI.D2.2.Machine.readable","India","IND","2004-2014",11
"SPI.D2.2.Machine.readable","Indonesia","IDN","2004-2014",11
"SPI.D2.2.Machine.readable","Iran, Islamic Rep.","IRN","2004-2014",11
"SPI.D2.2.Machine.readable","Iraq","IRQ","2004-2015",12
"SPI.D2.2.Machine.readable","Ireland","IRL","2004-2015",12
"SPI.D2.2.Machine.readable","Isle of Man","IMN","2004-2023",20
"SPI.D2.2.Machine.readable","Israel","ISR","2004-2015",12
"SPI.D2.2.Machine.readable","Italy","ITA","2004-2015",12
"SPI.D2.2.Machine.readable","Jamaica","JAM","2004-2014",11
"SPI.D2.2.Machine.readable","Japan","JPN","2004-2015",12
"SPI.D2.2.Machine.readable","Jordan","JOR","2004-2014",11
"SPI.D2.2.Machine.readable","Kazakhstan","KAZ","2004-2014",11
"SPI.D2.2.Machine.readable","Kenya","KEN","2004-2014",11
"SPI.D2.2.Machine.readable","Kiribati","KIR","2004-2014",11
"SPI.D2.2.Machine.readable","Korea, Dem. People's Rep.","PRK","2004-2023",20
"SPI.D2.2.Machine.readable","Korea, Rep.","KOR","2004-2015",12
"SPI.D2.2.Machine.readable","Kosovo","XKX","2004-2014",11
"SPI.D2.2.Machine.readable","Kuwait","KWT","2004-2015",12
"SPI.D2.2.Machine.readable","Kyrgyz Republic","KGZ","2004-2014",11
"SPI.D2.2.Machine.readable","Lao PDR","LAO","2004-2014",11
"SPI.D2.2.Machine.readable","Latvia","LVA","2004-2015",12
"SPI.D2.2.Machine.readable","Lebanon","LBN","2004-2014",11
"SPI.D2.2.Machine.readable","Lesotho","LSO","2004-2014",11
"SPI.D2.2.Machine.readable","Liberia","LBR","2004-2014",11
"SPI.D2.2.Machine.readable","Libya","LBY","2004-2015",12
"SPI.D2.2.Machine.readable","Liechtenstein","LIE","2004-2016",13
"SPI.D2.2.Machine.readable","Lithuania","LTU","2004-2015",12
"SPI.D2.2.Machine.readable","Luxembourg","LUX","2004-2015",12
"SPI.D2.2.Machine.readable","Macao SAR, China","MAC","2004-2016",13
"SPI.D2.2.Machine.readable","Madagascar","MDG","2004-2014",11
"SPI.D2.2.Machine.readable","Malawi","MWI","2004-2014",11
"SPI.D2.2.Machine.readable","Malaysia","MYS","2004-2014",11
"SPI.D2.2.Machine.readable","Maldives","MDV","2004-2014",11
"SPI.D2.2.Machine.readable","Mali","MLI","2004-2014",11
"SPI.D2.2.Machine.readable","Malta","MLT","2004-2015",12
"SPI.D2.2.Machine.readable","Marshall Islands","MHL","2004-2014",11
"SPI.D2.2.Machine.readable","Mauritania","MRT","2004-2014",11
"SPI.D2.2.Machine.readable","Mauritius","MUS","2004-2014",11
"SPI.D2.2.Machine.readable","Mexico","MEX","2004-2014",11
"SPI.D2.2.Machine.readable","Micronesia, Fed. Sts.","FSM","2004-2014",11
"SPI.D2.2.Machine.readable","Moldova","MDA","2004-2014",11
"SPI.D2.2.Machine.readable","Monaco","MCO","2004-2021",18
"SPI.D2.2.Machine.readable","Mongolia","MNG","2004-2014",11
"SPI.D2.2.Machine.readable","Montenegro","MNE","2004-2014",11
"SPI.D2.2.Machine.readable","Morocco","MAR","2004-2014",11
"SPI.D2.2.Machine.readable","Mozambique","MOZ","2004-2014",11
"SPI.D2.2.Machine.readable","Myanmar","MMR","2004-2015",12
"SPI.D2.2.Machine.readable","Namibia","NAM","2004-2014",11
"SPI.D2.2.Machine.readable","Nauru","NRU","2004-2021",18
"SPI.D2.2.Machine.readable","Nepal","NPL","2004-2014",11
"SPI.D2.2.Machine.readable","Netherlands","NLD","2004-2015",12
"SPI.D2.2.Machine.readable","New Caledonia","NCL","2004-2023",20
"SPI.D2.2.Machine.readable","New Zealand","NZL","2004-2015",12
"SPI.D2.2.Machine.readable","Nicaragua","NIC","2004-2014",11
"SPI.D2.2.Machine.readable","Niger","NER","2004-2014",11
"SPI.D2.2.Machine.readable","Nigeria","NGA","2004-2014",11
"SPI.D2.2.Machine.readable","North Macedonia","MKD","2004-2014",11
"SPI.D2.2.Machine.readable","Northern Mariana Islands","MNP","2004-2023",20
"SPI.D2.2.Machine.readable","Norway","NOR","2004-2015",12
"SPI.D2.2.Machine.readable","Oman","OMN","2004-2015",12
"SPI.D2.2.Machine.readable","Pakistan","PAK","2004-2014",11
"SPI.D2.2.Machine.readable","Palau","PLW","2004-2019",16
"SPI.D2.2.Machine.readable","Panama","PAN","2004-2014",11
"SPI.D2.2.Machine.readable","Papua New Guinea","PNG","2004-2014",11
"SPI.D2.2.Machine.readable","Paraguay","PRY","2004-2014",11
"SPI.D2.2.Machine.readable","Peru","PER","2004-2014",11
"SPI.D2.2.Machine.readable","Philippines","PHL","2004-2014",11
"SPI.D2.2.Machine.readable","Poland","POL","2004-2015",12
"SPI.D2.2.Machine.readable","Portugal","PRT","2004-2015",12
"SPI.D2.2.Machine.readable","Puerto Rico","PRI","2004-2023",20
"SPI.D2.2.Machine.readable","Qatar","QAT","2004-2015",12
"SPI.D2.2.Machine.readable","Romania","ROU","2004-2014",11
"SPI.D2.2.Machine.readable","Russian Federation","RUS","2004-2014",11
"SPI.D2.2.Machine.readable","Rwanda","RWA","2004-2014",11
"SPI.D2.2.Machine.readable","Samoa","WSM","2004-2014",11
"SPI.D2.2.Machine.readable","San Marino","SMR","2004-2019",16
"SPI.D2.2.Machine.readable","Sao Tome and Principe","STP","2004-2014",11
"SPI.D2.2.Machine.readable","Saudi Arabia","SAU","2004-2014",11
"SPI.D2.2.Machine.readable","Senegal","SEN","2004-2014",11
"SPI.D2.2.Machine.readable","Serbia","SRB","2004-2014",11
"SPI.D2.2.Machine.readable","Seychelles","SYC","2004-2016",13
"SPI.D2.2.Machine.readable","Sierra Leone","SLE","2004-2014",11
"SPI.D2.2.Machine.readable","Singapore","SGP","2004-2015",12
"SPI.D2.2.Machine.readable","Sint Maarten (Dutch part)","SXM","2004-2023",20
"SPI.D2.2.Machine.readable","Slovak Republic","SVK","2004-2015",12
"SPI.D2.2.Machine.readable","Slovenia","SVN","2004-2015",12
"SPI.D2.2.Machine.readable","Solomon Islands","SLB","2004-2014",11
"SPI.D2.2.Machine.readable","Somalia","SOM","2004-2016",13
"SPI.D2.2.Machine.readable","South Africa","ZAF","2004-2014",11
"SPI.D2.2.Machine.readable","South Sudan","SSD","2004-2014",11
"SPI.D2.2.Machine.readable","Spain","ESP","2004-2015",12
"SPI.D2.2.Machine.readable","Sri Lanka","LKA","2004-2014",11
"SPI.D2.2.Machine.readable","St. Kitts and Nevis","KNA","2004-2019",16
"SPI.D2.2.Machine.readable","St. Lucia","LCA","2004-2014",11
"SPI.D2.2.Machine.readable","St. Martin (French part)","MAF","2004-2023",20
"SPI.D2.2.Machine.readable","St. Vincent and the Grenadines","VCT","2004-2014",11
"SPI.D2.2.Machine.readable","Sudan","SDN","2004-2014",11
"SPI.D2.2.Machine.readable","Suriname","SUR","2004-2015",12
"SPI.D2.2.Machine.readable","Sweden","SWE","2004-2015",12
"SPI.D2.2.Machine.readable","Switzerland","CHE","2004-2015",12
"SPI.D2.2.Machine.readable","Syrian Arab Republic","SYR","2004-2016",13
"SPI.D2.2.Machine.readable","Tajikistan","TJK","2004-2014",11
"SPI.D2.2.Machine.readable","Tanzania","TZA","2004-2014",11
"SPI.D2.2.Machine.readable","Thailand","THA","2004-2014",11
"SPI.D2.2.Machine.readable","Timor-Leste","TLS","2004-2014",11
"SPI.D2.2.Machine.readable","Togo","TGO","2004-2014",11
"SPI.D2.2.Machine.readable","Tonga","TON","2004-2019",16
"SPI.D2.2.Machine.readable","Trinidad and Tobago","TTO","2004-2015",12
"SPI.D2.2.Machine.readable","Tunisia","TUN","2004-2014",11
"SPI.D2.2.Machine.readable","Turkiye","TUR","2004-2014",11
"SPI.D2.2.Machine.readable","Turkmenistan","TKM","2004-2014",11
"SPI.D2.2.Machine.readable","Turks and Caicos Islands","TCA","2004-2023",20
"SPI.D2.2.Machine.readable","Tuvalu","TUV","2004-2021",18
"SPI.D2.2.Machine.readable","Uganda","UGA","2004-2014",11
"SPI.D2.2.Machine.readable","Ukraine","UKR","2004-2014",11
"SPI.D2.2.Machine.readable","United Arab Emirates","ARE","2004-2015",12
"SPI.D2.2.Machine.readable","United Kingdom","GBR","2004-2015",12
"SPI.D2.2.Machine.readable","United States","USA","2004-2015",12
"SPI.D2.2.Machine.readable","Uruguay","URY","2004-2014",11
"SPI.D2.2.Machine.readable","Uzbekistan","UZB","2004-2014",11
"SPI.D2.2.Machine.readable","Vanuatu","VUT","2004-2014",11
"SPI.D2.2.Machine.readable","Venezuela, RB","VEN","2004-2014",11
"SPI.D2.2.Machine.readable","Viet Nam","VNM","2004-2014",11
"SPI.D2.2.Machine.readable","Virgin Islands (U.S.)","VIR","2004-2023",20
"SPI.D2.2.Machine.readable","West Bank and Gaza","PSE","2004-2014",11
"SPI.D2.2.Machine.readable","Yemen, Rep.","YEM","2004-2014",11
"SPI.D2.2.Machine.readable","Zambia","ZMB","2004-2014",11
"SPI.D2.2.Machine.readable","Zimbabwe","ZWE","2004-2014",11
"SPI.D2.2.Metadata.available","Afghanistan","AFG","2004-2014",11
"SPI.D2.2.Metadata.available","Albania","ALB","2004-2014",11
"SPI.D2.2.Metadata.available","Algeria","DZA","2004-2014",11
"SPI.D2.2.Metadata.available","American Samoa","ASM","2004-2023",20
"SPI.D2.2.Metadata.available","Andorra","AND","2004-2021",18
"SPI.D2.2.Metadata.available","Angola","AGO","2004-2014",11
"SPI.D2.2.Metadata.available","Antigua and Barbuda","ATG","2004-2019",16
"SPI.D2.2.Metadata.available","Argentina","ARG","2004-2014",11
"SPI.D2.2.Metadata.available","Armenia","ARM","2004-2014",11
"SPI.D2.2.Metadata.available","Aruba","ABW","2004-2021",18
"SPI.D2.2.Metadata.available","Australia","AUS","2004-2015",12
"SPI.D2.2.Metadata.available","Austria","AUT","2004-2015",12
"SPI.D2.2.Metadata.available","Azerbaijan","AZE","2004-2014",11
"SPI.D2.2.Metadata.available","Bahamas, The","BHS","2004-2015",12
"SPI.D2.2.Metadata.available","Bahrain","BHR","2004-2015",12
"SPI.D2.2.Metadata.available","Bangladesh","BGD","2004-2014",11
"SPI.D2.2.Metadata.available","Barbados","BRB","2004-2021",18
"SPI.D2.2.Metadata.available","Belarus","BLR","2004-2014",11
"SPI.D2.2.Metadata.available","Belgium","BEL","2004-2015",12
"SPI.D2.2.Metadata.available","Belize","BLZ","2004-2014",11
"SPI.D2.2.Metadata.available","Benin","BEN","2004-2014",11
"SPI.D2.2.Metadata.available","Bermuda","BMU","2004-2023",20
"SPI.D2.2.Metadata.available","Bhutan","BTN","2004-2014",11
"SPI.D2.2.Metadata.available","Bolivia","BOL","2004-2014",11
"SPI.D2.2.Metadata.available","Bosnia and Herzegovina","BIH","2004-2014",11
"SPI.D2.2.Metadata.available","Botswana","BWA","2004-2014",11
"SPI.D2.2.Metadata.available","Brazil","BRA","2004-2014",11
"SPI.D2.2.Metadata.available","British Virgin Islands","VGB","2004-2023",20
"SPI.D2.2.Metadata.available","Brunei Darussalam","BRN","2004-2019",16
"SPI.D2.2.Metadata.available","Bulgaria","BGR","2004-2014",11
"SPI.D2.2.Metadata.available","Burkina Faso","BFA","2004-2014",11
"SPI.D2.2.Metadata.available","Burundi","BDI","2004-2014",11
"SPI.D2.2.Metadata.available","Cabo Verde","CPV","2004-2014",11
"SPI.D2.2.Metadata.available","Cambodia","KHM","2004-2014",11
"SPI.D2.2.Metadata.available","Cameroon","CMR","2004-2014",11
"SPI.D2.2.Metadata.available","Canada","CAN","2004-2015",12
"SPI.D2.2.Metadata.available","Cayman Islands","CYM","2004-2023",20
"SPI.D2.2.Metadata.available","Central African Republic","CAF","2004-2021",18
"SPI.D2.2.Metadata.available","Chad","TCD","2004-2014",11
"SPI.D2.2.Metadata.available","Channel Islands","CHI","2004-2023",20
"SPI.D2.2.Metadata.available","Chile","CHL","2004-2014",11
"SPI.D2.2.Metadata.available","China","CHN","2004-2014",11
"SPI.D2.2.Metadata.available","Colombia","COL","2004-2014",11
"SPI.D2.2.Metadata.available","Comoros","COM","2004-2023",20
"SPI.D2.2.Metadata.available","Congo, Dem. Rep.","COD","2004-2014",11
"SPI.D2.2.Metadata.available","Congo, Rep.","COG","2004-2014",11
"SPI.D2.2.Metadata.available","Costa Rica","CRI","2004-2015",12
"SPI.D2.2.Metadata.available","Cote d'Ivoire","CIV","2004-2014",11
"SPI.D2.2.Metadata.available","Croatia","HRV","2004-2015",12
"SPI.D2.2.Metadata.available","Cuba","CUB","2004-2014",11
"SPI.D2.2.Metadata.available","Curacao","CUW","2004-2023",20
"SPI.D2.2.Metadata.available","Cyprus","CYP","2004-2015",12
"SPI.D2.2.Metadata.available","Czechia","CZE","2004-2015",12
"SPI.D2.2.Metadata.available","Denmark","DNK","2004-2015",12
"SPI.D2.2.Metadata.available","Djibouti","DJI","2004-2014",11
"SPI.D2.2.Metadata.available","Dominica","DMA","2004-2019",16
"SPI.D2.2.Metadata.available","Dominican Republic","DOM","2004-2014",11
"SPI.D2.2.Metadata.available","Ecuador","ECU","2004-2014",11
"SPI.D2.2.Metadata.available","Egypt, Arab Rep.","EGY","2004-2014",11
"SPI.D2.2.Metadata.available","El Salvador","SLV","2004-2014",11
"SPI.D2.2.Metadata.available","Equatorial Guinea","GNQ","2004-2019",16
"SPI.D2.2.Metadata.available","Eritrea","ERI","2004-2023",20
"SPI.D2.2.Metadata.available","Estonia","EST","2004-2015",12
"SPI.D2.2.Metadata.available","Eswatini","SWZ","2004-2014",11
"SPI.D2.2.Metadata.available","Ethiopia","ETH","2004-2014",11
"SPI.D2.2.Metadata.available","Faroe Islands","FRO","2004-2023",20
"SPI.D2.2.Metadata.available","Fiji","FJI","2004-2014",11
"SPI.D2.2.Metadata.available","Finland","FIN","2004-2015",12
"SPI.D2.2.Metadata.available","France","FRA","2004-2015",12
"SPI.D2.2.Metadata.available","French Polynesia","PYF","2004-2023",20
"SPI.D2.2.Metadata.available","Gabon","GAB","2004-2014",11
"SPI.D2.2.Metadata.available","Gambia, The","GMB","2004-2014",11
"SPI.D2.2.Metadata.available","Georgia","GEO","2004-2014",11
"SPI.D2.2.Metadata.available","Germany","DEU","2004-2015",12
"SPI.D2.2.Metadata.available","Ghana","GHA","2004-2014",11
"SPI.D2.2.Metadata.available","Gibraltar","GIB","2004-2023",20
"SPI.D2.2.Metadata.available","Greece","GRC","2004-2015",12
"SPI.D2.2.Metadata.available","Greenland","GRL","2004-2019",16
"SPI.D2.2.Metadata.available","Grenada","GRD","2004-2021",18
"SPI.D2.2.Metadata.available","Guam","GUM","2004-2023",20
"SPI.D2.2.Metadata.available","Guatemala","GTM","2004-2014",11
"SPI.D2.2.Metadata.available","Guinea","GIN","2004-2014",11
"SPI.D2.2.Metadata.available","Guinea-Bissau","GNB","2004-2014",11
"SPI.D2.2.Metadata.available","Guyana","GUY","2004-2014",11
"SPI.D2.2.Metadata.available","Haiti","HTI","2004-2014",11
"SPI.D2.2.Metadata.available","Honduras","HND","2004-2014",11
"SPI.D2.2.Metadata.available","Hong Kong SAR, China","HKG","2004-2015",12
"SPI.D2.2.Metadata.available","Hungary","HUN","2004-2015",12
"SPI.D2.2.Metadata.available","Iceland","ISL","2004-2015",12
"SPI.D2.2.Metadata.available","India","IND","2004-2014",11
"SPI.D2.2.Metadata.available","Indonesia","IDN","2004-2014",11
"SPI.D2.2.Metadata.available","Iran, Islamic Rep.","IRN","2004-2014",11
"SPI.D2.2.Metadata.available","Iraq","IRQ","2004-2015",12
"SPI.D2.2.Metadata.available","Ireland","IRL","2004-2015",12
"SPI.D2.2.Metadata.available","Isle of Man","IMN","2004-2023",20
"SPI.D2.2.Metadata.available","Israel","ISR","2004-2015",12
"SPI.D2.2.Metadata.available","Italy","ITA","2004-2015",12
"SPI.D2.2.Metadata.available","Jamaica","JAM","2004-2014",11
"SPI.D2.2.Metadata.available","Japan","JPN","2004-2015",12
"SPI.D2.2.Metadata.available","Jordan","JOR","2004-2014",11
"SPI.D2.2.Metadata.available","Kazakhstan","KAZ","2004-2014",11
"SPI.D2.2.Metadata.available","Kenya","KEN","2004-2014",11
"SPI.D2.2.Metadata.available","Kiribati","KIR","2004-2014",11
"SPI.D2.2.Metadata.available","Korea, Dem. People's Rep.","PRK","2004-2023",20
"SPI.D2.2.Metadata.available","Korea, Rep.","KOR","2004-2015",12
"SPI.D2.2.Metadata.available","Kosovo","XKX","2004-2014",11
"SPI.D2.2.Metadata.available","Kuwait","KWT","2004-2015",12
"SPI.D2.2.Metadata.available","Kyrgyz Republic","KGZ","2004-2014",11
"SPI.D2.2.Metadata.available","Lao PDR","LAO","2004-2014",11
"SPI.D2.2.Metadata.available","Latvia","LVA","2004-2015",12
"SPI.D2.2.Metadata.available","Lebanon","LBN","2004-2014",11
"SPI.D2.2.Metadata.available","Lesotho","LSO","2004-2014",11
"SPI.D2.2.Metadata.available","Liberia","LBR","2004-2014",11
"SPI.D2.2.Metadata.available","Libya","LBY","2004-2015",12
"SPI.D2.2.Metadata.available","Liechtenstein","LIE","2004-2016",13
"SPI.D2.2.Metadata.available","Lithuania","LTU","2004-2015",12
"SPI.D2.2.Metadata.available","Luxembourg","LUX","2004-2015",12
"SPI.D2.2.Metadata.available","Macao SAR, China","MAC","2004-2016",13
"SPI.D2.2.Metadata.available","Madagascar","MDG","2004-2014",11
"SPI.D2.2.Metadata.available","Malawi","MWI","2004-2014",11
"SPI.D2.2.Metadata.available","Malaysia","MYS","2004-2014",11
"SPI.D2.2.Metadata.available","Maldives","MDV","2004-2014",11
"SPI.D2.2.Metadata.available","Mali","MLI","2004-2014",11
"SPI.D2.2.Metadata.available","Malta","MLT","2004-2015",12
"SPI.D2.2.Metadata.available","Marshall Islands","MHL","2004-2014",11
"SPI.D2.2.Metadata.available","Mauritania","MRT","2004-2014",11
"SPI.D2.2.Metadata.available","Mauritius","MUS","2004-2014",11
"SPI.D2.2.Metadata.available","Mexico","MEX","2004-2014",11
"SPI.D2.2.Metadata.available","Micronesia, Fed. Sts.","FSM","2004-2014",11
"SPI.D2.2.Metadata.available","Moldova","MDA","2004-2014",11
"SPI.D2.2.Metadata.available","Monaco","MCO","2004-2021",18
"SPI.D2.2.Metadata.available","Mongolia","MNG","2004-2014",11
"SPI.D2.2.Metadata.available","Montenegro","MNE","2004-2014",11
"SPI.D2.2.Metadata.available","Morocco","MAR","2004-2014",11
"SPI.D2.2.Metadata.available","Mozambique","MOZ","2004-2014",11
"SPI.D2.2.Metadata.available","Myanmar","MMR","2004-2015",12
"SPI.D2.2.Metadata.available","Namibia","NAM","2004-2014",11
"SPI.D2.2.Metadata.available","Nauru","NRU","2004-2021",18
"SPI.D2.2.Metadata.available","Nepal","NPL","2004-2014",11
"SPI.D2.2.Metadata.available","Netherlands","NLD","2004-2015",12
"SPI.D2.2.Metadata.available","New Caledonia","NCL","2004-2023",20
"SPI.D2.2.Metadata.available","New Zealand","NZL","2004-2015",12
"SPI.D2.2.Metadata.available","Nicaragua","NIC","2004-2014",11
"SPI.D2.2.Metadata.available","Niger","NER","2004-2014",11
"SPI.D2.2.Metadata.available","Nigeria","NGA","2004-2014",11
"SPI.D2.2.Metadata.available","North Macedonia","MKD","2004-2014",11
"SPI.D2.2.Metadata.available","Northern Mariana Islands","MNP","2004-2023",20
"SPI.D2.2.Metadata.available","Norway","NOR","2004-2015",12
"SPI.D2.2.Metadata.available","Oman","OMN","2004-2015",12
"SPI.D2.2.Metadata.available","Pakistan","PAK","2004-2014",11
"SPI.D2.2.Metadata.available","Palau","PLW","2004-2019",16
"SPI.D2.2.Metadata.available","Panama","PAN","2004-2014",11
"SPI.D2.2.Metadata.available","Papua New Guinea","PNG","2004-2014",11
"SPI.D2.2.Metadata.available","Paraguay","PRY","2004-2014",11
"SPI.D2.2.Metadata.available","Peru","PER","2004-2014",11
"SPI.D2.2.Metadata.available","Philippines","PHL","2004-2014",11
"SPI.D2.2.Metadata.available","Poland","POL","2004-2015",12
"SPI.D2.2.Metadata.available","Portugal","PRT","2004-2015",12
"SPI.D2.2.Metadata.available","Puerto Rico","PRI","2004-2023",20
"SPI.D2.2.Metadata.available","Qatar","QAT","2004-2015",12
"SPI.D2.2.Metadata.available","Romania","ROU","2004-2014",11
"SPI.D2.2.Metadata.available","Russian Federation","RUS","2004-2014",11
"SPI.D2.2.Metadata.available","Rwanda","RWA","2004-2014",11
"SPI.D2.2.Metadata.available","Samoa","WSM","2004-2014",11
"SPI.D2.2.Metadata.available","San Marino","SMR","2004-2019",16
"SPI.D2.2.Metadata.available","Sao Tome and Principe","STP","2004-2014",11
"SPI.D2.2.Metadata.available","Saudi Arabia","SAU","2004-2014",11
"SPI.D2.2.Metadata.available","Senegal","SEN","2004-2014",11
"SPI.D2.2.Metadata.available","Serbia","SRB","2004-2014",11
"SPI.D2.2.Metadata.available","Seychelles","SYC","2004-2016",13
"SPI.D2.2.Metadata.available","Sierra Leone","SLE","2004-2014",11
"SPI.D2.2.Metadata.available","Singapore","SGP","2004-2015",12
"SPI.D2.2.Metadata.available","Sint Maarten (Dutch part)","SXM","2004-2023",20
"SPI.D2.2.Metadata.available","Slovak Republic","SVK","2004-2015",12
"SPI.D2.2.Metadata.available","Slovenia","SVN","2004-2015",12
"SPI.D2.2.Metadata.available","Solomon Islands","SLB","2004-2014",11
"SPI.D2.2.Metadata.available","Somalia","SOM","2004-2016",13
"SPI.D2.2.Metadata.available","South Africa","ZAF","2004-2014",11
"SPI.D2.2.Metadata.available","South Sudan","SSD","2004-2014",11
"SPI.D2.2.Metadata.available","Spain","ESP","2004-2015",12
"SPI.D2.2.Metadata.available","Sri Lanka","LKA","2004-2014",11
"SPI.D2.2.Metadata.available","St. Kitts and Nevis","KNA","2004-2019",16
"SPI.D2.2.Metadata.available","St. Lucia","LCA","2004-2014",11
"SPI.D2.2.Metadata.available","St. Martin (French part)","MAF","2004-2023",20
"SPI.D2.2.Metadata.available","St. Vincent and the Grenadines","VCT","2004-2014",11
"SPI.D2.2.Metadata.available","Sudan","SDN","2004-2014",11
"SPI.D2.2.Metadata.available","Suriname","SUR","2004-2015",12
"SPI.D2.2.Metadata.available","Sweden","SWE","2004-2015",12
"SPI.D2.2.Metadata.available","Switzerland","CHE","2004-2015",12
"SPI.D2.2.Metadata.available","Syrian Arab Republic","SYR","2004-2016",13
"SPI.D2.2.Metadata.available","Tajikistan","TJK","2004-2014",11
"SPI.D2.2.Metadata.available","Tanzania","TZA","2004-2014",11
"SPI.D2.2.Metadata.available","Thailand","THA","2004-2014",11
"SPI.D2.2.Metadata.available","Timor-Leste","TLS","2004-2014",11
"SPI.D2.2.Metadata.available","Togo","TGO","2004-2014",11
"SPI.D2.2.Metadata.available","Tonga","TON","2004-2019",16
"SPI.D2.2.Metadata.available","Trinidad and Tobago","TTO","2004-2015",12
"SPI.D2.2.Metadata.available","Tunisia","TUN","2004-2014",11
"SPI.D2.2.Metadata.available","Turkiye","TUR","2004-2014",11
"SPI.D2.2.Metadata.available","Turkmenistan","TKM","2004-2014",11
"SPI.D2.2.Metadata.available","Turks and Caicos Islands","TCA","2004-2023",20
"SPI.D2.2.Metadata.available","Tuvalu","TUV","2004-2021",18
"SPI.D2.2.Metadata.available","Uganda","UGA","2004-2014",11
"SPI.D2.2.Metadata.available","Ukraine","UKR","2004-2014",11
"SPI.D2.2.Metadata.available","United Arab Emirates","ARE","2004-2015",12
"SPI.D2.2.Metadata.available","United Kingdom","GBR","2004-2015",12
"SPI.D2.2.Metadata.available","United States","USA","2004-2015",12
"SPI.D2.2.Metadata.available","Uruguay","URY","2004-2014",11
"SPI.D2.2.Metadata.available","Uzbekistan","UZB","2004-2014",11
"SPI.D2.2.Metadata.available","Vanuatu","VUT","2004-2014",11
"SPI.D2.2.Metadata.available","Venezuela, RB","VEN","2004-2014",11
"SPI.D2.2.Metadata.available","Viet Nam","VNM","2004-2014",11
"SPI.D2.2.Metadata.available","Virgin Islands (U.S.)","VIR","2004-2023",20
"SPI.D2.2.Metadata.available","West Bank and Gaza","PSE","2004-2014",11
"SPI.D2.2.Metadata.available","Yemen, Rep.","YEM","2004-2014",11
"SPI.D2.2.Metadata.available","Zambia","ZMB","2004-2014",11
"SPI.D2.2.Metadata.available","Zimbabwe","ZWE","2004-2014",11
"SPI.D2.2.Non.proprietary","Afghanistan","AFG","2004-2014",11
"SPI.D2.2.Non.proprietary","Albania","ALB","2004-2014",11
"SPI.D2.2.Non.proprietary","Algeria","DZA","2004-2014",11
"SPI.D2.2.Non.proprietary","American Samoa","ASM","2004-2023",20
"SPI.D2.2.Non.proprietary","Andorra","AND","2004-2021",18
"SPI.D2.2.Non.proprietary","Angola","AGO","2004-2014",11
"SPI.D2.2.Non.proprietary","Antigua and Barbuda","ATG","2004-2019",16
"SPI.D2.2.Non.proprietary","Argentina","ARG","2004-2014",11
"SPI.D2.2.Non.proprietary","Armenia","ARM","2004-2014",11
"SPI.D2.2.Non.proprietary","Aruba","ABW","2004-2021",18
"SPI.D2.2.Non.proprietary","Australia","AUS","2004-2015",12
"SPI.D2.2.Non.proprietary","Austria","AUT","2004-2015",12
"SPI.D2.2.Non.proprietary","Azerbaijan","AZE","2004-2014",11
"SPI.D2.2.Non.proprietary","Bahamas, The","BHS","2004-2015",12
"SPI.D2.2.Non.proprietary","Bahrain","BHR","2004-2015",12
"SPI.D2.2.Non.proprietary","Bangladesh","BGD","2004-2014",11
"SPI.D2.2.Non.proprietary","Barbados","BRB","2004-2021",18
"SPI.D2.2.Non.proprietary","Belarus","BLR","2004-2014",11
"SPI.D2.2.Non.proprietary","Belgium","BEL","2004-2015",12
"SPI.D2.2.Non.proprietary","Belize","BLZ","2004-2014",11
"SPI.D2.2.Non.proprietary","Benin","BEN","2004-2014",11
"SPI.D2.2.Non.proprietary","Bermuda","BMU","2004-2023",20
"SPI.D2.2.Non.proprietary","Bhutan","BTN","2004-2014",11
"SPI.D2.2.Non.proprietary","Bolivia","BOL","2004-2014",11
"SPI.D2.2.Non.proprietary","Bosnia and Herzegovina","BIH","2004-2014",11
"SPI.D2.2.Non.proprietary","Botswana","BWA","2004-2014",11
"SPI.D2.2.Non.proprietary","Brazil","BRA","2004-2014",11
"SPI.D2.2.Non.proprietary","British Virgin Islands","VGB","2004-2023",20
"SPI.D2.2.Non.proprietary","Brunei Darussalam","BRN","2004-2019",16
"SPI.D2.2.Non.proprietary","Bulgaria","BGR","2004-2014",11
"SPI.D2.2.Non.proprietary","Burkina Faso","BFA","2004-2014",11
"SPI.D2.2.Non.proprietary","Burundi","BDI","2004-2014",11
"SPI.D2.2.Non.proprietary","Cabo Verde","CPV","2004-2014",11
"SPI.D2.2.Non.proprietary","Cambodia","KHM","2004-2014",11
"SPI.D2.2.Non.proprietary","Cameroon","CMR","2004-2014",11
"SPI.D2.2.Non.proprietary","Canada","CAN","2004-2015",12
"SPI.D2.2.Non.proprietary","Cayman Islands","CYM","2004-2023",20
"SPI.D2.2.Non.proprietary","Central African Republic","CAF","2004-2021",18
"SPI.D2.2.Non.proprietary","Chad","TCD","2004-2014",11
"SPI.D2.2.Non.proprietary","Channel Islands","CHI","2004-2023",20
"SPI.D2.2.Non.proprietary","Chile","CHL","2004-2014",11
"SPI.D2.2.Non.proprietary","China","CHN","2004-2014",11
"SPI.D2.2.Non.proprietary","Colombia","COL","2004-2014",11
"SPI.D2.2.Non.proprietary","Comoros","COM","2004-2023",20
"SPI.D2.2.Non.proprietary","Congo, Dem. Rep.","COD","2004-2014",11
"SPI.D2.2.Non.proprietary","Congo, Rep.","COG","2004-2014",11
"SPI.D2.2.Non.proprietary","Costa Rica","CRI","2004-2015",12
"SPI.D2.2.Non.proprietary","Cote d'Ivoire","CIV","2004-2014",11
"SPI.D2.2.Non.proprietary","Croatia","HRV","2004-2015",12
"SPI.D2.2.Non.proprietary","Cuba","CUB","2004-2014",11
"SPI.D2.2.Non.proprietary","Curacao","CUW","2004-2023",20
"SPI.D2.2.Non.proprietary","Cyprus","CYP","2004-2015",12
"SPI.D2.2.Non.proprietary","Czechia","CZE","2004-2015",12
"SPI.D2.2.Non.proprietary","Denmark","DNK","2004-2015",12
"SPI.D2.2.Non.proprietary","Djibouti","DJI","2004-2014",11
"SPI.D2.2.Non.proprietary","Dominica","DMA","2004-2019",16
"SPI.D2.2.Non.proprietary","Dominican Republic","DOM","2004-2014",11
"SPI.D2.2.Non.proprietary","Ecuador","ECU","2004-2014",11
"SPI.D2.2.Non.proprietary","Egypt, Arab Rep.","EGY","2004-2014",11
"SPI.D2.2.Non.proprietary","El Salvador","SLV","2004-2014",11
"SPI.D2.2.Non.proprietary","Equatorial Guinea","GNQ","2004-2019",16
"SPI.D2.2.Non.proprietary","Eritrea","ERI","2004-2023",20
"SPI.D2.2.Non.proprietary","Estonia","EST","2004-2015",12
"SPI.D2.2.Non.proprietary","Eswatini","SWZ","2004-2014",11
"SPI.D2.2.Non.proprietary","Ethiopia","ETH","2004-2014",11
"SPI.D2.2.Non.proprietary","Faroe Islands","FRO","2004-2023",20
"SPI.D2.2.Non.proprietary","Fiji","FJI","2004-2014",11
"SPI.D2.2.Non.proprietary","Finland","FIN","2004-2015",12
"SPI.D2.2.Non.proprietary","France","FRA","2004-2015",12
"SPI.D2.2.Non.proprietary","French Polynesia","PYF","2004-2023",20
"SPI.D2.2.Non.proprietary","Gabon","GAB","2004-2014",11
"SPI.D2.2.Non.proprietary","Gambia, The","GMB","2004-2014",11
"SPI.D2.2.Non.proprietary","Georgia","GEO","2004-2014",11
"SPI.D2.2.Non.proprietary","Germany","DEU","2004-2015",12
"SPI.D2.2.Non.proprietary","Ghana","GHA","2004-2014",11
"SPI.D2.2.Non.proprietary","Gibraltar","GIB","2004-2023",20
"SPI.D2.2.Non.proprietary","Greece","GRC","2004-2015",12
"SPI.D2.2.Non.proprietary","Greenland","GRL","2004-2019",16
"SPI.D2.2.Non.proprietary","Grenada","GRD","2004-2021",18
"SPI.D2.2.Non.proprietary","Guam","GUM","2004-2023",20
"SPI.D2.2.Non.proprietary","Guatemala","GTM","2004-2014",11
"SPI.D2.2.Non.proprietary","Guinea","GIN","2004-2014",11
"SPI.D2.2.Non.proprietary","Guinea-Bissau","GNB","2004-2014",11
"SPI.D2.2.Non.proprietary","Guyana","GUY","2004-2014",11
"SPI.D2.2.Non.proprietary","Haiti","HTI","2004-2014",11
"SPI.D2.2.Non.proprietary","Honduras","HND","2004-2014",11
"SPI.D2.2.Non.proprietary","Hong Kong SAR, China","HKG","2004-2015",12
"SPI.D2.2.Non.proprietary","Hungary","HUN","2004-2015",12
"SPI.D2.2.Non.proprietary","Iceland","ISL","2004-2015",12
"SPI.D2.2.Non.proprietary","India","IND","2004-2014",11
"SPI.D2.2.Non.proprietary","Indonesia","IDN","2004-2014",11
"SPI.D2.2.Non.proprietary","Iran, Islamic Rep.","IRN","2004-2014",11
"SPI.D2.2.Non.proprietary","Iraq","IRQ","2004-2015",12
"SPI.D2.2.Non.proprietary","Ireland","IRL","2004-2015",12
"SPI.D2.2.Non.proprietary","Isle of Man","IMN","2004-2023",20
"SPI.D2.2.Non.proprietary","Israel","ISR","2004-2015",12
"SPI.D2.2.Non.proprietary","Italy","ITA","2004-2015",12
"SPI.D2.2.Non.proprietary","Jamaica","JAM","2004-2014",11
"SPI.D2.2.Non.proprietary","Japan","JPN","2004-2015",12
"SPI.D2.2.Non.proprietary","Jordan","JOR","2004-2014",11
"SPI.D2.2.Non.proprietary","Kazakhstan","KAZ","2004-2014",11
"SPI.D2.2.Non.proprietary","Kenya","KEN","2004-2014",11
"SPI.D2.2.Non.proprietary","Kiribati","KIR","2004-2014",11
"SPI.D2.2.Non.proprietary","Korea, Dem. People's Rep.","PRK","2004-2023",20
"SPI.D2.2.Non.proprietary","Korea, Rep.","KOR","2004-2015",12
"SPI.D2.2.Non.proprietary","Kosovo","XKX","2004-2014",11
"SPI.D2.2.Non.proprietary","Kuwait","KWT","2004-2015",12
"SPI.D2.2.Non.proprietary","Kyrgyz Republic","KGZ","2004-2014",11
"SPI.D2.2.Non.proprietary","Lao PDR","LAO","2004-2014",11
"SPI.D2.2.Non.proprietary","Latvia","LVA","2004-2015",12
"SPI.D2.2.Non.proprietary","Lebanon","LBN","2004-2014",11
"SPI.D2.2.Non.proprietary","Lesotho","LSO","2004-2014",11
"SPI.D2.2.Non.proprietary","Liberia","LBR","2004-2014",11
"SPI.D2.2.Non.proprietary","Libya","LBY","2004-2015",12
"SPI.D2.2.Non.proprietary","Liechtenstein","LIE","2004-2016",13
"SPI.D2.2.Non.proprietary","Lithuania","LTU","2004-2015",12
"SPI.D2.2.Non.proprietary","Luxembourg","LUX","2004-2015",12
"SPI.D2.2.Non.proprietary","Macao SAR, China","MAC","2004-2016",13
"SPI.D2.2.Non.proprietary","Madagascar","MDG","2004-2014",11
"SPI.D2.2.Non.proprietary","Malawi","MWI","2004-2014",11
"SPI.D2.2.Non.proprietary","Malaysia","MYS","2004-2014",11
"SPI.D2.2.Non.proprietary","Maldives","MDV","2004-2014",11
"SPI.D2.2.Non.proprietary","Mali","MLI","2004-2014",11
"SPI.D2.2.Non.proprietary","Malta","MLT","2004-2015",12
"SPI.D2.2.Non.proprietary","Marshall Islands","MHL","2004-2014",11
"SPI.D2.2.Non.proprietary","Mauritania","MRT","2004-2014",11
"SPI.D2.2.Non.proprietary","Mauritius","MUS","2004-2014",11
"SPI.D2.2.Non.proprietary","Mexico","MEX","2004-2014",11
"SPI.D2.2.Non.proprietary","Micronesia, Fed. Sts.","FSM","2004-2014",11
"SPI.D2.2.Non.proprietary","Moldova","MDA","2004-2014",11
"SPI.D2.2.Non.proprietary","Monaco","MCO","2004-2021",18
"SPI.D2.2.Non.proprietary","Mongolia","MNG","2004-2014",11
"SPI.D2.2.Non.proprietary","Montenegro","MNE","2004-2014",11
"SPI.D2.2.Non.proprietary","Morocco","MAR","2004-2014",11
"SPI.D2.2.Non.proprietary","Mozambique","MOZ","2004-2014",11
"SPI.D2.2.Non.proprietary","Myanmar","MMR","2004-2015",12
"SPI.D2.2.Non.proprietary","Namibia","NAM","2004-2014",11
"SPI.D2.2.Non.proprietary","Nauru","NRU","2004-2021",18
"SPI.D2.2.Non.proprietary","Nepal","NPL","2004-2014",11
"SPI.D2.2.Non.proprietary","Netherlands","NLD","2004-2015",12
"SPI.D2.2.Non.proprietary","New Caledonia","NCL","2004-2023",20
"SPI.D2.2.Non.proprietary","New Zealand","NZL","2004-2015",12
"SPI.D2.2.Non.proprietary","Nicaragua","NIC","2004-2014",11
"SPI.D2.2.Non.proprietary","Niger","NER","2004-2014",11
"SPI.D2.2.Non.proprietary","Nigeria","NGA","2004-2014",11
"SPI.D2.2.Non.proprietary","North Macedonia","MKD","2004-2014",11
"SPI.D2.2.Non.proprietary","Northern Mariana Islands","MNP","2004-2023",20
"SPI.D2.2.Non.proprietary","Norway","NOR","2004-2015",12
"SPI.D2.2.Non.proprietary","Oman","OMN","2004-2015",12
"SPI.D2.2.Non.proprietary","Pakistan","PAK","2004-2014",11
"SPI.D2.2.Non.proprietary","Palau","PLW","2004-2019",16
"SPI.D2.2.Non.proprietary","Panama","PAN","2004-2014",11
"SPI.D2.2.Non.proprietary","Papua New Guinea","PNG","2004-2014",11
"SPI.D2.2.Non.proprietary","Paraguay","PRY","2004-2014",11
"SPI.D2.2.Non.proprietary","Peru","PER","2004-2014",11
"SPI.D2.2.Non.proprietary","Philippines","PHL","2004-2014",11
"SPI.D2.2.Non.proprietary","Poland","POL","2004-2015",12
"SPI.D2.2.Non.proprietary","Portugal","PRT","2004-2015",12
"SPI.D2.2.Non.proprietary","Puerto Rico","PRI","2004-2023",20
"SPI.D2.2.Non.proprietary","Qatar","QAT","2004-2015",12
"SPI.D2.2.Non.proprietary","Romania","ROU","2004-2014",11
"SPI.D2.2.Non.proprietary","Russian Federation","RUS","2004-2014",11
"SPI.D2.2.Non.proprietary","Rwanda","RWA","2004-2014",11
"SPI.D2.2.Non.proprietary","Samoa","WSM","2004-2014",11
"SPI.D2.2.Non.proprietary","San Marino","SMR","2004-2019",16
"SPI.D2.2.Non.proprietary","Sao Tome and Principe","STP","2004-2014",11
"SPI.D2.2.Non.proprietary","Saudi Arabia","SAU","2004-2014",11
"SPI.D2.2.Non.proprietary","Senegal","SEN","2004-2014",11
"SPI.D2.2.Non.proprietary","Serbia","SRB","2004-2014",11
"SPI.D2.2.Non.proprietary","Seychelles","SYC","2004-2016",13
"SPI.D2.2.Non.proprietary","Sierra Leone","SLE","2004-2014",11
"SPI.D2.2.Non.proprietary","Singapore","SGP","2004-2015",12
"SPI.D2.2.Non.proprietary","Sint Maarten (Dutch part)","SXM","2004-2023",20
"SPI.D2.2.Non.proprietary","Slovak Republic","SVK","2004-2015",12
"SPI.D2.2.Non.proprietary","Slovenia","SVN","2004-2015",12
"SPI.D2.2.Non.proprietary","Solomon Islands","SLB","2004-2014",11
"SPI.D2.2.Non.proprietary","Somalia","SOM","2004-2016",13
"SPI.D2.2.Non.proprietary","South Africa","ZAF","2004-2014",11
"SPI.D2.2.Non.proprietary","South Sudan","SSD","2004-2014",11
"SPI.D2.2.Non.proprietary","Spain","ESP","2004-2015",12
"SPI.D2.2.Non.proprietary","Sri Lanka","LKA","2004-2014",11
"SPI.D2.2.Non.proprietary","St. Kitts and Nevis","KNA","2004-2019",16
"SPI.D2.2.Non.proprietary","St. Lucia","LCA","2004-2014",11
"SPI.D2.2.Non.proprietary","St. Martin (French part)","MAF","2004-2023",20
"SPI.D2.2.Non.proprietary","St. Vincent and the Grenadines","VCT","2004-2014",11
"SPI.D2.2.Non.proprietary","Sudan","SDN","2004-2014",11
"SPI.D2.2.Non.proprietary","Suriname","SUR","2004-2015",12
"SPI.D2.2.Non.proprietary","Sweden","SWE","2004-2015",12
"SPI.D2.2.Non.proprietary","Switzerland","CHE","2004-2015",12
"SPI.D2.2.Non.proprietary","Syrian Arab Republic","SYR","2004-2016",13
"SPI.D2.2.Non.proprietary","Tajikistan","TJK","2004-2014",11
"SPI.D2.2.Non.proprietary","Tanzania","TZA","2004-2014",11
"SPI.D2.2.Non.proprietary","Thailand","THA","2004-2014",11
"SPI.D2.2.Non.proprietary","Timor-Leste","TLS","2004-2014",11
"SPI.D2.2.Non.proprietary","Togo","TGO","2004-2014",11
"SPI.D2.2.Non.proprietary","Tonga","TON","2004-2019",16
"SPI.D2.2.Non.proprietary","Trinidad and Tobago","TTO","2004-2015",12
"SPI.D2.2.Non.proprietary","Tunisia","TUN","2004-2014",11
"SPI.D2.2.Non.proprietary","Turkiye","TUR","2004-2014",11
"SPI.D2.2.Non.proprietary","Turkmenistan","TKM","2004-2014",11
"SPI.D2.2.Non.proprietary","Turks and Caicos Islands","TCA","2004-2023",20
"SPI.D2.2.Non.proprietary","Tuvalu","TUV","2004-2021",18
"SPI.D2.2.Non.proprietary","Uganda","UGA","2004-2014",11
"SPI.D2.2.Non.proprietary","Ukraine","UKR","2004-2014",11
"SPI.D2.2.Non.proprietary","United Arab Emirates","ARE","2004-2015",12
"SPI.D2.2.Non.proprietary","United Kingdom","GBR","2004-2015",12
"SPI.D2.2.Non.proprietary","United States","USA","2004-2015",12
"SPI.D2.2.Non.proprietary","Uruguay","URY","2004-2014",11
"SPI.D2.2.Non.proprietary","Uzbekistan","UZB","2004-2014",11
"SPI.D2.2.Non.proprietary","Vanuatu","VUT","2004-2014",11
"SPI.D2.2.Non.proprietary","Venezuela, RB","VEN","2004-2014",11
"SPI.D2.2.Non.proprietary","Viet Nam","VNM","2004-2014",11
"SPI.D2.2.Non.proprietary","Virgin Islands (U.S.)","VIR","2004-2023",20
"SPI.D2.2.Non.proprietary","West Bank and Gaza","PSE","2004-2014",11
"SPI.D2.2.Non.proprietary","Yemen, Rep.","YEM","2004-2014",11
"SPI.D2.2.Non.proprietary","Zambia","ZMB","2004-2014",11
"SPI.D2.2.Non.proprietary","Zimbabwe","ZWE","2004-2014",11
"SPI.D2.2.Openness.subscore","Afghanistan","AFG","2004-2014",11
"SPI.D2.2.Openness.subscore","Albania","ALB","2004-2014",11
"SPI.D2.2.Openness.subscore","Algeria","DZA","2004-2014",11
"SPI.D2.2.Openness.subscore","American Samoa","ASM","2004-2023",20
"SPI.D2.2.Openness.subscore","Andorra","AND","2004-2021",18
"SPI.D2.2.Openness.subscore","Angola","AGO","2004-2014",11
"SPI.D2.2.Openness.subscore","Antigua and Barbuda","ATG","2004-2019",16
"SPI.D2.2.Openness.subscore","Argentina","ARG","2004-2014",11
"SPI.D2.2.Openness.subscore","Armenia","ARM","2004-2014",11
"SPI.D2.2.Openness.subscore","Aruba","ABW","2004-2021",18
"SPI.D2.2.Openness.subscore","Australia","AUS","2004-2015",12
"SPI.D2.2.Openness.subscore","Austria","AUT","2004-2015",12
"SPI.D2.2.Openness.subscore","Azerbaijan","AZE","2004-2014",11
"SPI.D2.2.Openness.subscore","Bahamas, The","BHS","2004-2015",12
"SPI.D2.2.Openness.subscore","Bahrain","BHR","2004-2015",12
"SPI.D2.2.Openness.subscore","Bangladesh","BGD","2004-2014",11
"SPI.D2.2.Openness.subscore","Barbados","BRB","2004-2021",18
"SPI.D2.2.Openness.subscore","Belarus","BLR","2004-2014",11
"SPI.D2.2.Openness.subscore","Belgium","BEL","2004-2015",12
"SPI.D2.2.Openness.subscore","Belize","BLZ","2004-2014",11
"SPI.D2.2.Openness.subscore","Benin","BEN","2004-2014",11
"SPI.D2.2.Openness.subscore","Bermuda","BMU","2004-2023",20
"SPI.D2.2.Openness.subscore","Bhutan","BTN","2004-2014",11
"SPI.D2.2.Openness.subscore","Bolivia","BOL","2004-2014",11
"SPI.D2.2.Openness.subscore","Bosnia and Herzegovina","BIH","2004-2014",11
"SPI.D2.2.Openness.subscore","Botswana","BWA","2004-2014",11
"SPI.D2.2.Openness.subscore","Brazil","BRA","2004-2014",11
"SPI.D2.2.Openness.subscore","British Virgin Islands","VGB","2004-2023",20
"SPI.D2.2.Openness.subscore","Brunei Darussalam","BRN","2004-2019",16
"SPI.D2.2.Openness.subscore","Bulgaria","BGR","2004-2014",11
"SPI.D2.2.Openness.subscore","Burkina Faso","BFA","2004-2014",11
"SPI.D2.2.Openness.subscore","Burundi","BDI","2004-2014",11
"SPI.D2.2.Openness.subscore","Cabo Verde","CPV","2004-2014",11
"SPI.D2.2.Openness.subscore","Cambodia","KHM","2004-2014",11
"SPI.D2.2.Openness.subscore","Cameroon","CMR","2004-2014",11
"SPI.D2.2.Openness.subscore","Canada","CAN","2004-2015",12
"SPI.D2.2.Openness.subscore","Cayman Islands","CYM","2004-2023",20
"SPI.D2.2.Openness.subscore","Central African Republic","CAF","2004-2021",18
"SPI.D2.2.Openness.subscore","Chad","TCD","2004-2014",11
"SPI.D2.2.Openness.subscore","Channel Islands","CHI","2004-2023",20
"SPI.D2.2.Openness.subscore","Chile","CHL","2004-2014",11
"SPI.D2.2.Openness.subscore","China","CHN","2004-2014",11
"SPI.D2.2.Openness.subscore","Colombia","COL","2004-2014",11
"SPI.D2.2.Openness.subscore","Comoros","COM","2004-2023",20
"SPI.D2.2.Openness.subscore","Congo, Dem. Rep.","COD","2004-2014",11
"SPI.D2.2.Openness.subscore","Congo, Rep.","COG","2004-2014",11
"SPI.D2.2.Openness.subscore","Costa Rica","CRI","2004-2015",12
"SPI.D2.2.Openness.subscore","Cote d'Ivoire","CIV","2004-2014",11
"SPI.D2.2.Openness.subscore","Croatia","HRV","2004-2015",12
"SPI.D2.2.Openness.subscore","Cuba","CUB","2004-2014",11
"SPI.D2.2.Openness.subscore","Curacao","CUW","2004-2023",20
"SPI.D2.2.Openness.subscore","Cyprus","CYP","2004-2015",12
"SPI.D2.2.Openness.subscore","Czechia","CZE","2004-2015",12
"SPI.D2.2.Openness.subscore","Denmark","DNK","2004-2015",12
"SPI.D2.2.Openness.subscore","Djibouti","DJI","2004-2014",11
"SPI.D2.2.Openness.subscore","Dominica","DMA","2004-2019",16
"SPI.D2.2.Openness.subscore","Dominican Republic","DOM","2004-2014",11
"SPI.D2.2.Openness.subscore","Ecuador","ECU","2004-2014",11
"SPI.D2.2.Openness.subscore","Egypt, Arab Rep.","EGY","2004-2014",11
"SPI.D2.2.Openness.subscore","El Salvador","SLV","2004-2014",11
"SPI.D2.2.Openness.subscore","Equatorial Guinea","GNQ","2004-2019",16
"SPI.D2.2.Openness.subscore","Eritrea","ERI","2004-2023",20
"SPI.D2.2.Openness.subscore","Estonia","EST","2004-2015",12
"SPI.D2.2.Openness.subscore","Eswatini","SWZ","2004-2014",11
"SPI.D2.2.Openness.subscore","Ethiopia","ETH","2004-2014",11
"SPI.D2.2.Openness.subscore","Faroe Islands","FRO","2004-2023",20
"SPI.D2.2.Openness.subscore","Fiji","FJI","2004-2014",11
"SPI.D2.2.Openness.subscore","Finland","FIN","2004-2015",12
"SPI.D2.2.Openness.subscore","France","FRA","2004-2015",12
"SPI.D2.2.Openness.subscore","French Polynesia","PYF","2004-2023",20
"SPI.D2.2.Openness.subscore","Gabon","GAB","2004-2014",11
"SPI.D2.2.Openness.subscore","Gambia, The","GMB","2004-2014",11
"SPI.D2.2.Openness.subscore","Georgia","GEO","2004-2014",11
"SPI.D2.2.Openness.subscore","Germany","DEU","2004-2015",12
"SPI.D2.2.Openness.subscore","Ghana","GHA","2004-2014",11
"SPI.D2.2.Openness.subscore","Gibraltar","GIB","2004-2023",20
"SPI.D2.2.Openness.subscore","Greece","GRC","2004-2015",12
"SPI.D2.2.Openness.subscore","Greenland","GRL","2004-2019",16
"SPI.D2.2.Openness.subscore","Grenada","GRD","2004-2021",18
"SPI.D2.2.Openness.subscore","Guam","GUM","2004-2023",20
"SPI.D2.2.Openness.subscore","Guatemala","GTM","2004-2014",11
"SPI.D2.2.Openness.subscore","Guinea","GIN","2004-2014",11
"SPI.D2.2.Openness.subscore","Guinea-Bissau","GNB","2004-2014",11
"SPI.D2.2.Openness.subscore","Guyana","GUY","2004-2014",11
"SPI.D2.2.Openness.subscore","Haiti","HTI","2004-2014",11
"SPI.D2.2.Openness.subscore","Honduras","HND","2004-2014",11
"SPI.D2.2.Openness.subscore","Hong Kong SAR, China","HKG","2004-2015",12
"SPI.D2.2.Openness.subscore","Hungary","HUN","2004-2015",12
"SPI.D2.2.Openness.subscore","Iceland","ISL","2004-2015",12
"SPI.D2.2.Openness.subscore","India","IND","2004-2014",11
"SPI.D2.2.Openness.subscore","Indonesia","IDN","2004-2014",11
"SPI.D2.2.Openness.subscore","Iran, Islamic Rep.","IRN","2004-2014",11
"SPI.D2.2.Openness.subscore","Iraq","IRQ","2004-2015",12
"SPI.D2.2.Openness.subscore","Ireland","IRL","2004-2015",12
"SPI.D2.2.Openness.subscore","Isle of Man","IMN","2004-2023",20
"SPI.D2.2.Openness.subscore","Israel","ISR","2004-2015",12
"SPI.D2.2.Openness.subscore","Italy","ITA","2004-2015",12
"SPI.D2.2.Openness.subscore","Jamaica","JAM","2004-2014",11
"SPI.D2.2.Openness.subscore","Japan","JPN","2004-2015",12
"SPI.D2.2.Openness.subscore","Jordan","JOR","2004-2014",11
"SPI.D2.2.Openness.subscore","Kazakhstan","KAZ","2004-2014",11
"SPI.D2.2.Openness.subscore","Kenya","KEN","2004-2014",11
"SPI.D2.2.Openness.subscore","Kiribati","KIR","2004-2014",11
"SPI.D2.2.Openness.subscore","Korea, Dem. People's Rep.","PRK","2004-2023",20
"SPI.D2.2.Openness.subscore","Korea, Rep.","KOR","2004-2015",12
"SPI.D2.2.Openness.subscore","Kosovo","XKX","2004-2014",11
"SPI.D2.2.Openness.subscore","Kuwait","KWT","2004-2015",12
"SPI.D2.2.Openness.subscore","Kyrgyz Republic","KGZ","2004-2014",11
"SPI.D2.2.Openness.subscore","Lao PDR","LAO","2004-2014",11
"SPI.D2.2.Openness.subscore","Latvia","LVA","2004-2015",12
"SPI.D2.2.Openness.subscore","Lebanon","LBN","2004-2014",11
"SPI.D2.2.Openness.subscore","Lesotho","LSO","2004-2014",11
"SPI.D2.2.Openness.subscore","Liberia","LBR","2004-2014",11
"SPI.D2.2.Openness.subscore","Libya","LBY","2004-2015",12
"SPI.D2.2.Openness.subscore","Liechtenstein","LIE","2004-2016",13
"SPI.D2.2.Openness.subscore","Lithuania","LTU","2004-2015",12
"SPI.D2.2.Openness.subscore","Luxembourg","LUX","2004-2015",12
"SPI.D2.2.Openness.subscore","Macao SAR, China","MAC","2004-2016",13
"SPI.D2.2.Openness.subscore","Madagascar","MDG","2004-2014",11
"SPI.D2.2.Openness.subscore","Malawi","MWI","2004-2014",11
"SPI.D2.2.Openness.subscore","Malaysia","MYS","2004-2014",11
"SPI.D2.2.Openness.subscore","Maldives","MDV","2004-2014",11
"SPI.D2.2.Openness.subscore","Mali","MLI","2004-2014",11
"SPI.D2.2.Openness.subscore","Malta","MLT","2004-2015",12
"SPI.D2.2.Openness.subscore","Marshall Islands","MHL","2004-2014",11
"SPI.D2.2.Openness.subscore","Mauritania","MRT","2004-2014",11
"SPI.D2.2.Openness.subscore","Mauritius","MUS","2004-2014",11
"SPI.D2.2.Openness.subscore","Mexico","MEX","2004-2014",11
"SPI.D2.2.Openness.subscore","Micronesia, Fed. Sts.","FSM","2004-2014",11
"SPI.D2.2.Openness.subscore","Moldova","MDA","2004-2014",11
"SPI.D2.2.Openness.subscore","Monaco","MCO","2004-2021",18
"SPI.D2.2.Openness.subscore","Mongolia","MNG","2004-2014",11
"SPI.D2.2.Openness.subscore","Montenegro","MNE","2004-2014",11
"SPI.D2.2.Openness.subscore","Morocco","MAR","2004-2014",11
"SPI.D2.2.Openness.subscore","Mozambique","MOZ","2004-2014",11
"SPI.D2.2.Openness.subscore","Myanmar","MMR","2004-2015",12
"SPI.D2.2.Openness.subscore","Namibia","NAM","2004-2014",11
"SPI.D2.2.Openness.subscore","Nauru","NRU","2004-2021",18
"SPI.D2.2.Openness.subscore","Nepal","NPL","2004-2014",11
"SPI.D2.2.Openness.subscore","Netherlands","NLD","2004-2015",12
"SPI.D2.2.Openness.subscore","New Caledonia","NCL","2004-2023",20
"SPI.D2.2.Openness.subscore","New Zealand","NZL","2004-2015",12
"SPI.D2.2.Openness.subscore","Nicaragua","NIC","2004-2014",11
"SPI.D2.2.Openness.subscore","Niger","NER","2004-2014",11
"SPI.D2.2.Openness.subscore","Nigeria","NGA","2004-2014",11
"SPI.D2.2.Openness.subscore","North Macedonia","MKD","2004-2014",11
"SPI.D2.2.Openness.subscore","Northern Mariana Islands","MNP","2004-2023",20
"SPI.D2.2.Openness.subscore","Norway","NOR","2004-2015",12
"SPI.D2.2.Openness.subscore","Oman","OMN","2004-2015",12
"SPI.D2.2.Openness.subscore","Pakistan","PAK","2004-2014",11
"SPI.D2.2.Openness.subscore","Palau","PLW","2004-2019",16
"SPI.D2.2.Openness.subscore","Panama","PAN","2004-2014",11
"SPI.D2.2.Openness.subscore","Papua New Guinea","PNG","2004-2014",11
"SPI.D2.2.Openness.subscore","Paraguay","PRY","2004-2014",11
"SPI.D2.2.Openness.subscore","Peru","PER","2004-2014",11
"SPI.D2.2.Openness.subscore","Philippines","PHL","2004-2014",11
"SPI.D2.2.Openness.subscore","Poland","POL","2004-2015",12
"SPI.D2.2.Openness.subscore","Portugal","PRT","2004-2015",12
"SPI.D2.2.Openness.subscore","Puerto Rico","PRI","2004-2023",20
"SPI.D2.2.Openness.subscore","Qatar","QAT","2004-2015",12
"SPI.D2.2.Openness.subscore","Romania","ROU","2004-2014",11
"SPI.D2.2.Openness.subscore","Russian Federation","RUS","2004-2014",11
"SPI.D2.2.Openness.subscore","Rwanda","RWA","2004-2014",11
"SPI.D2.2.Openness.subscore","Samoa","WSM","2004-2014",11
"SPI.D2.2.Openness.subscore","San Marino","SMR","2004-2019",16
"SPI.D2.2.Openness.subscore","Sao Tome and Principe","STP","2004-2014",11
"SPI.D2.2.Openness.subscore","Saudi Arabia","SAU","2004-2014",11
"SPI.D2.2.Openness.subscore","Senegal","SEN","2004-2014",11
"SPI.D2.2.Openness.subscore","Serbia","SRB","2004-2014",11
"SPI.D2.2.Openness.subscore","Seychelles","SYC","2004-2016",13
"SPI.D2.2.Openness.subscore","Sierra Leone","SLE","2004-2014",11
"SPI.D2.2.Openness.subscore","Singapore","SGP","2004-2015",12
"SPI.D2.2.Openness.subscore","Sint Maarten (Dutch part)","SXM","2004-2023",20
"SPI.D2.2.Openness.subscore","Slovak Republic","SVK","2004-2015",12
"SPI.D2.2.Openness.subscore","Slovenia","SVN","2004-2015",12
"SPI.D2.2.Openness.subscore","Solomon Islands","SLB","2004-2014",11
"SPI.D2.2.Openness.subscore","Somalia","SOM","2004-2016",13
"SPI.D2.2.Openness.subscore","South Africa","ZAF","2004-2014",11
"SPI.D2.2.Openness.subscore","South Sudan","SSD","2004-2014",11
"SPI.D2.2.Openness.subscore","Spain","ESP","2004-2015",12
"SPI.D2.2.Openness.subscore","Sri Lanka","LKA","2004-2014",11
"SPI.D2.2.Openness.subscore","St. Kitts and Nevis","KNA","2004-2019",16
"SPI.D2.2.Openness.subscore","St. Lucia","LCA","2004-2014",11
"SPI.D2.2.Openness.subscore","St. Martin (French part)","MAF","2004-2023",20
"SPI.D2.2.Openness.subscore","St. Vincent and the Grenadines","VCT","2004-2014",11
"SPI.D2.2.Openness.subscore","Sudan","SDN","2004-2014",11
"SPI.D2.2.Openness.subscore","Suriname","SUR","2004-2015",12
"SPI.D2.2.Openness.subscore","Sweden","SWE","2004-2015",12
"SPI.D2.2.Openness.subscore","Switzerland","CHE","2004-2015",12
"SPI.D2.2.Openness.subscore","Syrian Arab Republic","SYR","2004-2016",13
"SPI.D2.2.Openness.subscore","Tajikistan","TJK","2004-2014",11
"SPI.D2.2.Openness.subscore","Tanzania","TZA","2004-2014",11
"SPI.D2.2.Openness.subscore","Thailand","THA","2004-2014",11
"SPI.D2.2.Openness.subscore","Timor-Leste","TLS","2004-2014",11
"SPI.D2.2.Openness.subscore","Togo","TGO","2004-2014",11
"SPI.D2.2.Openness.subscore","Tonga","TON","2004-2019",16
"SPI.D2.2.Openness.subscore","Trinidad and Tobago","TTO","2004-2015",12
"SPI.D2.2.Openness.subscore","Tunisia","TUN","2004-2014",11
"SPI.D2.2.Openness.subscore","Turkiye","TUR","2004-2014",11
"SPI.D2.2.Openness.subscore","Turkmenistan","TKM","2004-2014",11
"SPI.D2.2.Openness.subscore","Turks and Caicos Islands","TCA","2004-2023",20
"SPI.D2.2.Openness.subscore","Tuvalu","TUV","2004-2021",18
"SPI.D2.2.Openness.subscore","Uganda","UGA","2004-2014",11
"SPI.D2.2.Openness.subscore","Ukraine","UKR","2004-2014",11
"SPI.D2.2.Openness.subscore","United Arab Emirates","ARE","2004-2015",12
"SPI.D2.2.Openness.subscore","United Kingdom","GBR","2004-2015",12
"SPI.D2.2.Openness.subscore","United States","USA","2004-2015",12
"SPI.D2.2.Openness.subscore","Uruguay","URY","2004-2014",11
"SPI.D2.2.Openness.subscore","Uzbekistan","UZB","2004-2014",11
"SPI.D2.2.Openness.subscore","Vanuatu","VUT","2004-2014",11
"SPI.D2.2.Openness.subscore","Venezuela, RB","VEN","2004-2014",11
"SPI.D2.2.Openness.subscore","Viet Nam","VNM","2004-2014",11
"SPI.D2.2.Openness.subscore","Virgin Islands (U.S.)","VIR","2004-2023",20
"SPI.D2.2.Openness.subscore","West Bank and Gaza","PSE","2004-2014",11
"SPI.D2.2.Openness.subscore","Yemen, Rep.","YEM","2004-2014",11
"SPI.D2.2.Openness.subscore","Zambia","ZMB","2004-2014",11
"SPI.D2.2.Openness.subscore","Zimbabwe","ZWE","2004-2014",11
"SPI.D2.2.Terms.of.use","Afghanistan","AFG","2004-2014",11
"SPI.D2.2.Terms.of.use","Albania","ALB","2004-2014",11
"SPI.D2.2.Terms.of.use","Algeria","DZA","2004-2014",11
"SPI.D2.2.Terms.of.use","American Samoa","ASM","2004-2023",20
"SPI.D2.2.Terms.of.use","Andorra","AND","2004-2021",18
"SPI.D2.2.Terms.of.use","Angola","AGO","2004-2014",11
"SPI.D2.2.Terms.of.use","Antigua and Barbuda","ATG","2004-2019",16
"SPI.D2.2.Terms.of.use","Argentina","ARG","2004-2014",11
"SPI.D2.2.Terms.of.use","Armenia","ARM","2004-2014",11
"SPI.D2.2.Terms.of.use","Aruba","ABW","2004-2021",18
"SPI.D2.2.Terms.of.use","Australia","AUS","2004-2015",12
"SPI.D2.2.Terms.of.use","Austria","AUT","2004-2015",12
"SPI.D2.2.Terms.of.use","Azerbaijan","AZE","2004-2014",11
"SPI.D2.2.Terms.of.use","Bahamas, The","BHS","2004-2015",12
"SPI.D2.2.Terms.of.use","Bahrain","BHR","2004-2015",12
"SPI.D2.2.Terms.of.use","Bangladesh","BGD","2004-2014",11
"SPI.D2.2.Terms.of.use","Barbados","BRB","2004-2021",18
"SPI.D2.2.Terms.of.use","Belarus","BLR","2004-2014",11
"SPI.D2.2.Terms.of.use","Belgium","BEL","2004-2015",12
"SPI.D2.2.Terms.of.use","Belize","BLZ","2004-2014",11
"SPI.D2.2.Terms.of.use","Benin","BEN","2004-2014",11
"SPI.D2.2.Terms.of.use","Bermuda","BMU","2004-2023",20
"SPI.D2.2.Terms.of.use","Bhutan","BTN","2004-2014",11
"SPI.D2.2.Terms.of.use","Bolivia","BOL","2004-2014",11
"SPI.D2.2.Terms.of.use","Bosnia and Herzegovina","BIH","2004-2014",11
"SPI.D2.2.Terms.of.use","Botswana","BWA","2004-2014",11
"SPI.D2.2.Terms.of.use","Brazil","BRA","2004-2014",11
"SPI.D2.2.Terms.of.use","British Virgin Islands","VGB","2004-2023",20
"SPI.D2.2.Terms.of.use","Brunei Darussalam","BRN","2004-2019",16
"SPI.D2.2.Terms.of.use","Bulgaria","BGR","2004-2014",11
"SPI.D2.2.Terms.of.use","Burkina Faso","BFA","2004-2014",11
"SPI.D2.2.Terms.of.use","Burundi","BDI","2004-2014",11
"SPI.D2.2.Terms.of.use","Cabo Verde","CPV","2004-2014",11
"SPI.D2.2.Terms.of.use","Cambodia","KHM","2004-2014",11
"SPI.D2.2.Terms.of.use","Cameroon","CMR","2004-2014",11
"SPI.D2.2.Terms.of.use","Canada","CAN","2004-2015",12
"SPI.D2.2.Terms.of.use","Cayman Islands","CYM","2004-2023",20
"SPI.D2.2.Terms.of.use","Central African Republic","CAF","2004-2021",18
"SPI.D2.2.Terms.of.use","Chad","TCD","2004-2014",11
"SPI.D2.2.Terms.of.use","Channel Islands","CHI","2004-2023",20
"SPI.D2.2.Terms.of.use","Chile","CHL","2004-2014",11
"SPI.D2.2.Terms.of.use","China","CHN","2004-2014",11
"SPI.D2.2.Terms.of.use","Colombia","COL","2004-2014",11
"SPI.D2.2.Terms.of.use","Comoros","COM","2004-2023",20
"SPI.D2.2.Terms.of.use","Congo, Dem. Rep.","COD","2004-2014",11
"SPI.D2.2.Terms.of.use","Congo, Rep.","COG","2004-2014",11
"SPI.D2.2.Terms.of.use","Costa Rica","CRI","2004-2015",12
"SPI.D2.2.Terms.of.use","Cote d'Ivoire","CIV","2004-2014",11
"SPI.D2.2.Terms.of.use","Croatia","HRV","2004-2015",12
"SPI.D2.2.Terms.of.use","Cuba","CUB","2004-2014",11
"SPI.D2.2.Terms.of.use","Curacao","CUW","2004-2023",20
"SPI.D2.2.Terms.of.use","Cyprus","CYP","2004-2015",12
"SPI.D2.2.Terms.of.use","Czechia","CZE","2004-2015",12
"SPI.D2.2.Terms.of.use","Denmark","DNK","2004-2015",12
"SPI.D2.2.Terms.of.use","Djibouti","DJI","2004-2014",11
"SPI.D2.2.Terms.of.use","Dominica","DMA","2004-2019",16
"SPI.D2.2.Terms.of.use","Dominican Republic","DOM","2004-2014",11
"SPI.D2.2.Terms.of.use","Ecuador","ECU","2004-2014",11
"SPI.D2.2.Terms.of.use","Egypt, Arab Rep.","EGY","2004-2014",11
"SPI.D2.2.Terms.of.use","El Salvador","SLV","2004-2014",11
"SPI.D2.2.Terms.of.use","Equatorial Guinea","GNQ","2004-2019",16
"SPI.D2.2.Terms.of.use","Eritrea","ERI","2004-2023",20
"SPI.D2.2.Terms.of.use","Estonia","EST","2004-2015",12
"SPI.D2.2.Terms.of.use","Eswatini","SWZ","2004-2014",11
"SPI.D2.2.Terms.of.use","Ethiopia","ETH","2004-2014",11
"SPI.D2.2.Terms.of.use","Faroe Islands","FRO","2004-2023",20
"SPI.D2.2.Terms.of.use","Fiji","FJI","2004-2014",11
"SPI.D2.2.Terms.of.use","Finland","FIN","2004-2015",12
"SPI.D2.2.Terms.of.use","France","FRA","2004-2015",12
"SPI.D2.2.Terms.of.use","French Polynesia","PYF","2004-2023",20
"SPI.D2.2.Terms.of.use","Gabon","GAB","2004-2014",11
"SPI.D2.2.Terms.of.use","Gambia, The","GMB","2004-2014",11
"SPI.D2.2.Terms.of.use","Georgia","GEO","2004-2014",11
"SPI.D2.2.Terms.of.use","Germany","DEU","2004-2015",12
"SPI.D2.2.Terms.of.use","Ghana","GHA","2004-2014",11
"SPI.D2.2.Terms.of.use","Gibraltar","GIB","2004-2023",20
"SPI.D2.2.Terms.of.use","Greece","GRC","2004-2015",12
"SPI.D2.2.Terms.of.use","Greenland","GRL","2004-2019",16
"SPI.D2.2.Terms.of.use","Grenada","GRD","2004-2021",18
"SPI.D2.2.Terms.of.use","Guam","GUM","2004-2023",20
"SPI.D2.2.Terms.of.use","Guatemala","GTM","2004-2014",11
"SPI.D2.2.Terms.of.use","Guinea","GIN","2004-2014",11
"SPI.D2.2.Terms.of.use","Guinea-Bissau","GNB","2004-2014",11
"SPI.D2.2.Terms.of.use","Guyana","GUY","2004-2014",11
"SPI.D2.2.Terms.of.use","Haiti","HTI","2004-2014",11
"SPI.D2.2.Terms.of.use","Honduras","HND","2004-2014",11
"SPI.D2.2.Terms.of.use","Hong Kong SAR, China","HKG","2004-2015",12
"SPI.D2.2.Terms.of.use","Hungary","HUN","2004-2015",12
"SPI.D2.2.Terms.of.use","Iceland","ISL","2004-2015",12
"SPI.D2.2.Terms.of.use","India","IND","2004-2014",11
"SPI.D2.2.Terms.of.use","Indonesia","IDN","2004-2014",11
"SPI.D2.2.Terms.of.use","Iran, Islamic Rep.","IRN","2004-2014",11
"SPI.D2.2.Terms.of.use","Iraq","IRQ","2004-2015",12
"SPI.D2.2.Terms.of.use","Ireland","IRL","2004-2015",12
"SPI.D2.2.Terms.of.use","Isle of Man","IMN","2004-2023",20
"SPI.D2.2.Terms.of.use","Israel","ISR","2004-2015",12
"SPI.D2.2.Terms.of.use","Italy","ITA","2004-2015",12
"SPI.D2.2.Terms.of.use","Jamaica","JAM","2004-2014",11
"SPI.D2.2.Terms.of.use","Japan","JPN","2004-2015",12
"SPI.D2.2.Terms.of.use","Jordan","JOR","2004-2014",11
"SPI.D2.2.Terms.of.use","Kazakhstan","KAZ","2004-2014",11
"SPI.D2.2.Terms.of.use","Kenya","KEN","2004-2014",11
"SPI.D2.2.Terms.of.use","Kiribati","KIR","2004-2014",11
"SPI.D2.2.Terms.of.use","Korea, Dem. People's Rep.","PRK","2004-2023",20
"SPI.D2.2.Terms.of.use","Korea, Rep.","KOR","2004-2015",12
"SPI.D2.2.Terms.of.use","Kosovo","XKX","2004-2014",11
"SPI.D2.2.Terms.of.use","Kuwait","KWT","2004-2015",12
"SPI.D2.2.Terms.of.use","Kyrgyz Republic","KGZ","2004-2014",11
"SPI.D2.2.Terms.of.use","Lao PDR","LAO","2004-2014",11
"SPI.D2.2.Terms.of.use","Latvia","LVA","2004-2015",12
"SPI.D2.2.Terms.of.use","Lebanon","LBN","2004-2014",11
"SPI.D2.2.Terms.of.use","Lesotho","LSO","2004-2014",11
"SPI.D2.2.Terms.of.use","Liberia","LBR","2004-2014",11
"SPI.D2.2.Terms.of.use","Libya","LBY","2004-2015",12
"SPI.D2.2.Terms.of.use","Liechtenstein","LIE","2004-2016",13
"SPI.D2.2.Terms.of.use","Lithuania","LTU","2004-2015",12
"SPI.D2.2.Terms.of.use","Luxembourg","LUX","2004-2015",12
"SPI.D2.2.Terms.of.use","Macao SAR, China","MAC","2004-2016",13
"SPI.D2.2.Terms.of.use","Madagascar","MDG","2004-2014",11
"SPI.D2.2.Terms.of.use","Malawi","MWI","2004-2014",11
"SPI.D2.2.Terms.of.use","Malaysia","MYS","2004-2014",11
"SPI.D2.2.Terms.of.use","Maldives","MDV","2004-2014",11
"SPI.D2.2.Terms.of.use","Mali","MLI","2004-2014",11
"SPI.D2.2.Terms.of.use","Malta","MLT","2004-2015",12
"SPI.D2.2.Terms.of.use","Marshall Islands","MHL","2004-2014",11
"SPI.D2.2.Terms.of.use","Mauritania","MRT","2004-2014",11
"SPI.D2.2.Terms.of.use","Mauritius","MUS","2004-2014",11
"SPI.D2.2.Terms.of.use","Mexico","MEX","2004-2014",11
"SPI.D2.2.Terms.of.use","Micronesia, Fed. Sts.","FSM","2004-2014",11
"SPI.D2.2.Terms.of.use","Moldova","MDA","2004-2014",11
"SPI.D2.2.Terms.of.use","Monaco","MCO","2004-2021",18
"SPI.D2.2.Terms.of.use","Mongolia","MNG","2004-2014",11
"SPI.D2.2.Terms.of.use","Montenegro","MNE","2004-2014",11
"SPI.D2.2.Terms.of.use","Morocco","MAR","2004-2014",11
"SPI.D2.2.Terms.of.use","Mozambique","MOZ","2004-2014",11
"SPI.D2.2.Terms.of.use","Myanmar","MMR","2004-2015",12
"SPI.D2.2.Terms.of.use","Namibia","NAM","2004-2014",11
"SPI.D2.2.Terms.of.use","Nauru","NRU","2004-2021",18
"SPI.D2.2.Terms.of.use","Nepal","NPL","2004-2014",11
"SPI.D2.2.Terms.of.use","Netherlands","NLD","2004-2015",12
"SPI.D2.2.Terms.of.use","New Caledonia","NCL","2004-2023",20
"SPI.D2.2.Terms.of.use","New Zealand","NZL","2004-2015",12
"SPI.D2.2.Terms.of.use","Nicaragua","NIC","2004-2014",11
"SPI.D2.2.Terms.of.use","Niger","NER","2004-2014",11
"SPI.D2.2.Terms.of.use","Nigeria","NGA","2004-2014",11
"SPI.D2.2.Terms.of.use","North Macedonia","MKD","2004-2014",11
"SPI.D2.2.Terms.of.use","Northern Mariana Islands","MNP","2004-2023",20
"SPI.D2.2.Terms.of.use","Norway","NOR","2004-2015",12
"SPI.D2.2.Terms.of.use","Oman","OMN","2004-2015",12
"SPI.D2.2.Terms.of.use","Pakistan","PAK","2004-2014",11
"SPI.D2.2.Terms.of.use","Palau","PLW","2004-2019",16
"SPI.D2.2.Terms.of.use","Panama","PAN","2004-2014",11
"SPI.D2.2.Terms.of.use","Papua New Guinea","PNG","2004-2014",11
"SPI.D2.2.Terms.of.use","Paraguay","PRY","2004-2014",11
"SPI.D2.2.Terms.of.use","Peru","PER","2004-2014",11
"SPI.D2.2.Terms.of.use","Philippines","PHL","2004-2014",11
"SPI.D2.2.Terms.of.use","Poland","POL","2004-2015",12
"SPI.D2.2.Terms.of.use","Portugal","PRT","2004-2015",12
"SPI.D2.2.Terms.of.use","Puerto Rico","PRI","2004-2023",20
"SPI.D2.2.Terms.of.use","Qatar","QAT","2004-2015",12
"SPI.D2.2.Terms.of.use","Romania","ROU","2004-2014",11
"SPI.D2.2.Terms.of.use","Russian Federation","RUS","2004-2014",11
"SPI.D2.2.Terms.of.use","Rwanda","RWA","2004-2014",11
"SPI.D2.2.Terms.of.use","Samoa","WSM","2004-2014",11
"SPI.D2.2.Terms.of.use","San Marino","SMR","2004-2019",16
"SPI.D2.2.Terms.of.use","Sao Tome and Principe","STP","2004-2014",11
"SPI.D2.2.Terms.of.use","Saudi Arabia","SAU","2004-2014",11
"SPI.D2.2.Terms.of.use","Senegal","SEN","2004-2014",11
"SPI.D2.2.Terms.of.use","Serbia","SRB","2004-2014",11
"SPI.D2.2.Terms.of.use","Seychelles","SYC","2004-2016",13
"SPI.D2.2.Terms.of.use","Sierra Leone","SLE","2004-2014",11
"SPI.D2.2.Terms.of.use","Singapore","SGP","2004-2015",12
"SPI.D2.2.Terms.of.use","Sint Maarten (Dutch part)","SXM","2004-2023",20
"SPI.D2.2.Terms.of.use","Slovak Republic","SVK","2004-2015",12
"SPI.D2.2.Terms.of.use","Slovenia","SVN","2004-2015",12
"SPI.D2.2.Terms.of.use","Solomon Islands","SLB","2004-2014",11
"SPI.D2.2.Terms.of.use","Somalia","SOM","2004-2016",13
"SPI.D2.2.Terms.of.use","South Africa","ZAF","2004-2014",11
"SPI.D2.2.Terms.of.use","South Sudan","SSD","2004-2014",11
"SPI.D2.2.Terms.of.use","Spain","ESP","2004-2015",12
"SPI.D2.2.Terms.of.use","Sri Lanka","LKA","2004-2014",11
"SPI.D2.2.Terms.of.use","St. Kitts and Nevis","KNA","2004-2019",16
"SPI.D2.2.Terms.of.use","St. Lucia","LCA","2004-2014",11
"SPI.D2.2.Terms.of.use","St. Martin (French part)","MAF","2004-2023",20
"SPI.D2.2.Terms.of.use","St. Vincent and the Grenadines","VCT","2004-2014",11
"SPI.D2.2.Terms.of.use","Sudan","SDN","2004-2014",11
"SPI.D2.2.Terms.of.use","Suriname","SUR","2004-2015",12
"SPI.D2.2.Terms.of.use","Sweden","SWE","2004-2015",12
"SPI.D2.2.Terms.of.use","Switzerland","CHE","2004-2015",12
"SPI.D2.2.Terms.of.use","Syrian Arab Republic","SYR","2004-2016",13
"SPI.D2.2.Terms.of.use","Tajikistan","TJK","2004-2014",11
"SPI.D2.2.Terms.of.use","Tanzania","TZA","2004-2014",11
"SPI.D2.2.Terms.of.use","Thailand","THA","2004-2014",11
"SPI.D2.2.Terms.of.use","Timor-Leste","TLS","2004-2014",11
"SPI.D2.2.Terms.of.use","Togo","TGO","2004-2014",11
"SPI.D2.2.Terms.of.use","Tonga","TON","2004-2019",16
"SPI.D2.2.Terms.of.use","Trinidad and Tobago","TTO","2004-2015",12
"SPI.D2.2.Terms.of.use","Tunisia","TUN","2004-2014",11
"SPI.D2.2.Terms.of.use","Turkiye","TUR","2004-2014",11
"SPI.D2.2.Terms.of.use","Turkmenistan","TKM","2004-2014",11
"SPI.D2.2.Terms.of.use","Turks and Caicos Islands","TCA","2004-2023",20
"SPI.D2.2.Terms.of.use","Tuvalu","TUV","2004-2021",18
"SPI.D2.2.Terms.of.use","Uganda","UGA","2004-2014",11
"SPI.D2.2.Terms.of.use","Ukraine","UKR","2004-2014",11
"SPI.D2.2.Terms.of.use","United Arab Emirates","ARE","2004-2015",12
"SPI.D2.2.Terms.of.use","United Kingdom","GBR","2004-2015",12
"SPI.D2.2.Terms.of.use","United States","USA","2004-2015",12
"SPI.D2.2.Terms.of.use","Uruguay","URY","2004-2014",11
"SPI.D2.2.Terms.of.use","Uzbekistan","UZB","2004-2014",11
"SPI.D2.2.Terms.of.use","Vanuatu","VUT","2004-2014",11
"SPI.D2.2.Terms.of.use","Venezuela, RB","VEN","2004-2014",11
"SPI.D2.2.Terms.of.use","Viet Nam","VNM","2004-2014",11
"SPI.D2.2.Terms.of.use","Virgin Islands (U.S.)","VIR","2004-2023",20
"SPI.D2.2.Terms.of.use","West Bank and Gaza","PSE","2004-2014",11
"SPI.D2.2.Terms.of.use","Yemen, Rep.","YEM","2004-2014",11
"SPI.D2.2.Terms.of.use","Zambia","ZMB","2004-2014",11
"SPI.D2.2.Terms.of.use","Zimbabwe","ZWE","2004-2014",11
"SPI.D2.4.NADA","Afghanistan","AFG","2004-2015",12
"SPI.D2.4.NADA","Albania","ALB","2004-2015",12
"SPI.D2.4.NADA","Algeria","DZA","2004-2015",12
"SPI.D2.4.NADA","American Samoa","ASM","2004-2023",20
"SPI.D2.4.NADA","Andorra","AND","2004-2018",15
"SPI.D2.4.NADA","Angola","AGO","2004-2015",12
"SPI.D2.4.NADA","Antigua and Barbuda","ATG","2004-2015",12
"SPI.D2.4.NADA","Argentina","ARG","2004-2015",12
"SPI.D2.4.NADA","Armenia","ARM","2004-2015",12
"SPI.D2.4.NADA","Aruba","ABW","2004-2023",20
"SPI.D2.4.NADA","Australia","AUS","2004-2015",12
"SPI.D2.4.NADA","Austria","AUT","2004-2015",12
"SPI.D2.4.NADA","Azerbaijan","AZE","2004-2015",12
"SPI.D2.4.NADA","Bahamas, The","BHS","2004-2015",12
"SPI.D2.4.NADA","Bahrain","BHR","2004-2015",12
"SPI.D2.4.NADA","Bangladesh","BGD","2004-2015",12
"SPI.D2.4.NADA","Barbados","BRB","2004-2015",12
"SPI.D2.4.NADA","Belarus","BLR","2004-2015",12
"SPI.D2.4.NADA","Belgium","BEL","2004-2015",12
"SPI.D2.4.NADA","Belize","BLZ","2004-2015",12
"SPI.D2.4.NADA","Benin","BEN","2004-2015",12
"SPI.D2.4.NADA","Bermuda","BMU","2004-2023",20
"SPI.D2.4.NADA","Bhutan","BTN","2004-2015",12
"SPI.D2.4.NADA","Bolivia","BOL","2004-2015",12
"SPI.D2.4.NADA","Bosnia and Herzegovina","BIH","2004-2015",12
"SPI.D2.4.NADA","Botswana","BWA","2004-2015",12
"SPI.D2.4.NADA","Brazil","BRA","2004-2015",12
"SPI.D2.4.NADA","British Virgin Islands","VGB","2004-2023",20
"SPI.D2.4.NADA","Brunei Darussalam","BRN","2004-2015",12
"SPI.D2.4.NADA","Bulgaria","BGR","2004-2015",12
"SPI.D2.4.NADA","Burkina Faso","BFA","2004-2015",12
"SPI.D2.4.NADA","Burundi","BDI","2004-2015",12
"SPI.D2.4.NADA","Cabo Verde","CPV","2004-2015",12
"SPI.D2.4.NADA","Cambodia","KHM","2004-2015",12
"SPI.D2.4.NADA","Cameroon","CMR","2004-2015",12
"SPI.D2.4.NADA","Canada","CAN","2004-2015",12
"SPI.D2.4.NADA","Cayman Islands","CYM","2004-2023",20
"SPI.D2.4.NADA","Central African Republic","CAF","2004-2015",12
"SPI.D2.4.NADA","Chad","TCD","2004-2015",12
"SPI.D2.4.NADA","Channel Islands","CHI","2004-2023",20
"SPI.D2.4.NADA","Chile","CHL","2004-2015",12
"SPI.D2.4.NADA","China","CHN","2004-2015",12
"SPI.D2.4.NADA","Colombia","COL","2004-2015",12
"SPI.D2.4.NADA","Comoros","COM","2004-2015",12
"SPI.D2.4.NADA","Congo, Dem. Rep.","COD","2004-2015",12
"SPI.D2.4.NADA","Congo, Rep.","COG","2004-2015",12
"SPI.D2.4.NADA","Costa Rica","CRI","2004-2015",12
"SPI.D2.4.NADA","Cote d'Ivoire","CIV","2004-2015",12
"SPI.D2.4.NADA","Croatia","HRV","2004-2015",12
"SPI.D2.4.NADA","Cuba","CUB","2004-2023",20
"SPI.D2.4.NADA","Curacao","CUW","2004-2023",20
"SPI.D2.4.NADA","Cyprus","CYP","2004-2015",12
"SPI.D2.4.NADA","Czechia","CZE","2004-2015",12
"SPI.D2.4.NADA","Denmark","DNK","2004-2015",12
"SPI.D2.4.NADA","Djibouti","DJI","2004-2015",12
"SPI.D2.4.NADA","Dominica","DMA","2004-2015",12
"SPI.D2.4.NADA","Dominican Republic","DOM","2004-2015",12
"SPI.D2.4.NADA","Ecuador","ECU","2004-2015",12
"SPI.D2.4.NADA","Egypt, Arab Rep.","EGY","2004-2015",12
"SPI.D2.4.NADA","El Salvador","SLV","2004-2015",12
"SPI.D2.4.NADA","Equatorial Guinea","GNQ","2004-2015",12
"SPI.D2.4.NADA","Eritrea","ERI","2004-2015",12
"SPI.D2.4.NADA","Estonia","EST","2004-2015",12
"SPI.D2.4.NADA","Eswatini","SWZ","2004-2015",12
"SPI.D2.4.NADA","Ethiopia","ETH","2004-2015",12
"SPI.D2.4.NADA","Faroe Islands","FRO","2004-2023",20
"SPI.D2.4.NADA","Fiji","FJI","2004-2015",12
"SPI.D2.4.NADA","Finland","FIN","2004-2015",12
"SPI.D2.4.NADA","France","FRA","2004-2015",12
"SPI.D2.4.NADA","French Polynesia","PYF","2004-2023",20
"SPI.D2.4.NADA","Gabon","GAB","2004-2015",12
"SPI.D2.4.NADA","Gambia, The","GMB","2004-2015",12
"SPI.D2.4.NADA","Georgia","GEO","2004-2015",12
"SPI.D2.4.NADA","Germany","DEU","2004-2015",12
"SPI.D2.4.NADA","Ghana","GHA","2004-2015",12
"SPI.D2.4.NADA","Gibraltar","GIB","2004-2023",20
"SPI.D2.4.NADA","Greece","GRC","2004-2015",12
"SPI.D2.4.NADA","Greenland","GRL","2004-2023",20
"SPI.D2.4.NADA","Grenada","GRD","2004-2015",12
"SPI.D2.4.NADA","Guam","GUM","2004-2023",20
"SPI.D2.4.NADA","Guatemala","GTM","2004-2015",12
"SPI.D2.4.NADA","Guinea","GIN","2004-2015",12
"SPI.D2.4.NADA","Guinea-Bissau","GNB","2004-2015",12
"SPI.D2.4.NADA","Guyana","GUY","2004-2015",12
"SPI.D2.4.NADA","Haiti","HTI","2004-2015",12
"SPI.D2.4.NADA","Honduras","HND","2004-2015",12
"SPI.D2.4.NADA","Hong Kong SAR, China","HKG","2004-2023",20
"SPI.D2.4.NADA","Hungary","HUN","2004-2015",12
"SPI.D2.4.NADA","Iceland","ISL","2004-2015",12
"SPI.D2.4.NADA","India","IND","2004-2015",12
"SPI.D2.4.NADA","Indonesia","IDN","2004-2015",12
"SPI.D2.4.NADA","Iran, Islamic Rep.","IRN","2004-2015",12
"SPI.D2.4.NADA","Iraq","IRQ","2004-2015",12
"SPI.D2.4.NADA","Ireland","IRL","2004-2015",12
"SPI.D2.4.NADA","Isle of Man","IMN","2004-2023",20
"SPI.D2.4.NADA","Israel","ISR","2004-2015",12
"SPI.D2.4.NADA","Italy","ITA","2004-2015",12
"SPI.D2.4.NADA","Jamaica","JAM","2004-2015",12
"SPI.D2.4.NADA","Japan","JPN","2004-2015",12
"SPI.D2.4.NADA","Jordan","JOR","2004-2015",12
"SPI.D2.4.NADA","Kazakhstan","KAZ","2004-2015",12
"SPI.D2.4.NADA","Kenya","KEN","2004-2015",12
"SPI.D2.4.NADA","Kiribati","KIR","2004-2015",12
"SPI.D2.4.NADA","Korea, Dem. People's Rep.","PRK","2004-2023",20
"SPI.D2.4.NADA","Korea, Rep.","KOR","2004-2015",12
"SPI.D2.4.NADA","Kosovo","XKX","2004-2015",12
"SPI.D2.4.NADA","Kuwait","KWT","2004-2015",12
"SPI.D2.4.NADA","Kyrgyz Republic","KGZ","2004-2015",12
"SPI.D2.4.NADA","Lao PDR","LAO","2004-2015",12
"SPI.D2.4.NADA","Latvia","LVA","2004-2015",12
"SPI.D2.4.NADA","Lebanon","LBN","2004-2015",12
"SPI.D2.4.NADA","Lesotho","LSO","2004-2015",12
"SPI.D2.4.NADA","Liberia","LBR","2004-2015",12
"SPI.D2.4.NADA","Libya","LBY","2004-2015",12
"SPI.D2.4.NADA","Liechtenstein","LIE","2004-2023",20
"SPI.D2.4.NADA","Lithuania","LTU","2004-2015",12
"SPI.D2.4.NADA","Luxembourg","LUX","2004-2015",12
"SPI.D2.4.NADA","Macao SAR, China","MAC","2004-2023",20
"SPI.D2.4.NADA","Madagascar","MDG","2004-2015",12
"SPI.D2.4.NADA","Malawi","MWI","2004-2015",12
"SPI.D2.4.NADA","Malaysia","MYS","2004-2015",12
"SPI.D2.4.NADA","Maldives","MDV","2004-2015",12
"SPI.D2.4.NADA","Mali","MLI","2004-2015",12
"SPI.D2.4.NADA","Malta","MLT","2004-2015",12
"SPI.D2.4.NADA","Marshall Islands","MHL","2004-2015",12
"SPI.D2.4.NADA","Mauritania","MRT","2004-2015",12
"SPI.D2.4.NADA","Mauritius","MUS","2004-2015",12
"SPI.D2.4.NADA","Mexico","MEX","2004-2015",12
"SPI.D2.4.NADA","Micronesia, Fed. Sts.","FSM","2004-2015",12
"SPI.D2.4.NADA","Moldova","MDA","2004-2015",12
"SPI.D2.4.NADA","Monaco","MCO","2004-2023",20
"SPI.D2.4.NADA","Mongolia","MNG","2004-2015",12
"SPI.D2.4.NADA","Montenegro","MNE","2004-2015",12
"SPI.D2.4.NADA","Morocco","MAR","2004-2015",12
"SPI.D2.4.NADA","Mozambique","MOZ","2004-2015",12
"SPI.D2.4.NADA","Myanmar","MMR","2004-2015",12
"SPI.D2.4.NADA","Namibia","NAM","2004-2015",12
"SPI.D2.4.NADA","Nauru","NRU","2004-2015",12
"SPI.D2.4.NADA","Nepal","NPL","2004-2015",12
"SPI.D2.4.NADA","Netherlands","NLD","2004-2015",12
"SPI.D2.4.NADA","New Caledonia","NCL","2004-2023",20
"SPI.D2.4.NADA","New Zealand","NZL","2004-2015",12
"SPI.D2.4.NADA","Nicaragua","NIC","2004-2015",12
"SPI.D2.4.NADA","Niger","NER","2004-2015",12
"SPI.D2.4.NADA","Nigeria","NGA","2004-2015",12
"SPI.D2.4.NADA","North Macedonia","MKD","2004-2015",12
"SPI.D2.4.NADA","Northern Mariana Islands","MNP","2004-2023",20
"SPI.D2.4.NADA","Norway","NOR","2004-2015",12
"SPI.D2.4.NADA","Oman","OMN","2004-2015",12
"SPI.D2.4.NADA","Pakistan","PAK","2004-2015",12
"SPI.D2.4.NADA","Palau","PLW","2004-2015",12
"SPI.D2.4.NADA","Panama","PAN","2004-2015",12
"SPI.D2.4.NADA","Papua New Guinea","PNG","2004-2015",12
"SPI.D2.4.NADA","Paraguay","PRY","2004-2015",12
"SPI.D2.4.NADA","Peru","PER","2004-2015",12
"SPI.D2.4.NADA","Philippines","PHL","2004-2015",12
"SPI.D2.4.NADA","Poland","POL","2004-2015",12
"SPI.D2.4.NADA","Portugal","PRT","2004-2015",12
"SPI.D2.4.NADA","Puerto Rico","PRI","2004-2023",20
"SPI.D2.4.NADA","Qatar","QAT","2004-2015",12
"SPI.D2.4.NADA","Romania","ROU","2004-2015",12
"SPI.D2.4.NADA","Russian Federation","RUS","2004-2015",12
"SPI.D2.4.NADA","Rwanda","RWA","2004-2015",12
"SPI.D2.4.NADA","Samoa","WSM","2004-2015",12
"SPI.D2.4.NADA","San Marino","SMR","2004-2015",12
"SPI.D2.4.NADA","Sao Tome and Principe","STP","2004-2015",12
"SPI.D2.4.NADA","Saudi Arabia","SAU","2004-2015",12
"SPI.D2.4.NADA","Senegal","SEN","2004-2015",12
"SPI.D2.4.NADA","Serbia","SRB","2004-2015",12
"SPI.D2.4.NADA","Seychelles","SYC","2004-2015",12
"SPI.D2.4.NADA","Sierra Leone","SLE","2004-2015",12
"SPI.D2.4.NADA","Singapore","SGP","2004-2015",12
"SPI.D2.4.NADA","Sint Maarten (Dutch part)","SXM","2004-2023",20
"SPI.D2.4.NADA","Slovak Republic","SVK","2004-2015",12
"SPI.D2.4.NADA","Slovenia","SVN","2004-2015",12
"SPI.D2.4.NADA","Solomon Islands","SLB","2004-2015",12
"SPI.D2.4.NADA","Somalia","SOM","2004-2015",12
"SPI.D2.4.NADA","South Africa","ZAF","2004-2015",12
"SPI.D2.4.NADA","South Sudan","SSD","2004-2015",12
"SPI.D2.4.NADA","Spain","ESP","2004-2015",12
"SPI.D2.4.NADA","Sri Lanka","LKA","2004-2015",12
"SPI.D2.4.NADA","St. Kitts and Nevis","KNA","2004-2015",12
"SPI.D2.4.NADA","St. Lucia","LCA","2004-2015",12
"SPI.D2.4.NADA","St. Martin (French part)","MAF","2004-2023",20
"SPI.D2.4.NADA","St. Vincent and the Grenadines","VCT","2004-2015",12
"SPI.D2.4.NADA","Sudan","SDN","2004-2015",12
"SPI.D2.4.NADA","Suriname","SUR","2004-2015",12
"SPI.D2.4.NADA","Sweden","SWE","2004-2015",12
"SPI.D2.4.NADA","Switzerland","CHE","2004-2015",12
"SPI.D2.4.NADA","Syrian Arab Republic","SYR","2004-2015",12
"SPI.D2.4.NADA","Tajikistan","TJK","2004-2015",12
"SPI.D2.4.NADA","Tanzania","TZA","2004-2015",12
"SPI.D2.4.NADA","Thailand","THA","2004-2015",12
"SPI.D2.4.NADA","Timor-Leste","TLS","2004-2015",12
"SPI.D2.4.NADA","Togo","TGO","2004-2015",12
"SPI.D2.4.NADA","Tonga","TON","2004-2015",12
"SPI.D2.4.NADA","Trinidad and Tobago","TTO","2004-2015",12
"SPI.D2.4.NADA","Tunisia","TUN","2004-2015",12
"SPI.D2.4.NADA","Turkiye","TUR","2004-2015",12
"SPI.D2.4.NADA","Turkmenistan","TKM","2004-2015",12
"SPI.D2.4.NADA","Turks and Caicos Islands","TCA","2004-2023",20
"SPI.D2.4.NADA","Tuvalu","TUV","2004-2015",12
"SPI.D2.4.NADA","Uganda","UGA","2004-2015",12
"SPI.D2.4.NADA","Ukraine","UKR","2004-2015",12
"SPI.D2.4.NADA","United Arab Emirates","ARE","2004-2015",12
"SPI.D2.4.NADA","United Kingdom","GBR","2004-2015",12
"SPI.D2.4.NADA","United States","USA","2004-2015",12
"SPI.D2.4.NADA","Uruguay","URY","2004-2015",12
"SPI.D2.4.NADA","Uzbekistan","UZB","2004-2015",12
"SPI.D2.4.NADA","Vanuatu","VUT","2004-2015",12
"SPI.D2.4.NADA","Venezuela, RB","VEN","2004-2015",12
"SPI.D2.4.NADA","Viet Nam","VNM","2004-2015",12
"SPI.D2.4.NADA","Virgin Islands (U.S.)","VIR","2004-2023",20
"SPI.D2.4.NADA","West Bank and Gaza","PSE","2004-2015",12
"SPI.D2.4.NADA","Yemen, Rep.","YEM","2004-2015",12
"SPI.D2.4.NADA","Zambia","ZMB","2004-2015",12
"SPI.D2.4.NADA","Zimbabwe","ZWE","2004-2015",12
"SPI.D3.1.POV","Channel Islands","CHI","2004-2023",20
"SPI.D3.1.POV","Kosovo","XKX","2004-2023",20
"SPI.D3.10.NEQL","Channel Islands","CHI","2004-2023",20
"SPI.D3.10.NEQL","Kosovo","XKX","2004-2023",20
"SPI.D3.11.CITY","Channel Islands","CHI","2004-2023",20
"SPI.D3.11.CITY","Kosovo","XKX","2004-2023",20
"SPI.D3.12.CNSP","Channel Islands","CHI","2004-2023",20
"SPI.D3.12.CNSP","Kosovo","XKX","2004-2023",20
"SPI.D3.13.CLMT","Afghanistan","AFG","2004",1
"SPI.D3.13.CLMT","Albania","ALB","2004",1
"SPI.D3.13.CLMT","Algeria","DZA","2004",1
"SPI.D3.13.CLMT","American Samoa","ASM","2004",1
"SPI.D3.13.CLMT","Andorra","AND","2004",1
"SPI.D3.13.CLMT","Angola","AGO","2004",1
"SPI.D3.13.CLMT","Antigua and Barbuda","ATG","2004",1
"SPI.D3.13.CLMT","Argentina","ARG","2004",1
"SPI.D3.13.CLMT","Armenia","ARM","2004",1
"SPI.D3.13.CLMT","Aruba","ABW","2004",1
"SPI.D3.13.CLMT","Australia","AUS","2004",1
"SPI.D3.13.CLMT","Austria","AUT","2004",1
"SPI.D3.13.CLMT","Azerbaijan","AZE","2004",1
"SPI.D3.13.CLMT","Bahamas, The","BHS","2004",1
"SPI.D3.13.CLMT","Bahrain","BHR","2004",1
"SPI.D3.13.CLMT","Bangladesh","BGD","2004",1
"SPI.D3.13.CLMT","Barbados","BRB","2004",1
"SPI.D3.13.CLMT","Belarus","BLR","2004",1
"SPI.D3.13.CLMT","Belgium","BEL","2004",1
"SPI.D3.13.CLMT","Belize","BLZ","2004",1
"SPI.D3.13.CLMT","Benin","BEN","2004",1
"SPI.D3.13.CLMT","Bermuda","BMU","2004",1
"SPI.D3.13.CLMT","Bhutan","BTN","2004",1
"SPI.D3.13.CLMT","Bolivia","BOL","2004",1
"SPI.D3.13.CLMT","Bosnia and Herzegovina","BIH","2004",1
"SPI.D3.13.CLMT","Botswana","BWA","2004",1
"SPI.D3.13.CLMT","Brazil","BRA","2004",1
"SPI.D3.13.CLMT","British Virgin Islands","VGB","2004",1
"SPI.D3.13.CLMT","Brunei Darussalam","BRN","2004",1
"SPI.D3.13.CLMT","Bulgaria","BGR","2004",1
"SPI.D3.13.CLMT","Burkina Faso","BFA","2004",1
"SPI.D3.13.CLMT","Burundi","BDI","2004",1
"SPI.D3.13.CLMT","Cabo Verde","CPV","2004",1
"SPI.D3.13.CLMT","Cambodia","KHM","2004",1
"SPI.D3.13.CLMT","Cameroon","CMR","2004",1
"SPI.D3.13.CLMT","Canada","CAN","2004",1
"SPI.D3.13.CLMT","Cayman Islands","CYM","2004",1
"SPI.D3.13.CLMT","Central African Republic","CAF","2004",1
"SPI.D3.13.CLMT","Chad","TCD","2004",1
"SPI.D3.13.CLMT","Channel Islands","CHI","2004-2023",20
"SPI.D3.13.CLMT","Chile","CHL","2004",1
"SPI.D3.13.CLMT","China","CHN","2004",1
"SPI.D3.13.CLMT","Colombia","COL","2004",1
"SPI.D3.13.CLMT","Comoros","COM","2004",1
"SPI.D3.13.CLMT","Congo, Dem. Rep.","COD","2004",1
"SPI.D3.13.CLMT","Congo, Rep.","COG","2004",1
"SPI.D3.13.CLMT","Costa Rica","CRI","2004",1
"SPI.D3.13.CLMT","Cote d'Ivoire","CIV","2004",1
"SPI.D3.13.CLMT","Croatia","HRV","2004",1
"SPI.D3.13.CLMT","Cuba","CUB","2004",1
"SPI.D3.13.CLMT","Curacao","CUW","2004",1
"SPI.D3.13.CLMT","Cyprus","CYP","2004",1
"SPI.D3.13.CLMT","Czechia","CZE","2004",1
"SPI.D3.13.CLMT","Denmark","DNK","2004",1
"SPI.D3.13.CLMT","Djibouti","DJI","2004",1
"SPI.D3.13.CLMT","Dominica","DMA","2004",1
"SPI.D3.13.CLMT","Dominican Republic","DOM","2004",1
"SPI.D3.13.CLMT","Ecuador","ECU","2004",1
"SPI.D3.13.CLMT","Egypt, Arab Rep.","EGY","2004",1
"SPI.D3.13.CLMT","El Salvador","SLV","2004",1
"SPI.D3.13.CLMT","Equatorial Guinea","GNQ","2004",1
"SPI.D3.13.CLMT","Eritrea","ERI","2004",1
"SPI.D3.13.CLMT","Estonia","EST","2004",1
"SPI.D3.13.CLMT","Eswatini","SWZ","2004",1
"SPI.D3.13.CLMT","Ethiopia","ETH","2004",1
"SPI.D3.13.CLMT","Faroe Islands","FRO","2004",1
"SPI.D3.13.CLMT","Fiji","FJI","2004",1
"SPI.D3.13.CLMT","Finland","FIN","2004",1
"SPI.D3.13.CLMT","France","FRA","2004",1
"SPI.D3.13.CLMT","French Polynesia","PYF","2004",1
"SPI.D3.13.CLMT","Gabon","GAB","2004",1
"SPI.D3.13.CLMT","Gambia, The","GMB","2004",1
"SPI.D3.13.CLMT","Georgia","GEO","2004",1
"SPI.D3.13.CLMT","Germany","DEU","2004",1
"SPI.D3.13.CLMT","Ghana","GHA","2004",1
"SPI.D3.13.CLMT","Gibraltar","GIB","2004",1
"SPI.D3.13.CLMT","Greece","GRC","2004",1
"SPI.D3.13.CLMT","Greenland","GRL","2004",1
"SPI.D3.13.CLMT","Grenada","GRD","2004",1
"SPI.D3.13.CLMT","Guam","GUM","2004",1
"SPI.D3.13.CLMT","Guatemala","GTM","2004",1
"SPI.D3.13.CLMT","Guinea","GIN","2004",1
"SPI.D3.13.CLMT","Guinea-Bissau","GNB","2004",1
"SPI.D3.13.CLMT","Guyana","GUY","2004",1
"SPI.D3.13.CLMT","Haiti","HTI","2004",1
"SPI.D3.13.CLMT","Honduras","HND","2004",1
"SPI.D3.13.CLMT","Hong Kong SAR, China","HKG","2004",1
"SPI.D3.13.CLMT","Hungary","HUN","2004",1
"SPI.D3.13.CLMT","Iceland","ISL","2004",1
"SPI.D3.13.CLMT","India","IND","2004",1
"SPI.D3.13.CLMT","Indonesia","IDN","2004",1
"SPI.D3.13.CLMT","Iran, Islamic Rep.","IRN","2004",1
"SPI.D3.13.CLMT","Iraq","IRQ","2004",1
"SPI.D3.13.CLMT","Ireland","IRL","2004",1
"SPI.D3.13.CLMT","Isle of Man","IMN","2004",1
"SPI.D3.13.CLMT","Israel","ISR","2004",1
"SPI.D3.13.CLMT","Italy","ITA","2004",1
"SPI.D3.13.CLMT","Jamaica","JAM","2004",1
"SPI.D3.13.CLMT","Japan","JPN","2004",1
"SPI.D3.13.CLMT","Jordan","JOR","2004",1
"SPI.D3.13.CLMT","Kazakhstan","KAZ","2004",1
"SPI.D3.13.CLMT","Kenya","KEN","2004",1
"SPI.D3.13.CLMT","Kiribati","KIR","2004",1
"SPI.D3.13.CLMT","Korea, Dem. People's Rep.","PRK","2004",1
"SPI.D3.13.CLMT","Korea, Rep.","KOR","2004",1
"SPI.D3.13.CLMT","Kosovo","XKX","2004-2023",20
"SPI.D3.13.CLMT","Kuwait","KWT","2004",1
"SPI.D3.13.CLMT","Kyrgyz Republic","KGZ","2004",1
"SPI.D3.13.CLMT","Lao PDR","LAO","2004",1
"SPI.D3.13.CLMT","Latvia","LVA","2004",1
"SPI.D3.13.CLMT","Lebanon","LBN","2004",1
"SPI.D3.13.CLMT","Lesotho","LSO","2004",1
"SPI.D3.13.CLMT","Liberia","LBR","2004",1
"SPI.D3.13.CLMT","Libya","LBY","2004",1
"SPI.D3.13.CLMT","Liechtenstein","LIE","2004",1
"SPI.D3.13.CLMT","Lithuania","LTU","2004",1
"SPI.D3.13.CLMT","Luxembourg","LUX","2004",1
"SPI.D3.13.CLMT","Macao SAR, China","MAC","2004",1
"SPI.D3.13.CLMT","Madagascar","MDG","2004",1
"SPI.D3.13.CLMT","Malawi","MWI","2004",1
"SPI.D3.13.CLMT","Malaysia","MYS","2004",1
"SPI.D3.13.CLMT","Maldives","MDV","2004",1
"SPI.D3.13.CLMT","Mali","MLI","2004",1
"SPI.D3.13.CLMT","Malta","MLT","2004",1
"SPI.D3.13.CLMT","Marshall Islands","MHL","2004",1
"SPI.D3.13.CLMT","Mauritania","MRT","2004",1
"SPI.D3.13.CLMT","Mauritius","MUS","2004",1
"SPI.D3.13.CLMT","Mexico","MEX","2004",1
"SPI.D3.13.CLMT","Micronesia, Fed. Sts.","FSM","2004",1
"SPI.D3.13.CLMT","Moldova","MDA","2004",1
"SPI.D3.13.CLMT","Monaco","MCO","2004",1
"SPI.D3.13.CLMT","Mongolia","MNG","2004",1
"SPI.D3.13.CLMT","Montenegro","MNE","2004",1
"SPI.D3.13.CLMT","Morocco","MAR","2004",1
"SPI.D3.13.CLMT","Mozambique","MOZ","2004",1
"SPI.D3.13.CLMT","Myanmar","MMR","2004",1
"SPI.D3.13.CLMT","Namibia","NAM","2004",1
"SPI.D3.13.CLMT","Nauru","NRU","2004",1
"SPI.D3.13.CLMT","Nepal","NPL","2004",1
"SPI.D3.13.CLMT","Netherlands","NLD","2004",1
"SPI.D3.13.CLMT","New Caledonia","NCL","2004",1
"SPI.D3.13.CLMT","New Zealand","NZL","2004",1
"SPI.D3.13.CLMT","Nicaragua","NIC","2004",1
"SPI.D3.13.CLMT","Niger","NER","2004",1
"SPI.D3.13.CLMT","Nigeria","NGA","2004",1
"SPI.D3.13.CLMT","North Macedonia","MKD","2004",1
"SPI.D3.13.CLMT","Northern Mariana Islands","MNP","2004",1
"SPI.D3.13.CLMT","Norway","NOR","2004",1
"SPI.D3.13.CLMT","Oman","OMN","2004",1
"SPI.D3.13.CLMT","Pakistan","PAK","2004",1
"SPI.D3.13.CLMT","Palau","PLW","2004",1
"SPI.D3.13.CLMT","Panama","PAN","2004",1
"SPI.D3.13.CLMT","Papua New Guinea","PNG","2004",1
"SPI.D3.13.CLMT","Paraguay","PRY","2004",1
"SPI.D3.13.CLMT","Peru","PER","2004",1
"SPI.D3.13.CLMT","Philippines","PHL","2004",1
"SPI.D3.13.CLMT","Poland","POL","2004",1
"SPI.D3.13.CLMT","Portugal","PRT","2004",1
"SPI.D3.13.CLMT","Puerto Rico","PRI","2004",1
"SPI.D3.13.CLMT","Qatar","QAT","2004",1
"SPI.D3.13.CLMT","Romania","ROU","2004",1
"SPI.D3.13.CLMT","Russian Federation","RUS","2004",1
"SPI.D3.13.CLMT","Rwanda","RWA","2004",1
"SPI.D3.13.CLMT","Samoa","WSM","2004",1
"SPI.D3.13.CLMT","San Marino","SMR","2004",1
"SPI.D3.13.CLMT","Sao Tome and Principe","STP","2004",1
"SPI.D3.13.CLMT","Saudi Arabia","SAU","2004",1
"SPI.D3.13.CLMT","Senegal","SEN","2004",1
"SPI.D3.13.CLMT","Serbia","SRB","2004",1
"SPI.D3.13.CLMT","Seychelles","SYC","2004",1
"SPI.D3.13.CLMT","Sierra Leone","SLE","2004",1
"SPI.D3.13.CLMT","Singapore","SGP","2004",1
"SPI.D3.13.CLMT","Sint Maarten (Dutch part)","SXM","2004",1
"SPI.D3.13.CLMT","Slovak Republic","SVK","2004",1
"SPI.D3.13.CLMT","Slovenia","SVN","2004",1
"SPI.D3.13.CLMT","Solomon Islands","SLB","2004",1
"SPI.D3.13.CLMT","Somalia","SOM","2004",1
"SPI.D3.13.CLMT","South Africa","ZAF","2004",1
"SPI.D3.13.CLMT","South Sudan","SSD","2004",1
"SPI.D3.13.CLMT","Spain","ESP","2004",1
"SPI.D3.13.CLMT","Sri Lanka","LKA","2004",1
"SPI.D3.13.CLMT","St. Kitts and Nevis","KNA","2004",1
"SPI.D3.13.CLMT","St. Lucia","LCA","2004",1
"SPI.D3.13.CLMT","St. Martin (French part)","MAF","2004",1
"SPI.D3.13.CLMT","St. Vincent and the Grenadines","VCT","2004",1
"SPI.D3.13.CLMT","Sudan","SDN","2004",1
"SPI.D3.13.CLMT","Suriname","SUR","2004",1
"SPI.D3.13.CLMT","Sweden","SWE","2004",1
"SPI.D3.13.CLMT","Switzerland","CHE","2004",1
"SPI.D3.13.CLMT","Syrian Arab Republic","SYR","2004",1
"SPI.D3.13.CLMT","Tajikistan","TJK","2004",1
"SPI.D3.13.CLMT","Tanzania","TZA","2004",1
"SPI.D3.13.CLMT","Thailand","THA","2004",1
"SPI.D3.13.CLMT","Timor-Leste","TLS","2004",1
"SPI.D3.13.CLMT","Togo","TGO","2004",1
"SPI.D3.13.CLMT","Tonga","TON","2004",1
"SPI.D3.13.CLMT","Trinidad and Tobago","TTO","2004",1
"SPI.D3.13.CLMT","Tunisia","TUN","2004",1
"SPI.D3.13.CLMT","Turkiye","TUR","2004",1
"SPI.D3.13.CLMT","Turkmenistan","TKM","2004",1
"SPI.D3.13.CLMT","Turks and Caicos Islands","TCA","2004",1
"SPI.D3.13.CLMT","Tuvalu","TUV","2004",1
"SPI.D3.13.CLMT","Uganda","UGA","2004",1
"SPI.D3.13.CLMT","Ukraine","UKR","2004",1
"SPI.D3.13.CLMT","United Arab Emirates","ARE","2004",1
"SPI.D3.13.CLMT","United Kingdom","GBR","2004",1
"SPI.D3.13.CLMT","United States","USA","2004",1
"SPI.D3.13.CLMT","Uruguay","URY","2004",1
"SPI.D3.13.CLMT","Uzbekistan","UZB","2004",1
"SPI.D3.13.CLMT","Vanuatu","VUT","2004",1
"SPI.D3.13.CLMT","Venezuela, RB","VEN","2004",1
"SPI.D3.13.CLMT","Viet Nam","VNM","2004",1
"SPI.D3.13.CLMT","Virgin Islands (U.S.)","VIR","2004",1
"SPI.D3.13.CLMT","West Bank and Gaza","PSE","2004",1
"SPI.D3.13.CLMT","Yemen, Rep.","YEM","2004",1
"SPI.D3.13.CLMT","Zambia","ZMB","2004",1
"SPI.D3.13.CLMT","Zimbabwe","ZWE","2004",1
"SPI.D3.15.LAND","Channel Islands","CHI","2004-2023",20
"SPI.D3.15.LAND","Kosovo","XKX","2004-2023",20
"SPI.D3.16.INST","Channel Islands","CHI","2004-2023",20
"SPI.D3.16.INST","Kosovo","XKX","2004-2023",20
"SPI.D3.17.PTNS","Channel Islands","CHI","2004-2023",20
"SPI.D3.17.PTNS","Kosovo","XKX","2004-2023",20
"SPI.D3.2.HNGR","Channel Islands","CHI","2004-2023",20
"SPI.D3.2.HNGR","Kosovo","XKX","2004-2023",20
"SPI.D3.3.HLTH","Channel Islands","CHI","2004-2023",20
"SPI.D3.3.HLTH","Kosovo","XKX","2004-2023",20
"SPI.D3.4.EDUC","Channel Islands","CHI","2004-2023",20
"SPI.D3.4.EDUC","Kosovo","XKX","2004-2023",20
"SPI.D3.5.GEND","Channel Islands","CHI","2004-2023",20
"SPI.D3.5.GEND","Kosovo","XKX","2004-2023",20
"SPI.D3.6.WTRS","Channel Islands","CHI","2004-2023",20
"SPI.D3.6.WTRS","Kosovo","XKX","2004-2023",20
"SPI.D3.7.ENRG","Channel Islands","CHI","2004-2023",20
"SPI.D3.7.ENRG","Kosovo","XKX","2004-2023",20
"SPI.D3.8.WORK","Channel Islands","CHI","2004-2023",20
"SPI.D3.8.WORK","Kosovo","XKX","2004-2023",20
"SPI.D3.9.INDY","Channel Islands","CHI","2004-2023",20
"SPI.D3.9.INDY","Kosovo","XKX","2004-2023",20
"SPI.D4.1.1.POPU","American Samoa","ASM","2004-2023",20
"SPI.D4.1.1.POPU","Aruba","ABW","2004-2023",20
"SPI.D4.1.1.POPU","Bermuda","BMU","2004-2023",20
"SPI.D4.1.1.POPU","British Virgin Islands","VGB","2004-2023",20
"SPI.D4.1.1.POPU","Cayman Islands","CYM","2004-2023",20
"SPI.D4.1.1.POPU","Channel Islands","CHI","2004-2023",20
"SPI.D4.1.1.POPU","Curacao","CUW","2004-2023",20
"SPI.D4.1.1.POPU","Faroe Islands","FRO","2004-2023",20
"SPI.D4.1.1.POPU","French Polynesia","PYF","2004-2023",20
"SPI.D4.1.1.POPU","Gibraltar","GIB","2004-2023",20
"SPI.D4.1.1.POPU","Greenland","GRL","2004-2023",20
"SPI.D4.1.1.POPU","Guam","GUM","2004-2023",20
"SPI.D4.1.1.POPU","Hong Kong SAR, China","HKG","2004-2023",20
"SPI.D4.1.1.POPU","Isle of Man","IMN","2004-2023",20
"SPI.D4.1.1.POPU","Korea, Dem. People's Rep.","PRK","2004-2023",20
"SPI.D4.1.1.POPU","Liechtenstein","LIE","2004-2023",20
"SPI.D4.1.1.POPU","Macao SAR, China","MAC","2004-2023",20
"SPI.D4.1.1.POPU","Monaco","MCO","2004-2023",20
"SPI.D4.1.1.POPU","New Caledonia","NCL","2004-2023",20
"SPI.D4.1.1.POPU","Northern Mariana Islands","MNP","2004-2023",20
"SPI.D4.1.1.POPU","San Marino","SMR","2004-2023",20
"SPI.D4.1.1.POPU","Sint Maarten (Dutch part)","SXM","2004-2023",20
"SPI.D4.1.1.POPU","St. Martin (French part)","MAF","2004-2023",20
"SPI.D4.1.1.POPU","Turks and Caicos Islands","TCA","2004-2023",20
"SPI.D4.1.1.POPU","Virgin Islands (U.S.)","VIR","2004-2023",20
"SPI.D4.1.2.AGRI","American Samoa","ASM","2004-2023",20
"SPI.D4.1.2.AGRI","Aruba","ABW","2004-2023",20
"SPI.D4.1.2.AGRI","Bermuda","BMU","2004-2023",20
"SPI.D4.1.2.AGRI","British Virgin Islands","VGB","2004-2023",20
"SPI.D4.1.2.AGRI","Cayman Islands","CYM","2004-2023",20
"SPI.D4.1.2.AGRI","Channel Islands","CHI","2004-2023",20
"SPI.D4.1.2.AGRI","Cuba","CUB","2004-2023",20
"SPI.D4.1.2.AGRI","Curacao","CUW","2004-2023",20
"SPI.D4.1.2.AGRI","Faroe Islands","FRO","2004-2023",20
"SPI.D4.1.2.AGRI","French Polynesia","PYF","2004-2023",20
"SPI.D4.1.2.AGRI","Gibraltar","GIB","2004-2023",20
"SPI.D4.1.2.AGRI","Greenland","GRL","2004-2023",20
"SPI.D4.1.2.AGRI","Guam","GUM","2004-2023",20
"SPI.D4.1.2.AGRI","Hong Kong SAR, China","HKG","2004-2023",20
"SPI.D4.1.2.AGRI","Isle of Man","IMN","2004-2023",20
"SPI.D4.1.2.AGRI","Korea, Dem. People's Rep.","PRK","2004-2023",20
"SPI.D4.1.2.AGRI","Liechtenstein","LIE","2004-2023",20
"SPI.D4.1.2.AGRI","Macao SAR, China","MAC","2004-2023",20
"SPI.D4.1.2.AGRI","Monaco","MCO","2004-2023",20
"SPI.D4.1.2.AGRI","New Caledonia","NCL","2004-2023",20
"SPI.D4.1.2.AGRI","Northern Mariana Islands","MNP","2004-2023",20
"SPI.D4.1.2.AGRI","Puerto Rico","PRI","2004-2023",20
"SPI.D4.1.2.AGRI","San Marino","SMR","2004-2023",20
"SPI.D4.1.2.AGRI","Sint Maarten (Dutch part)","SXM","2004-2023",20
"SPI.D4.1.2.AGRI","St. Martin (French part)","MAF","2004-2023",20
"SPI.D4.1.2.AGRI","Turks and Caicos Islands","TCA","2004-2023",20
"SPI.D4.1.2.AGRI","Virgin Islands (U.S.)","VIR","2004-2023",20
"SPI.D4.1.3.BIZZ","American Samoa","ASM","2004-2023",20
"SPI.D4.1.3.BIZZ","Aruba","ABW","2004-2023",20
"SPI.D4.1.3.BIZZ","Bermuda","BMU","2004-2023",20
"SPI.D4.1.3.BIZZ","British Virgin Islands","VGB","2004-2023",20
"SPI.D4.1.3.BIZZ","Cayman Islands","CYM","2004-2023",20
"SPI.D4.1.3.BIZZ","Channel Islands","CHI","2004-2023",20
"SPI.D4.1.3.BIZZ","Cuba","CUB","2004-2023",20
"SPI.D4.1.3.BIZZ","Curacao","CUW","2004-2023",20
"SPI.D4.1.3.BIZZ","Faroe Islands","FRO","2004-2023",20
"SPI.D4.1.3.BIZZ","French Polynesia","PYF","2004-2023",20
"SPI.D4.1.3.BIZZ","Gibraltar","GIB","2004-2023",20
"SPI.D4.1.3.BIZZ","Greenland","GRL","2004-2023",20
"SPI.D4.1.3.BIZZ","Guam","GUM","2004-2023",20
"SPI.D4.1.3.BIZZ","Hong Kong SAR, China","HKG","2004-2023",20
"SPI.D4.1.3.BIZZ","Isle of Man","IMN","2004-2023",20
"SPI.D4.1.3.BIZZ","Korea, Dem. People's Rep.","PRK","2004-2023",20
"SPI.D4.1.3.BIZZ","Liechtenstein","LIE","2004-2023",20
"SPI.D4.1.3.BIZZ","Macao SAR, China","MAC","2004-2023",20
"SPI.D4.1.3.BIZZ","Monaco","MCO","2004-2023",20
"SPI.D4.1.3.BIZZ","New Caledonia","NCL","2004-2023",20
"SPI.D4.1.3.BIZZ","Northern Mariana Islands","MNP","2004-2023",20
"SPI.D4.1.3.BIZZ","Puerto Rico","PRI","2004-2023",20
"SPI.D4.1.3.BIZZ","San Marino","SMR","2004-2023",20
"SPI.D4.1.3.BIZZ","Sint Maarten (Dutch part)","SXM","2004-2023",20
"SPI.D4.1.3.BIZZ","St. Martin (French part)","MAF","2004-2023",20
"SPI.D4.1.3.BIZZ","Turks and Caicos Islands","TCA","2004-2023",20
"SPI.D4.1.3.BIZZ","Virgin Islands (U.S.)","VIR","2004-2023",20
"SPI.D4.1.4.HOUS","American Samoa","ASM","2004-2023",20
"SPI.D4.1.4.HOUS","Aruba","ABW","2004-2023",20
"SPI.D4.1.4.HOUS","Bermuda","BMU","2004-2023",20
"SPI.D4.1.4.HOUS","British Virgin Islands","VGB","2004-2023",20
"SPI.D4.1.4.HOUS","Cayman Islands","CYM","2004-2023",20
"SPI.D4.1.4.HOUS","Channel Islands","CHI","2004-2023",20
"SPI.D4.1.4.HOUS","Cuba","CUB","2004-2023",20
"SPI.D4.1.4.HOUS","Curacao","CUW","2004-2023",20
"SPI.D4.1.4.HOUS","Faroe Islands","FRO","2004-2023",20
"SPI.D4.1.4.HOUS","French Polynesia","PYF","2004-2023",20
"SPI.D4.1.4.HOUS","Gibraltar","GIB","2004-2023",20
"SPI.D4.1.4.HOUS","Greenland","GRL","2004-2023",20
"SPI.D4.1.4.HOUS","Guam","GUM","2004-2023",20
"SPI.D4.1.4.HOUS","Hong Kong SAR, China","HKG","2004-2023",20
"SPI.D4.1.4.HOUS","Isle of Man","IMN","2004-2023",20
"SPI.D4.1.4.HOUS","Korea, Dem. People's Rep.","PRK","2004-2023",20
"SPI.D4.1.4.HOUS","Liechtenstein","LIE","2004-2023",20
"SPI.D4.1.4.HOUS","Macao SAR, China","MAC","2004-2023",20
"SPI.D4.1.4.HOUS","Monaco","MCO","2004-2023",20
"SPI.D4.1.4.HOUS","New Caledonia","NCL","2004-2023",20
"SPI.D4.1.4.HOUS","Northern Mariana Islands","MNP","2004-2023",20
"SPI.D4.1.4.HOUS","Puerto Rico","PRI","2004-2023",20
"SPI.D4.1.4.HOUS","San Marino","SMR","2004-2023",20
"SPI.D4.1.4.HOUS","Sint Maarten (Dutch part)","SXM","2004-2023",20
"SPI.D4.1.4.HOUS","St. Martin (French part)","MAF","2004-2023",20
"SPI.D4.1.4.HOUS","Turks and Caicos Islands","TCA","2004-2023",20
"SPI.D4.1.4.HOUS","Virgin Islands (U.S.)","VIR","2004-2023",20
"SPI.D4.1.5.AGSVY","American Samoa","ASM","2004-2023",20
"SPI.D4.1.5.AGSVY","Aruba","ABW","2004-2023",20
"SPI.D4.1.5.AGSVY","Bermuda","BMU","2004-2023",20
"SPI.D4.1.5.AGSVY","British Virgin Islands","VGB","2004-2023",20
"SPI.D4.1.5.AGSVY","Cayman Islands","CYM","2004-2023",20
"SPI.D4.1.5.AGSVY","Channel Islands","CHI","2004-2023",20
"SPI.D4.1.5.AGSVY","Cuba","CUB","2004-2023",20
"SPI.D4.1.5.AGSVY","Curacao","CUW","2004-2023",20
"SPI.D4.1.5.AGSVY","Faroe Islands","FRO","2004-2023",20
"SPI.D4.1.5.AGSVY","French Polynesia","PYF","2004-2023",20
"SPI.D4.1.5.AGSVY","Gibraltar","GIB","2004-2023",20
"SPI.D4.1.5.AGSVY","Greenland","GRL","2004-2023",20
"SPI.D4.1.5.AGSVY","Guam","GUM","2004-2023",20
"SPI.D4.1.5.AGSVY","Hong Kong SAR, China","HKG","2004-2023",20
"SPI.D4.1.5.AGSVY","Isle of Man","IMN","2004-2023",20
"SPI.D4.1.5.AGSVY","Korea, Dem. People's Rep.","PRK","2004-2023",20
"SPI.D4.1.5.AGSVY","Liechtenstein","LIE","2004-2023",20
"SPI.D4.1.5.AGSVY","Macao SAR, China","MAC","2004-2023",20
"SPI.D4.1.5.AGSVY","Monaco","MCO","2004-2023",20
"SPI.D4.1.5.AGSVY","New Caledonia","NCL","2004-2023",20
"SPI.D4.1.5.AGSVY","Northern Mariana Islands","MNP","2004-2023",20
"SPI.D4.1.5.AGSVY","Puerto Rico","PRI","2004-2023",20
"SPI.D4.1.5.AGSVY","San Marino","SMR","2004-2023",20
"SPI.D4.1.5.AGSVY","Sint Maarten (Dutch part)","SXM","2004-2023",20
"SPI.D4.1.5.AGSVY","St. Martin (French part)","MAF","2004-2023",20
"SPI.D4.1.5.AGSVY","Turks and Caicos Islands","TCA","2004-2023",20
"SPI.D4.1.5.AGSVY","Virgin Islands (U.S.)","VIR","2004-2023",20
"SPI.D4.1.6.LABR","American Samoa","ASM","2004-2023",20
"SPI.D4.1.6.LABR","British Virgin Islands","VGB","2004-2023",20
"SPI.D4.1.6.LABR","Channel Islands","CHI","2004-2023",20
"SPI.D4.1.6.LABR","Cuba","CUB","2004-2023",20
"SPI.D4.1.6.LABR","Curacao","CUW","2004-2023",20
"SPI.D4.1.6.LABR","French Polynesia","PYF","2004-2023",20
"SPI.D4.1.6.LABR","Gibraltar","GIB","2004-2023",20
"SPI.D4.1.6.LABR","Greenland","GRL","2004-2023",20
"SPI.D4.1.6.LABR","Guam","GUM","2004-2023",20
"SPI.D4.1.6.LABR","Isle of Man","IMN","2004-2023",20
"SPI.D4.1.6.LABR","Korea, Dem. People's Rep.","PRK","2004-2023",20
"SPI.D4.1.6.LABR","Liechtenstein","LIE","2004-2023",20
"SPI.D4.1.6.LABR","Macao SAR, China","MAC","2004-2023",20
"SPI.D4.1.6.LABR","Monaco","MCO","2004-2023",20
"SPI.D4.1.6.LABR","Northern Mariana Islands","MNP","2004-2023",20
"SPI.D4.1.6.LABR","Puerto Rico","PRI","2004-2023",20
"SPI.D4.1.6.LABR","San Marino","SMR","2004-2023",20
"SPI.D4.1.6.LABR","Sint Maarten (Dutch part)","SXM","2004-2023",20
"SPI.D4.1.6.LABR","St. Martin (French part)","MAF","2004-2023",20
"SPI.D4.1.6.LABR","Turks and Caicos Islands","TCA","2004-2023",20
"SPI.D4.1.6.LABR","Virgin Islands (U.S.)","VIR","2004-2023",20
"SPI.D4.1.7.HLTH","American Samoa","ASM","2004-2023",20
"SPI.D4.1.7.HLTH","Aruba","ABW","2004-2023",20
"SPI.D4.1.7.HLTH","Bermuda","BMU","2004-2023",20
"SPI.D4.1.7.HLTH","Channel Islands","CHI","2004-2023",20
"SPI.D4.1.7.HLTH","Curacao","CUW","2004-2023",20
"SPI.D4.1.7.HLTH","Faroe Islands","FRO","2004-2023",20
"SPI.D4.1.7.HLTH","French Polynesia","PYF","2004-2023",20
"SPI.D4.1.7.HLTH","Gibraltar","GIB","2004-2023",20
"SPI.D4.1.7.HLTH","Greenland","GRL","2004-2023",20
"SPI.D4.1.7.HLTH","Guam","GUM","2004-2023",20
"SPI.D4.1.7.HLTH","Hong Kong SAR, China","HKG","2004-2023",20
"SPI.D4.1.7.HLTH","Isle of Man","IMN","2004-2023",20
"SPI.D4.1.7.HLTH","Liechtenstein","LIE","2004-2023",20
"SPI.D4.1.7.HLTH","Macao SAR, China","MAC","2004-2023",20
"SPI.D4.1.7.HLTH","Monaco","MCO","2004-2023",20
"SPI.D4.1.7.HLTH","New Caledonia","NCL","2004-2023",20
"SPI.D4.1.7.HLTH","Northern Mariana Islands","MNP","2004-2023",20
"SPI.D4.1.7.HLTH","Puerto Rico","PRI","2004-2023",20
"SPI.D4.1.7.HLTH","San Marino","SMR","2004-2023",20
"SPI.D4.1.7.HLTH","Sint Maarten (Dutch part)","SXM","2004-2023",20
"SPI.D4.1.7.HLTH","St. Martin (French part)","MAF","2004-2023",20
"SPI.D4.1.7.HLTH","Virgin Islands (U.S.)","VIR","2004-2023",20
"SPI.D4.1.8.BZSVY","American Samoa","ASM","2004-2023",20
"SPI.D4.1.8.BZSVY","Aruba","ABW","2004-2023",20
"SPI.D4.1.8.BZSVY","Bermuda","BMU","2004-2023",20
"SPI.D4.1.8.BZSVY","British Virgin Islands","VGB","2004-2023",20
"SPI.D4.1.8.BZSVY","Cayman Islands","CYM","2004-2023",20
"SPI.D4.1.8.BZSVY","Channel Islands","CHI","2004-2023",20
"SPI.D4.1.8.BZSVY","Cuba","CUB","2004-2023",20
"SPI.D4.1.8.BZSVY","Curacao","CUW","2004-2023",20
"SPI.D4.1.8.BZSVY","Faroe Islands","FRO","2004-2023",20
"SPI.D4.1.8.BZSVY","French Polynesia","PYF","2004-2023",20
"SPI.D4.1.8.BZSVY","Gibraltar","GIB","2004-2023",20
"SPI.D4.1.8.BZSVY","Greenland","GRL","2004-2023",20
"SPI.D4.1.8.BZSVY","Guam","GUM","2004-2023",20
"SPI.D4.1.8.BZSVY","Hong Kong SAR, China","HKG","2004-2023",20
"SPI.D4.1.8.BZSVY","Isle of Man","IMN","2004-2023",20
"SPI.D4.1.8.BZSVY","Korea, Dem. People's Rep.","PRK","2004-2023",20
"SPI.D4.1.8.BZSVY","Liechtenstein","LIE","2004-2023",20
"SPI.D4.1.8.BZSVY","Macao SAR, China","MAC","2004-2023",20
"SPI.D4.1.8.BZSVY","Monaco","MCO","2004-2023",20
"SPI.D4.1.8.BZSVY","New Caledonia","NCL","2004-2023",20
"SPI.D4.1.8.BZSVY","Northern Mariana Islands","MNP","2004-2023",20
"SPI.D4.1.8.BZSVY","Puerto Rico","PRI","2004-2023",20
"SPI.D4.1.8.BZSVY","San Marino","SMR","2004-2023",20
"SPI.D4.1.8.BZSVY","Sint Maarten (Dutch part)","SXM","2004-2023",20
"SPI.D4.1.8.BZSVY","St. Martin (French part)","MAF","2004-2023",20
"SPI.D4.1.8.BZSVY","Turks and Caicos Islands","TCA","2004-2023",20
"SPI.D4.1.8.BZSVY","Virgin Islands (U.S.)","VIR","2004-2023",20
"SPI.D4.3.GEO.first.admin.level","Afghanistan","AFG","2004-2014",11
"SPI.D4.3.GEO.first.admin.level","Albania","ALB","2004-2014",11
"SPI.D4.3.GEO.first.admin.level","Algeria","DZA","2004-2014",11
"SPI.D4.3.GEO.first.admin.level","American Samoa","ASM","2004-2023",20
"SPI.D4.3.GEO.first.admin.level","Andorra","AND","2004-2021",18
"SPI.D4.3.GEO.first.admin.level","Angola","AGO","2004-2014",11
"SPI.D4.3.GEO.first.admin.level","Antigua and Barbuda","ATG","2004-2019",16
"SPI.D4.3.GEO.first.admin.level","Argentina","ARG","2004-2014",11
"SPI.D4.3.GEO.first.admin.level","Armenia","ARM","2004-2014",11
"SPI.D4.3.GEO.first.admin.level","Aruba","ABW","2004-2021",18
"SPI.D4.3.GEO.first.admin.level","Australia","AUS","2004-2015",12
"SPI.D4.3.GEO.first.admin.level","Austria","AUT","2004-2015",12
"SPI.D4.3.GEO.first.admin.level","Azerbaijan","AZE","2004-2014",11
"SPI.D4.3.GEO.first.admin.level","Bahamas, The","BHS","2004-2015",12
"SPI.D4.3.GEO.first.admin.level","Bahrain","BHR","2004-2015",12
"SPI.D4.3.GEO.first.admin.level","Bangladesh","BGD","2004-2014",11
"SPI.D4.3.GEO.first.admin.level","Barbados","BRB","2004-2021",18
"SPI.D4.3.GEO.first.admin.level","Belarus","BLR","2004-2014",11
"SPI.D4.3.GEO.first.admin.level","Belgium","BEL","2004-2015",12
"SPI.D4.3.GEO.first.admin.level","Belize","BLZ","2004-2014",11
"SPI.D4.3.GEO.first.admin.level","Benin","BEN","2004-2014",11
"SPI.D4.3.GEO.first.admin.level","Bermuda","BMU","2004-2023",20
"SPI.D4.3.GEO.first.admin.level","Bhutan","BTN","2004-2014",11
"SPI.D4.3.GEO.first.admin.level","Bolivia","BOL","2004-2014",11
"SPI.D4.3.GEO.first.admin.level","Bosnia and Herzegovina","BIH","2004-2014",11
"SPI.D4.3.GEO.first.admin.level","Botswana","BWA","2004-2014",11
"SPI.D4.3.GEO.first.admin.level","Brazil","BRA","2004-2014",11
"SPI.D4.3.GEO.first.admin.level","British Virgin Islands","VGB","2004-2023",20
"SPI.D4.3.GEO.first.admin.level","Brunei Darussalam","BRN","2004-2019",16
"SPI.D4.3.GEO.first.admin.level","Bulgaria","BGR","2004-2014",11
"SPI.D4.3.GEO.first.admin.level","Burkina Faso","BFA","2004-2014",11
"SPI.D4.3.GEO.first.admin.level","Burundi","BDI","2004-2014",11
"SPI.D4.3.GEO.first.admin.level","Cabo Verde","CPV","2004-2014",11
"SPI.D4.3.GEO.first.admin.level","Cambodia","KHM","2004-2014",11
"SPI.D4.3.GEO.first.admin.level","Cameroon","CMR","2004-2014",11
"SPI.D4.3.GEO.first.admin.level","Canada","CAN","2004-2015",12
"SPI.D4.3.GEO.first.admin.level","Cayman Islands","CYM","2004-2023",20
"SPI.D4.3.GEO.first.admin.level","Central African Republic","CAF","2004-2021",18
"SPI.D4.3.GEO.first.admin.level","Chad","TCD","2004-2014",11
"SPI.D4.3.GEO.first.admin.level","Channel Islands","CHI","2004-2023",20
"SPI.D4.3.GEO.first.admin.level","Chile","CHL","2004-2014",11
"SPI.D4.3.GEO.first.admin.level","China","CHN","2004-2014",11
"SPI.D4.3.GEO.first.admin.level","Colombia","COL","2004-2014",11
"SPI.D4.3.GEO.first.admin.level","Comoros","COM","2004-2023",20
"SPI.D4.3.GEO.first.admin.level","Congo, Dem. Rep.","COD","2004-2014",11
"SPI.D4.3.GEO.first.admin.level","Congo, Rep.","COG","2004-2014",11
"SPI.D4.3.GEO.first.admin.level","Costa Rica","CRI","2004-2015",12
"SPI.D4.3.GEO.first.admin.level","Cote d'Ivoire","CIV","2004-2014",11
"SPI.D4.3.GEO.first.admin.level","Croatia","HRV","2004-2015",12
"SPI.D4.3.GEO.first.admin.level","Cuba","CUB","2004-2014",11
"SPI.D4.3.GEO.first.admin.level","Curacao","CUW","2004-2023",20
"SPI.D4.3.GEO.first.admin.level","Cyprus","CYP","2004-2015",12
"SPI.D4.3.GEO.first.admin.level","Czechia","CZE","2004-2015",12
"SPI.D4.3.GEO.first.admin.level","Denmark","DNK","2004-2015",12
"SPI.D4.3.GEO.first.admin.level","Djibouti","DJI","2004-2014",11
"SPI.D4.3.GEO.first.admin.level","Dominica","DMA","2004-2019",16
"SPI.D4.3.GEO.first.admin.level","Dominican Republic","DOM","2004-2014",11
"SPI.D4.3.GEO.first.admin.level","Ecuador","ECU","2004-2014",11
"SPI.D4.3.GEO.first.admin.level","Egypt, Arab Rep.","EGY","2004-2014",11
"SPI.D4.3.GEO.first.admin.level","El Salvador","SLV","2004-2014",11
"SPI.D4.3.GEO.first.admin.level","Equatorial Guinea","GNQ","2004-2019",16
"SPI.D4.3.GEO.first.admin.level","Eritrea","ERI","2004-2023",20
"SPI.D4.3.GEO.first.admin.level","Estonia","EST","2004-2015",12
"SPI.D4.3.GEO.first.admin.level","Eswatini","SWZ","2004-2014",11
"SPI.D4.3.GEO.first.admin.level","Ethiopia","ETH","2004-2014",11
"SPI.D4.3.GEO.first.admin.level","Faroe Islands","FRO","2004-2023",20
"SPI.D4.3.GEO.first.admin.level","Fiji","FJI","2004-2014",11
"SPI.D4.3.GEO.first.admin.level","Finland","FIN","2004-2015",12
"SPI.D4.3.GEO.first.admin.level","France","FRA","2004-2015",12
"SPI.D4.3.GEO.first.admin.level","French Polynesia","PYF","2004-2023",20
"SPI.D4.3.GEO.first.admin.level","Gabon","GAB","2004-2014",11
"SPI.D4.3.GEO.first.admin.level","Gambia, The","GMB","2004-2014",11
"SPI.D4.3.GEO.first.admin.level","Georgia","GEO","2004-2014",11
"SPI.D4.3.GEO.first.admin.level","Germany","DEU","2004-2015",12
"SPI.D4.3.GEO.first.admin.level","Ghana","GHA","2004-2014",11
"SPI.D4.3.GEO.first.admin.level","Gibraltar","GIB","2004-2023",20
"SPI.D4.3.GEO.first.admin.level","Greece","GRC","2004-2015",12
"SPI.D4.3.GEO.first.admin.level","Greenland","GRL","2004-2019",16
"SPI.D4.3.GEO.first.admin.level","Grenada","GRD","2004-2021",18
"SPI.D4.3.GEO.first.admin.level","Guam","GUM","2004-2023",20
"SPI.D4.3.GEO.first.admin.level","Guatemala","GTM","2004-2014",11
"SPI.D4.3.GEO.first.admin.level","Guinea","GIN","2004-2014",11
"SPI.D4.3.GEO.first.admin.level","Guinea-Bissau","GNB","2004-2014",11
"SPI.D4.3.GEO.first.admin.level","Guyana","GUY","2004-2014",11
"SPI.D4.3.GEO.first.admin.level","Haiti","HTI","2004-2014",11
"SPI.D4.3.GEO.first.admin.level","Honduras","HND","2004-2014",11
"SPI.D4.3.GEO.first.admin.level","Hong Kong SAR, China","HKG","2004-2015",12
"SPI.D4.3.GEO.first.admin.level","Hungary","HUN","2004-2015",12
"SPI.D4.3.GEO.first.admin.level","Iceland","ISL","2004-2015",12
"SPI.D4.3.GEO.first.admin.level","India","IND","2004-2014",11
"SPI.D4.3.GEO.first.admin.level","Indonesia","IDN","2004-2014",11
"SPI.D4.3.GEO.first.admin.level","Iran, Islamic Rep.","IRN","2004-2014",11
"SPI.D4.3.GEO.first.admin.level","Iraq","IRQ","2004-2015",12
"SPI.D4.3.GEO.first.admin.level","Ireland","IRL","2004-2015",12
"SPI.D4.3.GEO.first.admin.level","Isle of Man","IMN","2004-2023",20
"SPI.D4.3.GEO.first.admin.level","Israel","ISR","2004-2015",12
"SPI.D4.3.GEO.first.admin.level","Italy","ITA","2004-2015",12
"SPI.D4.3.GEO.first.admin.level","Jamaica","JAM","2004-2014",11
"SPI.D4.3.GEO.first.admin.level","Japan","JPN","2004-2015",12
"SPI.D4.3.GEO.first.admin.level","Jordan","JOR","2004-2014",11
"SPI.D4.3.GEO.first.admin.level","Kazakhstan","KAZ","2004-2014",11
"SPI.D4.3.GEO.first.admin.level","Kenya","KEN","2004-2014",11
"SPI.D4.3.GEO.first.admin.level","Kiribati","KIR","2004-2014",11
"SPI.D4.3.GEO.first.admin.level","Korea, Dem. People's Rep.","PRK","2004-2023",20
"SPI.D4.3.GEO.first.admin.level","Korea, Rep.","KOR","2004-2015",12
"SPI.D4.3.GEO.first.admin.level","Kosovo","XKX","2004-2014",11
"SPI.D4.3.GEO.first.admin.level","Kuwait","KWT","2004-2015",12
"SPI.D4.3.GEO.first.admin.level","Kyrgyz Republic","KGZ","2004-2014",11
"SPI.D4.3.GEO.first.admin.level","Lao PDR","LAO","2004-2014",11
"SPI.D4.3.GEO.first.admin.level","Latvia","LVA","2004-2015",12
"SPI.D4.3.GEO.first.admin.level","Lebanon","LBN","2004-2014",11
"SPI.D4.3.GEO.first.admin.level","Lesotho","LSO","2004-2014",11
"SPI.D4.3.GEO.first.admin.level","Liberia","LBR","2004-2014",11
"SPI.D4.3.GEO.first.admin.level","Libya","LBY","2004-2015",12
"SPI.D4.3.GEO.first.admin.level","Liechtenstein","LIE","2004-2016",13
"SPI.D4.3.GEO.first.admin.level","Lithuania","LTU","2004-2015",12
"SPI.D4.3.GEO.first.admin.level","Luxembourg","LUX","2004-2015",12
"SPI.D4.3.GEO.first.admin.level","Macao SAR, China","MAC","2004-2016",13
"SPI.D4.3.GEO.first.admin.level","Madagascar","MDG","2004-2014",11
"SPI.D4.3.GEO.first.admin.level","Malawi","MWI","2004-2014",11
"SPI.D4.3.GEO.first.admin.level","Malaysia","MYS","2004-2014",11
"SPI.D4.3.GEO.first.admin.level","Maldives","MDV","2004-2014",11
"SPI.D4.3.GEO.first.admin.level","Mali","MLI","2004-2014",11
"SPI.D4.3.GEO.first.admin.level","Malta","MLT","2004-2015",12
"SPI.D4.3.GEO.first.admin.level","Marshall Islands","MHL","2004-2014",11
"SPI.D4.3.GEO.first.admin.level","Mauritania","MRT","2004-2014",11
"SPI.D4.3.GEO.first.admin.level","Mauritius","MUS","2004-2014",11
"SPI.D4.3.GEO.first.admin.level","Mexico","MEX","2004-2014",11
"SPI.D4.3.GEO.first.admin.level","Micronesia, Fed. Sts.","FSM","2004-2014",11
"SPI.D4.3.GEO.first.admin.level","Moldova","MDA","2004-2014",11
"SPI.D4.3.GEO.first.admin.level","Monaco","MCO","2004-2021",18
"SPI.D4.3.GEO.first.admin.level","Mongolia","MNG","2004-2014",11
"SPI.D4.3.GEO.first.admin.level","Montenegro","MNE","2004-2014",11
"SPI.D4.3.GEO.first.admin.level","Morocco","MAR","2004-2014",11
"SPI.D4.3.GEO.first.admin.level","Mozambique","MOZ","2004-2014",11
"SPI.D4.3.GEO.first.admin.level","Myanmar","MMR","2004-2015",12
"SPI.D4.3.GEO.first.admin.level","Namibia","NAM","2004-2014",11
"SPI.D4.3.GEO.first.admin.level","Nauru","NRU","2004-2021",18
"SPI.D4.3.GEO.first.admin.level","Nepal","NPL","2004-2014",11
"SPI.D4.3.GEO.first.admin.level","Netherlands","NLD","2004-2015",12
"SPI.D4.3.GEO.first.admin.level","New Caledonia","NCL","2004-2023",20
"SPI.D4.3.GEO.first.admin.level","New Zealand","NZL","2004-2015",12
"SPI.D4.3.GEO.first.admin.level","Nicaragua","NIC","2004-2014",11
"SPI.D4.3.GEO.first.admin.level","Niger","NER","2004-2014",11
"SPI.D4.3.GEO.first.admin.level","Nigeria","NGA","2004-2014",11
"SPI.D4.3.GEO.first.admin.level","North Macedonia","MKD","2004-2014",11
"SPI.D4.3.GEO.first.admin.level","Northern Mariana Islands","MNP","2004-2023",20
"SPI.D4.3.GEO.first.admin.level","Norway","NOR","2004-2015",12
"SPI.D4.3.GEO.first.admin.level","Oman","OMN","2004-2015",12
"SPI.D4.3.GEO.first.admin.level","Pakistan","PAK","2004-2014",11
"SPI.D4.3.GEO.first.admin.level","Palau","PLW","2004-2019",16
"SPI.D4.3.GEO.first.admin.level","Panama","PAN","2004-2014",11
"SPI.D4.3.GEO.first.admin.level","Papua New Guinea","PNG","2004-2014",11
"SPI.D4.3.GEO.first.admin.level","Paraguay","PRY","2004-2014",11
"SPI.D4.3.GEO.first.admin.level","Peru","PER","2004-2014",11
"SPI.D4.3.GEO.first.admin.level","Philippines","PHL","2004-2014",11
"SPI.D4.3.GEO.first.admin.level","Poland","POL","2004-2015",12
"SPI.D4.3.GEO.first.admin.level","Portugal","PRT","2004-2015",12
"SPI.D4.3.GEO.first.admin.level","Puerto Rico","PRI","2004-2023",20
"SPI.D4.3.GEO.first.admin.level","Qatar","QAT","2004-2015",12
"SPI.D4.3.GEO.first.admin.level","Romania","ROU","2004-2014",11
"SPI.D4.3.GEO.first.admin.level","Russian Federation","RUS","2004-2014",11
"SPI.D4.3.GEO.first.admin.level","Rwanda","RWA","2004-2014",11
"SPI.D4.3.GEO.first.admin.level","Samoa","WSM","2004-2014",11
"SPI.D4.3.GEO.first.admin.level","San Marino","SMR","2004-2019",16
"SPI.D4.3.GEO.first.admin.level","Sao Tome and Principe","STP","2004-2014",11
"SPI.D4.3.GEO.first.admin.level","Saudi Arabia","SAU","2004-2014",11
"SPI.D4.3.GEO.first.admin.level","Senegal","SEN","2004-2014",11
"SPI.D4.3.GEO.first.admin.level","Serbia","SRB","2004-2014",11
"SPI.D4.3.GEO.first.admin.level","Seychelles","SYC","2004-2016",13
"SPI.D4.3.GEO.first.admin.level","Sierra Leone","SLE","2004-2014",11
"SPI.D4.3.GEO.first.admin.level","Singapore","SGP","2004-2015",12
"SPI.D4.3.GEO.first.admin.level","Sint Maarten (Dutch part)","SXM","2004-2023",20
"SPI.D4.3.GEO.first.admin.level","Slovak Republic","SVK","2004-2015",12
"SPI.D4.3.GEO.first.admin.level","Slovenia","SVN","2004-2015",12
"SPI.D4.3.GEO.first.admin.level","Solomon Islands","SLB","2004-2014",11
"SPI.D4.3.GEO.first.admin.level","Somalia","SOM","2004-2016",13
"SPI.D4.3.GEO.first.admin.level","South Africa","ZAF","2004-2014",11
"SPI.D4.3.GEO.first.admin.level","South Sudan","SSD","2004-2014",11
"SPI.D4.3.GEO.first.admin.level","Spain","ESP","2004-2015",12
"SPI.D4.3.GEO.first.admin.level","Sri Lanka","LKA","2004-2014",11
"SPI.D4.3.GEO.first.admin.level","St. Kitts and Nevis","KNA","2004-2019",16
"SPI.D4.3.GEO.first.admin.level","St. Lucia","LCA","2004-2014",11
"SPI.D4.3.GEO.first.admin.level","St. Martin (French part)","MAF","2004-2023",20
"SPI.D4.3.GEO.first.admin.level","St. Vincent and the Grenadines","VCT","2004-2014",11
"SPI.D4.3.GEO.first.admin.level","Sudan","SDN","2004-2014",11
"SPI.D4.3.GEO.first.admin.level","Suriname","SUR","2004-2015",12
"SPI.D4.3.GEO.first.admin.level","Sweden","SWE","2004-2015",12
"SPI.D4.3.GEO.first.admin.level","Switzerland","CHE","2004-2015",12
"SPI.D4.3.GEO.first.admin.level","Syrian Arab Republic","SYR","2004-2016",13
"SPI.D4.3.GEO.first.admin.level","Tajikistan","TJK","2004-2014",11
"SPI.D4.3.GEO.first.admin.level","Tanzania","TZA","2004-2014",11
"SPI.D4.3.GEO.first.admin.level","Thailand","THA","2004-2014",11
"SPI.D4.3.GEO.first.admin.level","Timor-Leste","TLS","2004-2014",11
"SPI.D4.3.GEO.first.admin.level","Togo","TGO","2004-2014",11
"SPI.D4.3.GEO.first.admin.level","Tonga","TON","2004-2019",16
"SPI.D4.3.GEO.first.admin.level","Trinidad and Tobago","TTO","2004-2015",12
"SPI.D4.3.GEO.first.admin.level","Tunisia","TUN","2004-2014",11
"SPI.D4.3.GEO.first.admin.level","Turkiye","TUR","2004-2014",11
"SPI.D4.3.GEO.first.admin.level","Turkmenistan","TKM","2004-2014",11
"SPI.D4.3.GEO.first.admin.level","Turks and Caicos Islands","TCA","2004-2023",20
"SPI.D4.3.GEO.first.admin.level","Tuvalu","TUV","2004-2021",18
"SPI.D4.3.GEO.first.admin.level","Uganda","UGA","2004-2014",11
"SPI.D4.3.GEO.first.admin.level","Ukraine","UKR","2004-2014",11
"SPI.D4.3.GEO.first.admin.level","United Arab Emirates","ARE","2004-2015",12
"SPI.D4.3.GEO.first.admin.level","United Kingdom","GBR","2004-2015",12
"SPI.D4.3.GEO.first.admin.level","United States","USA","2004-2015",12
"SPI.D4.3.GEO.first.admin.level","Uruguay","URY","2004-2014",11
"SPI.D4.3.GEO.first.admin.level","Uzbekistan","UZB","2004-2014",11
"SPI.D4.3.GEO.first.admin.level","Vanuatu","VUT","2004-2014",11
"SPI.D4.3.GEO.first.admin.level","Venezuela, RB","VEN","2004-2014",11
"SPI.D4.3.GEO.first.admin.level","Viet Nam","VNM","2004-2014",11
"SPI.D4.3.GEO.first.admin.level","Virgin Islands (U.S.)","VIR","2004-2023",20
"SPI.D4.3.GEO.first.admin.level","West Bank and Gaza","PSE","2004-2014",11
"SPI.D4.3.GEO.first.admin.level","Yemen, Rep.","YEM","2004-2014",11
"SPI.D4.3.GEO.first.admin.level","Zambia","ZMB","2004-2014",11
"SPI.D4.3.GEO.first.admin.level","Zimbabwe","ZWE","2004-2014",11
"SPI.D5.1.DILG","Afghanistan","AFG","2004-2023",20
"SPI.D5.1.DILG","Albania","ALB","2004-2018",15
"SPI.D5.1.DILG","Algeria","DZA","2004-2018",15
"SPI.D5.1.DILG","American Samoa","ASM","2004-2023",20
"SPI.D5.1.DILG","Andorra","AND","2004-2018",15
"SPI.D5.1.DILG","Angola","AGO","2004-2023",20
"SPI.D5.1.DILG","Antigua and Barbuda","ATG","2004-2018",15
"SPI.D5.1.DILG","Argentina","ARG","2004-2018",15
"SPI.D5.1.DILG","Armenia","ARM","2004-2018",15
"SPI.D5.1.DILG","Aruba","ABW","2004-2023",20
"SPI.D5.1.DILG","Azerbaijan","AZE","2004-2019",16
"SPI.D5.1.DILG","Bahamas, The","BHS","2004-2023",20
"SPI.D5.1.DILG","Bahrain","BHR","2004-2023",20
"SPI.D5.1.DILG","Bangladesh","BGD","2004-2018",15
"SPI.D5.1.DILG","Barbados","BRB","2004-2018",15
"SPI.D5.1.DILG","Belarus","BLR","2004-2018",15
"SPI.D5.1.DILG","Belize","BLZ","2004-2018",15
"SPI.D5.1.DILG","Benin","BEN","2004-2020",17
"SPI.D5.1.DILG","Bermuda","BMU","2004-2023",20
"SPI.D5.1.DILG","Bhutan","BTN","2004-2018",15
"SPI.D5.1.DILG","Bolivia","BOL","2004-2018",15
"SPI.D5.1.DILG","Bosnia and Herzegovina","BIH","2004-2018",15
"SPI.D5.1.DILG","Botswana","BWA","2004-2018",15
"SPI.D5.1.DILG","Brazil","BRA","2004-2019",16
"SPI.D5.1.DILG","British Virgin Islands","VGB","2004-2019",16
"SPI.D5.1.DILG","Brunei Darussalam","BRN","2004-2018",15
"SPI.D5.1.DILG","Bulgaria","BGR","2004-2018",15
"SPI.D5.1.DILG","Burkina Faso","BFA","2004-2019",16
"SPI.D5.1.DILG","Burundi","BDI","2004-2018",15
"SPI.D5.1.DILG","Cabo Verde","CPV","2004-2018",15
"SPI.D5.1.DILG","Cambodia","KHM","2004-2018",15
"SPI.D5.1.DILG","Cameroon","CMR","2004-2018",15
"SPI.D5.1.DILG","Cayman Islands","CYM","2004-2018",15
"SPI.D5.1.DILG","Central African Republic","CAF","2004-2018",15
"SPI.D5.1.DILG","Chad","TCD","2004-2018",15
"SPI.D5.1.DILG","Channel Islands","CHI","2004-2023",20
"SPI.D5.1.DILG","China","CHN","2004-2018",15
"SPI.D5.1.DILG","Colombia","COL","2004-2018",15
"SPI.D5.1.DILG","Comoros","COM","2004-2018",15
"SPI.D5.1.DILG","Congo, Dem. Rep.","COD","2004-2023",20
"SPI.D5.1.DILG","Congo, Rep.","COG","2004-2018",15
"SPI.D5.1.DILG","Costa Rica","CRI","2004-2018",15
"SPI.D5.1.DILG","Cote d'Ivoire","CIV","2004-2018",15
"SPI.D5.1.DILG","Croatia","HRV","2004-2018",15
"SPI.D5.1.DILG","Cuba","CUB","2004-2022",19
"SPI.D5.1.DILG","Curacao","CUW","2004-2018",15
"SPI.D5.1.DILG","Cyprus","CYP","2004-2018",15
"SPI.D5.1.DILG","Djibouti","DJI","2004-2018",15
"SPI.D5.1.DILG","Dominica","DMA","2004-2018",15
"SPI.D5.1.DILG","Dominican Republic","DOM","2004-2018",15
"SPI.D5.1.DILG","Ecuador","ECU","2004-2018",15
"SPI.D5.1.DILG","Egypt, Arab Rep.","EGY","2004-2018",15
"SPI.D5.1.DILG","El Salvador","SLV","2004-2018",15
"SPI.D5.1.DILG","Equatorial Guinea","GNQ","2004-2018",15
"SPI.D5.1.DILG","Eritrea","ERI","2004-2023",20
"SPI.D5.1.DILG","Eswatini","SWZ","2004-2018",15
"SPI.D5.1.DILG","Ethiopia","ETH","2004-2020",17
"SPI.D5.1.DILG","Faroe Islands","FRO","2004-2018",15
"SPI.D5.1.DILG","Fiji","FJI","2004-2021",18
"SPI.D5.1.DILG","French Polynesia","PYF","2004-2021",18
"SPI.D5.1.DILG","Gabon","GAB","2004-2018",15
"SPI.D5.1.DILG","Gambia, The","GMB","2004-2018",15
"SPI.D5.1.DILG","Georgia","GEO","2004-2018",15
"SPI.D5.1.DILG","Ghana","GHA","2004-2020",17
"SPI.D5.1.DILG","Gibraltar","GIB","2004-2023",20
"SPI.D5.1.DILG","Greenland","GRL","2004-2023",20
"SPI.D5.1.DILG","Grenada","GRD","2004-2021",18
"SPI.D5.1.DILG","Guam","GUM","2004-2023",20
"SPI.D5.1.DILG","Guatemala","GTM","2004-2018",15
"SPI.D5.1.DILG","Guinea","GIN","2004-2018",15
"SPI.D5.1.DILG","Guinea-Bissau","GNB","2004-2023",20
"SPI.D5.1.DILG","Guyana","GUY","2004-2021",18
"SPI.D5.1.DILG","Haiti","HTI","2004-2023",20
"SPI.D5.1.DILG","Honduras","HND","2004-2018",15
"SPI.D5.1.DILG","Hong Kong SAR, China","HKG","2004-2018",15
"SPI.D5.1.DILG","India","IND","2004-2018",15
"SPI.D5.1.DILG","Indonesia","IDN","2004-2018",15
"SPI.D5.1.DILG","Iran, Islamic Rep.","IRN","2004-2018",15
"SPI.D5.1.DILG","Iraq","IRQ","2004-2018",15
"SPI.D5.1.DILG","Isle of Man","IMN","2004-2023",20
"SPI.D5.1.DILG","Jamaica","JAM","2004-2018",15
"SPI.D5.1.DILG","Jordan","JOR","2004-2018",15
"SPI.D5.1.DILG","Kazakhstan","KAZ","2004-2018",15
"SPI.D5.1.DILG","Kenya","KEN","2004-2020",17
"SPI.D5.1.DILG","Kiribati","KIR","2004-2023",20
"SPI.D5.1.DILG","Korea, Dem. People's Rep.","PRK","2004-2018",15
"SPI.D5.1.DILG","Kosovo","XKX","2004-2023",20
"SPI.D5.1.DILG","Kuwait","KWT","2004-2018",15
"SPI.D5.1.DILG","Kyrgyz Republic","KGZ","2004-2018",15
"SPI.D5.1.DILG","Lao PDR","LAO","2004-2021",18
"SPI.D5.1.DILG","Lebanon","LBN","2004-2023",20
"SPI.D5.1.DILG","Lesotho","LSO","2004-2019",16
"SPI.D5.1.DILG","Liberia","LBR","2004-2018",15
"SPI.D5.1.DILG","Libya","LBY","2004-2018",15
"SPI.D5.1.DILG","Liechtenstein","LIE","2004-2018",15
"SPI.D5.1.DILG","Macao SAR, China","MAC","2004-2018",15
"SPI.D5.1.DILG","Madagascar","MDG","2004-2018",15
"SPI.D5.1.DILG","Malawi","MWI","2004-2020",17
"SPI.D5.1.DILG","Malaysia","MYS","2004-2019",16
"SPI.D5.1.DILG","Maldives","MDV","2004-2018",15
"SPI.D5.1.DILG","Mali","MLI","2004-2018",15
"SPI.D5.1.DILG","Malta","MLT","2004-2018",15
"SPI.D5.1.DILG","Marshall Islands","MHL","2004-2023",20
"SPI.D5.1.DILG","Mauritania","MRT","2004-2018",15
"SPI.D5.1.DILG","Mauritius","MUS","2004-2018",15
"SPI.D5.1.DILG","Mexico","MEX","2004-2018",15
"SPI.D5.1.DILG","Micronesia, Fed. Sts.","FSM","2004-2023",20
"SPI.D5.1.DILG","Moldova","MDA","2004-2018",15
"SPI.D5.1.DILG","Monaco","MCO","2004-2023",20
"SPI.D5.1.DILG","Mongolia","MNG","2004-2018",15
"SPI.D5.1.DILG","Montenegro","MNE","2004-2022",19
"SPI.D5.1.DILG","Morocco","MAR","2004-2018",15
"SPI.D5.1.DILG","Mozambique","MOZ","2004-2020",17
"SPI.D5.1.DILG","Myanmar","MMR","2004-2020",17
"SPI.D5.1.DILG","Namibia","NAM","2004-2020",17
"SPI.D5.1.DILG","Nauru","NRU","2004-2018",15
"SPI.D5.1.DILG","Nepal","NPL","2004-2018",15
"SPI.D5.1.DILG","New Caledonia","NCL","2004-2018",15
"SPI.D5.1.DILG","Nicaragua","NIC","2004-2023",20
"SPI.D5.1.DILG","Niger","NER","2004-2018",15
"SPI.D5.1.DILG","Nigeria","NGA","2004-2022",19
"SPI.D5.1.DILG","North Macedonia","MKD","2004-2018",15
"SPI.D5.1.DILG","Northern Mariana Islands","MNP","2004-2018",15
"SPI.D5.1.DILG","Oman","OMN","2004-2018",15
"SPI.D5.1.DILG","Pakistan","PAK","2004-2018",15
"SPI.D5.1.DILG","Palau","PLW","2004-2018",15
"SPI.D5.1.DILG","Panama","PAN","2004-2018",15
"SPI.D5.1.DILG","Papua New Guinea","PNG","2004-2023",20
"SPI.D5.1.DILG","Paraguay","PRY","2004-2018",15
"SPI.D5.1.DILG","Peru","PER","2004-2020",17
"SPI.D5.1.DILG","Philippines","PHL","2004-2018",15
"SPI.D5.1.DILG","Puerto Rico","PRI","2004-2018",15
"SPI.D5.1.DILG","Qatar","QAT","2004-2018",15
"SPI.D5.1.DILG","Romania","ROU","2004-2018",15
"SPI.D5.1.DILG","Russian Federation","RUS","2004-2018",15
"SPI.D5.1.DILG","Rwanda","RWA","2004-2020",17
"SPI.D5.1.DILG","Samoa","WSM","2004-2018",15
"SPI.D5.1.DILG","San Marino","SMR","2004-2023",20
"SPI.D5.1.DILG","Sao Tome and Principe","STP","2004-2018",15
"SPI.D5.1.DILG","Saudi Arabia","SAU","2004-2018",15
"SPI.D5.1.DILG","Senegal","SEN","2004-2018",15
"SPI.D5.1.DILG","Serbia","SRB","2004-2018",15
"SPI.D5.1.DILG","Seychelles","SYC","2004-2023",20
"SPI.D5.1.DILG","Sierra Leone","SLE","2004-2018",15
"SPI.D5.1.DILG","Sint Maarten (Dutch part)","SXM","2004-2023",20
"SPI.D5.1.DILG","Solomon Islands","SLB","2004-2023",20
"SPI.D5.1.DILG","Somalia","SOM","2004-2021",18
"SPI.D5.1.DILG","South Africa","ZAF","2004-2018",15
"SPI.D5.1.DILG","South Sudan","SSD","2004-2018",15
"SPI.D5.1.DILG","Sri Lanka","LKA","2004-2018",15
"SPI.D5.1.DILG","St. Kitts and Nevis","KNA","2004-2018",15
"SPI.D5.1.DILG","St. Lucia","LCA","2004-2022",19
"SPI.D5.1.DILG","St. Martin (French part)","MAF","2004-2023",20
"SPI.D5.1.DILG","St. Vincent and the Grenadines","VCT","2004-2018",15
"SPI.D5.1.DILG","Sudan","SDN","2004-2018",15
"SPI.D5.1.DILG","Suriname","SUR","2004-2018",15
"SPI.D5.1.DILG","Syrian Arab Republic","SYR","2004-2023",20
"SPI.D5.1.DILG","Tajikistan","TJK","2004-2018",15
"SPI.D5.1.DILG","Tanzania","TZA","2004-2018",15
"SPI.D5.1.DILG","Thailand","THA","2004-2018",15
"SPI.D5.1.DILG","Timor-Leste","TLS","2004-2018",15
"SPI.D5.1.DILG","Togo","TGO","2004-2018",15
"SPI.D5.1.DILG","Tonga","TON","2004-2018",15
"SPI.D5.1.DILG","Trinidad and Tobago","TTO","2004-2023",20
"SPI.D5.1.DILG","Tunisia","TUN","2004-2018",15
"SPI.D5.1.DILG","Turkiye","TUR","2004-2018",15
"SPI.D5.1.DILG","Turkmenistan","TKM","2004-2023",20
"SPI.D5.1.DILG","Turks and Caicos Islands","TCA","2004-2023",20
"SPI.D5.1.DILG","Tuvalu","TUV","2004-2023",20
"SPI.D5.1.DILG","Uganda","UGA","2004-2018",15
"SPI.D5.1.DILG","Ukraine","UKR","2004-2018",15
"SPI.D5.1.DILG","United Arab Emirates","ARE","2004-2018",15
"SPI.D5.1.DILG","Uruguay","URY","2004-2018",15
"SPI.D5.1.DILG","Uzbekistan","UZB","2004-2018",15
"SPI.D5.1.DILG","Vanuatu","VUT","2004-2018",15
"SPI.D5.1.DILG","Venezuela, RB","VEN","2004-2020",17
"SPI.D5.1.DILG","Viet Nam","VNM","2004-2020",17
"SPI.D5.1.DILG","Virgin Islands (U.S.)","VIR","2004-2023",20
"SPI.D5.1.DILG","West Bank and Gaza","PSE","2004-2018",15
"SPI.D5.1.DILG","Yemen, Rep.","YEM","2004-2022",19
"SPI.D5.1.DILG","Zambia","ZMB","2004-2020",17
"SPI.D5.1.DILG","Zimbabwe","ZWE","2004-2018",15
"SPI.D5.2.1.SNAU","Afghanistan","AFG","2004-2015",12
"SPI.D5.2.1.SNAU","Albania","ALB","2004-2015",12
"SPI.D5.2.1.SNAU","Algeria","DZA","2004-2015",12
"SPI.D5.2.1.SNAU","American Samoa","ASM","2004-2015",12
"SPI.D5.2.1.SNAU","Andorra","AND","2004-2016",13
"SPI.D5.2.1.SNAU","Angola","AGO","2004-2015",12
"SPI.D5.2.1.SNAU","Antigua and Barbuda","ATG","2004-2015",12
"SPI.D5.2.1.SNAU","Argentina","ARG","2004-2015",12
"SPI.D5.2.1.SNAU","Armenia","ARM","2004-2015",12
"SPI.D5.2.1.SNAU","Aruba","ABW","2004-2015",12
"SPI.D5.2.1.SNAU","Australia","AUS","2004-2015",12
"SPI.D5.2.1.SNAU","Austria","AUT","2004-2015",12
"SPI.D5.2.1.SNAU","Azerbaijan","AZE","2004-2015",12
"SPI.D5.2.1.SNAU","Bahamas, The","BHS","2004-2015",12
"SPI.D5.2.1.SNAU","Bahrain","BHR","2004-2015",12
"SPI.D5.2.1.SNAU","Bangladesh","BGD","2004-2015",12
"SPI.D5.2.1.SNAU","Barbados","BRB","2004-2015",12
"SPI.D5.2.1.SNAU","Belarus","BLR","2004-2015",12
"SPI.D5.2.1.SNAU","Belgium","BEL","2004-2015",12
"SPI.D5.2.1.SNAU","Belize","BLZ","2004-2015",12
"SPI.D5.2.1.SNAU","Benin","BEN","2004-2015",12
"SPI.D5.2.1.SNAU","Bermuda","BMU","2004-2015",12
"SPI.D5.2.1.SNAU","Bhutan","BTN","2004-2015",12
"SPI.D5.2.1.SNAU","Bolivia","BOL","2004-2015",12
"SPI.D5.2.1.SNAU","Bosnia and Herzegovina","BIH","2004-2015",12
"SPI.D5.2.1.SNAU","Botswana","BWA","2004-2015",12
"SPI.D5.2.1.SNAU","Brazil","BRA","2004-2015",12
"SPI.D5.2.1.SNAU","British Virgin Islands","VGB","2004-2015",12
"SPI.D5.2.1.SNAU","Brunei Darussalam","BRN","2004-2015",12
"SPI.D5.2.1.SNAU","Bulgaria","BGR","2004-2015",12
"SPI.D5.2.1.SNAU","Burkina Faso","BFA","2004-2015",12
"SPI.D5.2.1.SNAU","Burundi","BDI","2004-2015",12
"SPI.D5.2.1.SNAU","Cabo Verde","CPV","2004-2015",12
"SPI.D5.2.1.SNAU","Cambodia","KHM","2004-2015",12
"SPI.D5.2.1.SNAU","Cameroon","CMR","2004-2015",12
"SPI.D5.2.1.SNAU","Canada","CAN","2004-2015",12
"SPI.D5.2.1.SNAU","Cayman Islands","CYM","2004-2015",12
"SPI.D5.2.1.SNAU","Central African Republic","CAF","2004-2015",12
"SPI.D5.2.1.SNAU","Chad","TCD","2004-2015",12
"SPI.D5.2.1.SNAU","Channel Islands","CHI","2004-2015",12
"SPI.D5.2.1.SNAU","Chile","CHL","2004-2015",12
"SPI.D5.2.1.SNAU","China","CHN","2004-2015",12
"SPI.D5.2.1.SNAU","Colombia","COL","2004-2015",12
"SPI.D5.2.1.SNAU","Comoros","COM","2004-2015",12
"SPI.D5.2.1.SNAU","Congo, Dem. Rep.","COD","2004-2016",13
"SPI.D5.2.1.SNAU","Congo, Rep.","COG","2004-2015",12
"SPI.D5.2.1.SNAU","Costa Rica","CRI","2004-2015",12
"SPI.D5.2.1.SNAU","Cote d'Ivoire","CIV","2004-2015",12
"SPI.D5.2.1.SNAU","Croatia","HRV","2004-2015",12
"SPI.D5.2.1.SNAU","Cuba","CUB","2004-2015",12
"SPI.D5.2.1.SNAU","Curacao","CUW","2004-2015",12
"SPI.D5.2.1.SNAU","Cyprus","CYP","2004-2015",12
"SPI.D5.2.1.SNAU","Czechia","CZE","2004-2015",12
"SPI.D5.2.1.SNAU","Denmark","DNK","2004-2015",12
"SPI.D5.2.1.SNAU","Djibouti","DJI","2004-2015",12
"SPI.D5.2.1.SNAU","Dominica","DMA","2004-2015",12
"SPI.D5.2.1.SNAU","Dominican Republic","DOM","2004-2015",12
"SPI.D5.2.1.SNAU","Ecuador","ECU","2004-2015",12
"SPI.D5.2.1.SNAU","Egypt, Arab Rep.","EGY","2004-2015",12
"SPI.D5.2.1.SNAU","El Salvador","SLV","2004-2015",12
"SPI.D5.2.1.SNAU","Equatorial Guinea","GNQ","2004-2015",12
"SPI.D5.2.1.SNAU","Eritrea","ERI","2004-2015",12
"SPI.D5.2.1.SNAU","Estonia","EST","2004-2015",12
"SPI.D5.2.1.SNAU","Eswatini","SWZ","2004-2015",12
"SPI.D5.2.1.SNAU","Ethiopia","ETH","2004-2015",12
"SPI.D5.2.1.SNAU","Faroe Islands","FRO","2004-2015",12
"SPI.D5.2.1.SNAU","Fiji","FJI","2004-2015",12
"SPI.D5.2.1.SNAU","Finland","FIN","2004-2015",12
"SPI.D5.2.1.SNAU","France","FRA","2004-2015",12
"SPI.D5.2.1.SNAU","French Polynesia","PYF","2004-2015",12
"SPI.D5.2.1.SNAU","Gabon","GAB","2004-2015",12
"SPI.D5.2.1.SNAU","Gambia, The","GMB","2004-2015",12
"SPI.D5.2.1.SNAU","Georgia","GEO","2004-2015",12
"SPI.D5.2.1.SNAU","Germany","DEU","2004-2015",12
"SPI.D5.2.1.SNAU","Ghana","GHA","2004-2015",12
"SPI.D5.2.1.SNAU","Gibraltar","GIB","2004-2015",12
"SPI.D5.2.1.SNAU","Greece","GRC","2004-2015",12
"SPI.D5.2.1.SNAU","Greenland","GRL","2004-2015",12
"SPI.D5.2.1.SNAU","Grenada","GRD","2004-2015",12
"SPI.D5.2.1.SNAU","Guam","GUM","2004-2015",12
"SPI.D5.2.1.SNAU","Guatemala","GTM","2004-2015",12
"SPI.D5.2.1.SNAU","Guinea","GIN","2004-2015",12
"SPI.D5.2.1.SNAU","Guinea-Bissau","GNB","2004-2015",12
"SPI.D5.2.1.SNAU","Guyana","GUY","2004-2015",12
"SPI.D5.2.1.SNAU","Haiti","HTI","2004-2015",12
"SPI.D5.2.1.SNAU","Honduras","HND","2004-2015",12
"SPI.D5.2.1.SNAU","Hong Kong SAR, China","HKG","2004-2015",12
"SPI.D5.2.1.SNAU","Hungary","HUN","2004-2015",12
"SPI.D5.2.1.SNAU","Iceland","ISL","2004-2015",12
"SPI.D5.2.1.SNAU","India","IND","2004-2015",12
"SPI.D5.2.1.SNAU","Indonesia","IDN","2004-2015",12
"SPI.D5.2.1.SNAU","Iran, Islamic Rep.","IRN","2004-2015",12
"SPI.D5.2.1.SNAU","Iraq","IRQ","2004-2015",12
"SPI.D5.2.1.SNAU","Ireland","IRL","2004-2015",12
"SPI.D5.2.1.SNAU","Isle of Man","IMN","2004-2016",13
"SPI.D5.2.1.SNAU","Israel","ISR","2004-2015",12
"SPI.D5.2.1.SNAU","Italy","ITA","2004-2015",12
"SPI.D5.2.1.SNAU","Jamaica","JAM","2004-2015",12
"SPI.D5.2.1.SNAU","Japan","JPN","2004-2015",12
"SPI.D5.2.1.SNAU","Jordan","JOR","2004-2015",12
"SPI.D5.2.1.SNAU","Kazakhstan","KAZ","2004-2015",12
"SPI.D5.2.1.SNAU","Kenya","KEN","2004-2015",12
"SPI.D5.2.1.SNAU","Kiribati","KIR","2004-2015",12
"SPI.D5.2.1.SNAU","Korea, Dem. People's Rep.","PRK","2004-2015",12
"SPI.D5.2.1.SNAU","Korea, Rep.","KOR","2004-2015",12
"SPI.D5.2.1.SNAU","Kosovo","XKX","2004-2016",13
"SPI.D5.2.1.SNAU","Kuwait","KWT","2004-2015",12
"SPI.D5.2.1.SNAU","Kyrgyz Republic","KGZ","2004-2015",12
"SPI.D5.2.1.SNAU","Lao PDR","LAO","2004-2015",12
"SPI.D5.2.1.SNAU","Latvia","LVA","2004-2015",12
"SPI.D5.2.1.SNAU","Lebanon","LBN","2004-2015",12
"SPI.D5.2.1.SNAU","Lesotho","LSO","2004-2015",12
"SPI.D5.2.1.SNAU","Liberia","LBR","2004-2015",12
"SPI.D5.2.1.SNAU","Libya","LBY","2004-2015",12
"SPI.D5.2.1.SNAU","Liechtenstein","LIE","2004-2015",12
"SPI.D5.2.1.SNAU","Lithuania","LTU","2004-2015",12
"SPI.D5.2.1.SNAU","Luxembourg","LUX","2004-2015",12
"SPI.D5.2.1.SNAU","Macao SAR, China","MAC","2004-2015",12
"SPI.D5.2.1.SNAU","Madagascar","MDG","2004-2015",12
"SPI.D5.2.1.SNAU","Malawi","MWI","2004-2015",12
"SPI.D5.2.1.SNAU","Malaysia","MYS","2004-2015",12
"SPI.D5.2.1.SNAU","Maldives","MDV","2004-2015",12
"SPI.D5.2.1.SNAU","Mali","MLI","2004-2015",12
"SPI.D5.2.1.SNAU","Malta","MLT","2004-2015",12
"SPI.D5.2.1.SNAU","Marshall Islands","MHL","2004-2015",12
"SPI.D5.2.1.SNAU","Mauritania","MRT","2004-2015",12
"SPI.D5.2.1.SNAU","Mauritius","MUS","2004-2015",12
"SPI.D5.2.1.SNAU","Mexico","MEX","2004-2015",12
"SPI.D5.2.1.SNAU","Micronesia, Fed. Sts.","FSM","2004-2015",12
"SPI.D5.2.1.SNAU","Moldova","MDA","2004-2015",12
"SPI.D5.2.1.SNAU","Monaco","MCO","2004-2015",12
"SPI.D5.2.1.SNAU","Mongolia","MNG","2004-2015",12
"SPI.D5.2.1.SNAU","Montenegro","MNE","2004-2015",12
"SPI.D5.2.1.SNAU","Morocco","MAR","2004-2015",12
"SPI.D5.2.1.SNAU","Mozambique","MOZ","2004-2015",12
"SPI.D5.2.1.SNAU","Myanmar","MMR","2004-2015",12
"SPI.D5.2.1.SNAU","Namibia","NAM","2004-2015",12
"SPI.D5.2.1.SNAU","Nauru","NRU","2004-2015",12
"SPI.D5.2.1.SNAU","Nepal","NPL","2004-2015",12
"SPI.D5.2.1.SNAU","Netherlands","NLD","2004-2015",12
"SPI.D5.2.1.SNAU","New Caledonia","NCL","2004-2015",12
"SPI.D5.2.1.SNAU","New Zealand","NZL","2004-2015",12
"SPI.D5.2.1.SNAU","Nicaragua","NIC","2004-2015",12
"SPI.D5.2.1.SNAU","Niger","NER","2004-2015",12
"SPI.D5.2.1.SNAU","Nigeria","NGA","2004-2015",12
"SPI.D5.2.1.SNAU","North Macedonia","MKD","2004-2015",12
"SPI.D5.2.1.SNAU","Northern Mariana Islands","MNP","2004-2015",12
"SPI.D5.2.1.SNAU","Norway","NOR","2004-2015",12
"SPI.D5.2.1.SNAU","Oman","OMN","2004-2015",12
"SPI.D5.2.1.SNAU","Pakistan","PAK","2004-2015",12
"SPI.D5.2.1.SNAU","Palau","PLW","2004-2015",12
"SPI.D5.2.1.SNAU","Panama","PAN","2004-2015",12
"SPI.D5.2.1.SNAU","Papua New Guinea","PNG","2004-2015",12
"SPI.D5.2.1.SNAU","Paraguay","PRY","2004-2015",12
"SPI.D5.2.1.SNAU","Peru","PER","2004-2015",12
"SPI.D5.2.1.SNAU","Philippines","PHL","2004-2015",12
"SPI.D5.2.1.SNAU","Poland","POL","2004-2015",12
"SPI.D5.2.1.SNAU","Portugal","PRT","2004-2015",12
"SPI.D5.2.1.SNAU","Puerto Rico","PRI","2004-2015",12
"SPI.D5.2.1.SNAU","Qatar","QAT","2004-2015",12
"SPI.D5.2.1.SNAU","Romania","ROU","2004-2016",13
"SPI.D5.2.1.SNAU","Russian Federation","RUS","2004-2015",12
"SPI.D5.2.1.SNAU","Rwanda","RWA","2004-2015",12
"SPI.D5.2.1.SNAU","Samoa","WSM","2004-2015",12
"SPI.D5.2.1.SNAU","San Marino","SMR","2004-2015",12
"SPI.D5.2.1.SNAU","Sao Tome and Principe","STP","2004-2015",12
"SPI.D5.2.1.SNAU","Saudi Arabia","SAU","2004-2015",12
"SPI.D5.2.1.SNAU","Senegal","SEN","2004-2015",12
"SPI.D5.2.1.SNAU","Serbia","SRB","2004-2015",12
"SPI.D5.2.1.SNAU","Seychelles","SYC","2004-2015",12
"SPI.D5.2.1.SNAU","Sierra Leone","SLE","2004-2015",12
"SPI.D5.2.1.SNAU","Singapore","SGP","2004-2015",12
"SPI.D5.2.1.SNAU","Sint Maarten (Dutch part)","SXM","2004-2015",12
"SPI.D5.2.1.SNAU","Slovak Republic","SVK","2004-2015",12
"SPI.D5.2.1.SNAU","Slovenia","SVN","2004-2015",12
"SPI.D5.2.1.SNAU","Solomon Islands","SLB","2004-2015",12
"SPI.D5.2.1.SNAU","Somalia","SOM","2004-2015",12
"SPI.D5.2.1.SNAU","South Africa","ZAF","2004-2015",12
"SPI.D5.2.1.SNAU","South Sudan","SSD","2004-2015",12
"SPI.D5.2.1.SNAU","Spain","ESP","2004-2015",12
"SPI.D5.2.1.SNAU","Sri Lanka","LKA","2004-2015",12
"SPI.D5.2.1.SNAU","St. Kitts and Nevis","KNA","2004-2015",12
"SPI.D5.2.1.SNAU","St. Lucia","LCA","2004-2015",12
"SPI.D5.2.1.SNAU","St. Martin (French part)","MAF","2004-2015",12
"SPI.D5.2.1.SNAU","St. Vincent and the Grenadines","VCT","2004-2015",12
"SPI.D5.2.1.SNAU","Sudan","SDN","2004-2015",12
"SPI.D5.2.1.SNAU","Suriname","SUR","2004-2015",12
"SPI.D5.2.1.SNAU","Sweden","SWE","2004-2015",12
"SPI.D5.2.1.SNAU","Switzerland","CHE","2004-2015",12
"SPI.D5.2.1.SNAU","Syrian Arab Republic","SYR","2004-2015",12
"SPI.D5.2.1.SNAU","Tajikistan","TJK","2004-2015",12
"SPI.D5.2.1.SNAU","Tanzania","TZA","2004-2015",12
"SPI.D5.2.1.SNAU","Thailand","THA","2004-2015",12
"SPI.D5.2.1.SNAU","Timor-Leste","TLS","2004-2016",13
"SPI.D5.2.1.SNAU","Togo","TGO","2004-2015",12
"SPI.D5.2.1.SNAU","Tonga","TON","2004-2015",12
"SPI.D5.2.1.SNAU","Trinidad and Tobago","TTO","2004-2015",12
"SPI.D5.2.1.SNAU","Tunisia","TUN","2004-2015",12
"SPI.D5.2.1.SNAU","Turkiye","TUR","2004-2015",12
"SPI.D5.2.1.SNAU","Turkmenistan","TKM","2004-2015",12
"SPI.D5.2.1.SNAU","Turks and Caicos Islands","TCA","2004-2015",12
"SPI.D5.2.1.SNAU","Tuvalu","TUV","2004-2015",12
"SPI.D5.2.1.SNAU","Uganda","UGA","2004-2015",12
"SPI.D5.2.1.SNAU","Ukraine","UKR","2004-2015",12
"SPI.D5.2.1.SNAU","United Arab Emirates","ARE","2004-2015",12
"SPI.D5.2.1.SNAU","United Kingdom","GBR","2004-2015",12
"SPI.D5.2.1.SNAU","United States","USA","2004-2015",12
"SPI.D5.2.1.SNAU","Uruguay","URY","2004-2015",12
"SPI.D5.2.1.SNAU","Uzbekistan","UZB","2004-2015",12
"SPI.D5.2.1.SNAU","Vanuatu","VUT","2004-2015",12
"SPI.D5.2.1.SNAU","Venezuela, RB","VEN","2004-2015",12
"SPI.D5.2.1.SNAU","Viet Nam","VNM","2004-2015",12
"SPI.D5.2.1.SNAU","Virgin Islands (U.S.)","VIR","2004-2015",12
"SPI.D5.2.1.SNAU","West Bank and Gaza","PSE","2004-2016",13
"SPI.D5.2.1.SNAU","Yemen, Rep.","YEM","2004-2015",12
"SPI.D5.2.1.SNAU","Zambia","ZMB","2004-2015",12
"SPI.D5.2.1.SNAU","Zimbabwe","ZWE","2004-2015",12
"SPI.D5.2.10.GSBP","Afghanistan","AFG","2004-2015",12
"SPI.D5.2.10.GSBP","Albania","ALB","2004-2015",12
"SPI.D5.2.10.GSBP","Algeria","DZA","2004-2015",12
"SPI.D5.2.10.GSBP","American Samoa","ASM","2004-2023",20
"SPI.D5.2.10.GSBP","Andorra","AND","2004-2019",16
"SPI.D5.2.10.GSBP","Angola","AGO","2004-2015",12
"SPI.D5.2.10.GSBP","Antigua and Barbuda","ATG","2004-2015",12
"SPI.D5.2.10.GSBP","Argentina","ARG","2004-2015",12
"SPI.D5.2.10.GSBP","Armenia","ARM","2004-2015",12
"SPI.D5.2.10.GSBP","Aruba","ABW","2004-2023",20
"SPI.D5.2.10.GSBP","Azerbaijan","AZE","2004-2015",12
"SPI.D5.2.10.GSBP","Bahamas, The","BHS","2004-2015",12
"SPI.D5.2.10.GSBP","Bahrain","BHR","2004-2015",12
"SPI.D5.2.10.GSBP","Bangladesh","BGD","2004-2015",12
"SPI.D5.2.10.GSBP","Barbados","BRB","2004-2015",12
"SPI.D5.2.10.GSBP","Belarus","BLR","2004-2015",12
"SPI.D5.2.10.GSBP","Belize","BLZ","2004-2015",12
"SPI.D5.2.10.GSBP","Benin","BEN","2004-2015",12
"SPI.D5.2.10.GSBP","Bermuda","BMU","2004-2023",20
"SPI.D5.2.10.GSBP","Bhutan","BTN","2004-2015",12
"SPI.D5.2.10.GSBP","Bolivia","BOL","2004-2015",12
"SPI.D5.2.10.GSBP","Bosnia and Herzegovina","BIH","2004-2015",12
"SPI.D5.2.10.GSBP","Botswana","BWA","2004-2015",12
"SPI.D5.2.10.GSBP","Brazil","BRA","2004-2015",12
"SPI.D5.2.10.GSBP","British Virgin Islands","VGB","2004-2023",20
"SPI.D5.2.10.GSBP","Brunei Darussalam","BRN","2004-2015",12
"SPI.D5.2.10.GSBP","Bulgaria","BGR","2004-2015",12
"SPI.D5.2.10.GSBP","Burkina Faso","BFA","2004-2015",12
"SPI.D5.2.10.GSBP","Burundi","BDI","2004-2015",12
"SPI.D5.2.10.GSBP","Cabo Verde","CPV","2004-2015",12
"SPI.D5.2.10.GSBP","Cambodia","KHM","2004-2015",12
"SPI.D5.2.10.GSBP","Cameroon","CMR","2004-2015",12
"SPI.D5.2.10.GSBP","Cayman Islands","CYM","2004-2023",20
"SPI.D5.2.10.GSBP","Central African Republic","CAF","2004-2015",12
"SPI.D5.2.10.GSBP","Chad","TCD","2004-2015",12
"SPI.D5.2.10.GSBP","Channel Islands","CHI","2004-2023",20
"SPI.D5.2.10.GSBP","China","CHN","2004-2015",12
"SPI.D5.2.10.GSBP","Colombia","COL","2004-2015",12
"SPI.D5.2.10.GSBP","Comoros","COM","2004-2015",12
"SPI.D5.2.10.GSBP","Congo, Dem. Rep.","COD","2004-2015",12
"SPI.D5.2.10.GSBP","Congo, Rep.","COG","2004-2015",12
"SPI.D5.2.10.GSBP","Costa Rica","CRI","2004-2015",12
"SPI.D5.2.10.GSBP","Cote d'Ivoire","CIV","2004-2015",12
"SPI.D5.2.10.GSBP","Croatia","HRV","2004-2015",12
"SPI.D5.2.10.GSBP","Cuba","CUB","2004-2023",20
"SPI.D5.2.10.GSBP","Curacao","CUW","2004-2023",20
"SPI.D5.2.10.GSBP","Cyprus","CYP","2004-2015",12
"SPI.D5.2.10.GSBP","Djibouti","DJI","2004-2015",12
"SPI.D5.2.10.GSBP","Dominica","DMA","2004-2015",12
"SPI.D5.2.10.GSBP","Dominican Republic","DOM","2004-2015",12
"SPI.D5.2.10.GSBP","Ecuador","ECU","2004-2015",12
"SPI.D5.2.10.GSBP","Egypt, Arab Rep.","EGY","2004-2015",12
"SPI.D5.2.10.GSBP","El Salvador","SLV","2004-2015",12
"SPI.D5.2.10.GSBP","Equatorial Guinea","GNQ","2004-2015",12
"SPI.D5.2.10.GSBP","Eritrea","ERI","2004-2015",12
"SPI.D5.2.10.GSBP","Eswatini","SWZ","2004-2015",12
"SPI.D5.2.10.GSBP","Ethiopia","ETH","2004-2015",12
"SPI.D5.2.10.GSBP","Faroe Islands","FRO","2004-2023",20
"SPI.D5.2.10.GSBP","Fiji","FJI","2004-2015",12
"SPI.D5.2.10.GSBP","French Polynesia","PYF","2004-2023",20
"SPI.D5.2.10.GSBP","Gabon","GAB","2004-2015",12
"SPI.D5.2.10.GSBP","Gambia, The","GMB","2004-2015",12
"SPI.D5.2.10.GSBP","Georgia","GEO","2004-2015",12
"SPI.D5.2.10.GSBP","Ghana","GHA","2004-2015",12
"SPI.D5.2.10.GSBP","Gibraltar","GIB","2004-2023",20
"SPI.D5.2.10.GSBP","Greenland","GRL","2004-2023",20
"SPI.D5.2.10.GSBP","Grenada","GRD","2004-2015",12
"SPI.D5.2.10.GSBP","Guam","GUM","2004-2023",20
"SPI.D5.2.10.GSBP","Guatemala","GTM","2004-2015",12
"SPI.D5.2.10.GSBP","Guinea","GIN","2004-2015",12
"SPI.D5.2.10.GSBP","Guinea-Bissau","GNB","2004-2015",12
"SPI.D5.2.10.GSBP","Guyana","GUY","2004-2015",12
"SPI.D5.2.10.GSBP","Haiti","HTI","2004-2015",12
"SPI.D5.2.10.GSBP","Honduras","HND","2004-2015",12
"SPI.D5.2.10.GSBP","Hong Kong SAR, China","HKG","2004-2023",20
"SPI.D5.2.10.GSBP","India","IND","2004-2015",12
"SPI.D5.2.10.GSBP","Indonesia","IDN","2004-2015",12
"SPI.D5.2.10.GSBP","Iran, Islamic Rep.","IRN","2004-2015",12
"SPI.D5.2.10.GSBP","Iraq","IRQ","2004-2015",12
"SPI.D5.2.10.GSBP","Isle of Man","IMN","2004-2023",20
"SPI.D5.2.10.GSBP","Jamaica","JAM","2004-2015",12
"SPI.D5.2.10.GSBP","Jordan","JOR","2004-2015",12
"SPI.D5.2.10.GSBP","Kazakhstan","KAZ","2004-2015",12
"SPI.D5.2.10.GSBP","Kenya","KEN","2004-2015",12
"SPI.D5.2.10.GSBP","Kiribati","KIR","2004-2015",12
"SPI.D5.2.10.GSBP","Korea, Dem. People's Rep.","PRK","2004-2023",20
"SPI.D5.2.10.GSBP","Kosovo","XKX","2004-2015",12
"SPI.D5.2.10.GSBP","Kuwait","KWT","2004-2015",12
"SPI.D5.2.10.GSBP","Kyrgyz Republic","KGZ","2004-2015",12
"SPI.D5.2.10.GSBP","Lao PDR","LAO","2004-2015",12
"SPI.D5.2.10.GSBP","Lebanon","LBN","2004-2015",12
"SPI.D5.2.10.GSBP","Lesotho","LSO","2004-2015",12
"SPI.D5.2.10.GSBP","Liberia","LBR","2004-2015",12
"SPI.D5.2.10.GSBP","Libya","LBY","2004-2015",12
"SPI.D5.2.10.GSBP","Liechtenstein","LIE","2004-2023",20
"SPI.D5.2.10.GSBP","Macao SAR, China","MAC","2004-2023",20
"SPI.D5.2.10.GSBP","Madagascar","MDG","2004-2015",12
"SPI.D5.2.10.GSBP","Malawi","MWI","2004-2015",12
"SPI.D5.2.10.GSBP","Malaysia","MYS","2004-2015",12
"SPI.D5.2.10.GSBP","Maldives","MDV","2004-2015",12
"SPI.D5.2.10.GSBP","Mali","MLI","2004-2015",12
"SPI.D5.2.10.GSBP","Malta","MLT","2004-2015",12
"SPI.D5.2.10.GSBP","Marshall Islands","MHL","2004-2015",12
"SPI.D5.2.10.GSBP","Mauritania","MRT","2004-2015",12
"SPI.D5.2.10.GSBP","Mauritius","MUS","2004-2015",12
"SPI.D5.2.10.GSBP","Mexico","MEX","2004-2015",12
"SPI.D5.2.10.GSBP","Micronesia, Fed. Sts.","FSM","2004-2015",12
"SPI.D5.2.10.GSBP","Moldova","MDA","2004-2015",12
"SPI.D5.2.10.GSBP","Monaco","MCO","2004-2023",20
"SPI.D5.2.10.GSBP","Mongolia","MNG","2004-2015",12
"SPI.D5.2.10.GSBP","Montenegro","MNE","2004-2015",12
"SPI.D5.2.10.GSBP","Morocco","MAR","2004-2015",12
"SPI.D5.2.10.GSBP","Mozambique","MOZ","2004-2015",12
"SPI.D5.2.10.GSBP","Myanmar","MMR","2004-2015",12
"SPI.D5.2.10.GSBP","Namibia","NAM","2004-2015",12
"SPI.D5.2.10.GSBP","Nauru","NRU","2004-2015",12
"SPI.D5.2.10.GSBP","Nepal","NPL","2004-2015",12
"SPI.D5.2.10.GSBP","New Caledonia","NCL","2004-2023",20
"SPI.D5.2.10.GSBP","Nicaragua","NIC","2004-2015",12
"SPI.D5.2.10.GSBP","Niger","NER","2004-2015",12
"SPI.D5.2.10.GSBP","Nigeria","NGA","2004-2015",12
"SPI.D5.2.10.GSBP","North Macedonia","MKD","2004-2015",12
"SPI.D5.2.10.GSBP","Northern Mariana Islands","MNP","2004-2023",20
"SPI.D5.2.10.GSBP","Oman","OMN","2004-2015",12
"SPI.D5.2.10.GSBP","Pakistan","PAK","2004-2015",12
"SPI.D5.2.10.GSBP","Palau","PLW","2004-2015",12
"SPI.D5.2.10.GSBP","Panama","PAN","2004-2015",12
"SPI.D5.2.10.GSBP","Papua New Guinea","PNG","2004-2015",12
"SPI.D5.2.10.GSBP","Paraguay","PRY","2004-2015",12
"SPI.D5.2.10.GSBP","Peru","PER","2004-2015",12
"SPI.D5.2.10.GSBP","Philippines","PHL","2004-2015",12
"SPI.D5.2.10.GSBP","Puerto Rico","PRI","2004-2023",20
"SPI.D5.2.10.GSBP","Qatar","QAT","2004-2015",12
"SPI.D5.2.10.GSBP","Romania","ROU","2004-2015",12
"SPI.D5.2.10.GSBP","Russian Federation","RUS","2004-2015",12
"SPI.D5.2.10.GSBP","Rwanda","RWA","2004-2015",12
"SPI.D5.2.10.GSBP","Samoa","WSM","2004-2015",12
"SPI.D5.2.10.GSBP","San Marino","SMR","2004-2015",12
"SPI.D5.2.10.GSBP","Sao Tome and Principe","STP","2004-2015",12
"SPI.D5.2.10.GSBP","Saudi Arabia","SAU","2004-2015",12
"SPI.D5.2.10.GSBP","Senegal","SEN","2004-2015",12
"SPI.D5.2.10.GSBP","Serbia","SRB","2004-2015",12
"SPI.D5.2.10.GSBP","Seychelles","SYC","2004-2015",12
"SPI.D5.2.10.GSBP","Sierra Leone","SLE","2004-2015",12
"SPI.D5.2.10.GSBP","Sint Maarten (Dutch part)","SXM","2004-2023",20
"SPI.D5.2.10.GSBP","Solomon Islands","SLB","2004-2015",12
"SPI.D5.2.10.GSBP","Somalia","SOM","2004-2015",12
"SPI.D5.2.10.GSBP","South Africa","ZAF","2004-2015",12
"SPI.D5.2.10.GSBP","South Sudan","SSD","2004-2015",12
"SPI.D5.2.10.GSBP","Sri Lanka","LKA","2004-2015",12
"SPI.D5.2.10.GSBP","St. Kitts and Nevis","KNA","2004-2015",12
"SPI.D5.2.10.GSBP","St. Lucia","LCA","2004-2015",12
"SPI.D5.2.10.GSBP","St. Martin (French part)","MAF","2004-2023",20
"SPI.D5.2.10.GSBP","St. Vincent and the Grenadines","VCT","2004-2015",12
"SPI.D5.2.10.GSBP","Sudan","SDN","2004-2015",12
"SPI.D5.2.10.GSBP","Suriname","SUR","2004-2015",12
"SPI.D5.2.10.GSBP","Syrian Arab Republic","SYR","2004-2015",12
"SPI.D5.2.10.GSBP","Tajikistan","TJK","2004-2015",12
"SPI.D5.2.10.GSBP","Tanzania","TZA","2004-2015",12
"SPI.D5.2.10.GSBP","Thailand","THA","2004-2015",12
"SPI.D5.2.10.GSBP","Timor-Leste","TLS","2004-2015",12
"SPI.D5.2.10.GSBP","Togo","TGO","2004-2015",12
"SPI.D5.2.10.GSBP","Tonga","TON","2004-2015",12
"SPI.D5.2.10.GSBP","Trinidad and Tobago","TTO","2004-2015",12
"SPI.D5.2.10.GSBP","Tunisia","TUN","2004-2015",12
"SPI.D5.2.10.GSBP","Turkiye","TUR","2004-2015",12
"SPI.D5.2.10.GSBP","Turkmenistan","TKM","2004-2015",12
"SPI.D5.2.10.GSBP","Turks and Caicos Islands","TCA","2004-2023",20
"SPI.D5.2.10.GSBP","Tuvalu","TUV","2004-2015",12
"SPI.D5.2.10.GSBP","Uganda","UGA","2004-2015",12
"SPI.D5.2.10.GSBP","Ukraine","UKR","2004-2015",12
"SPI.D5.2.10.GSBP","United Arab Emirates","ARE","2004-2015",12
"SPI.D5.2.10.GSBP","Uruguay","URY","2004-2015",12
"SPI.D5.2.10.GSBP","Uzbekistan","UZB","2004-2015",12
"SPI.D5.2.10.GSBP","Vanuatu","VUT","2004-2015",12
"SPI.D5.2.10.GSBP","Venezuela, RB","VEN","2004-2015",12
"SPI.D5.2.10.GSBP","Viet Nam","VNM","2004-2015",12
"SPI.D5.2.10.GSBP","Virgin Islands (U.S.)","VIR","2004-2023",20
"SPI.D5.2.10.GSBP","West Bank and Gaza","PSE","2004-2015",12
"SPI.D5.2.10.GSBP","Yemen, Rep.","YEM","2004-2015",12
"SPI.D5.2.10.GSBP","Zambia","ZMB","2004-2015",12
"SPI.D5.2.10.GSBP","Zimbabwe","ZWE","2004-2015",12
"SPI.D5.2.2.NABY","Afghanistan","AFG","2004-2015",12
"SPI.D5.2.2.NABY","Albania","ALB","2004-2015",12
"SPI.D5.2.2.NABY","Algeria","DZA","2004-2015",12
"SPI.D5.2.2.NABY","American Samoa","ASM","2004-2015",12
"SPI.D5.2.2.NABY","Andorra","AND","2004-2016",13
"SPI.D5.2.2.NABY","Angola","AGO","2004-2015",12
"SPI.D5.2.2.NABY","Antigua and Barbuda","ATG","2004-2015",12
"SPI.D5.2.2.NABY","Argentina","ARG","2004-2015",12
"SPI.D5.2.2.NABY","Armenia","ARM","2004-2015",12
"SPI.D5.2.2.NABY","Aruba","ABW","2004-2015",12
"SPI.D5.2.2.NABY","Australia","AUS","2004-2015",12
"SPI.D5.2.2.NABY","Austria","AUT","2004-2015",12
"SPI.D5.2.2.NABY","Azerbaijan","AZE","2004-2015",12
"SPI.D5.2.2.NABY","Bahamas, The","BHS","2004-2015",12
"SPI.D5.2.2.NABY","Bahrain","BHR","2004-2015",12
"SPI.D5.2.2.NABY","Bangladesh","BGD","2004-2015",12
"SPI.D5.2.2.NABY","Barbados","BRB","2004-2015",12
"SPI.D5.2.2.NABY","Belarus","BLR","2004-2015",12
"SPI.D5.2.2.NABY","Belgium","BEL","2004-2015",12
"SPI.D5.2.2.NABY","Belize","BLZ","2004-2015",12
"SPI.D5.2.2.NABY","Benin","BEN","2004-2015",12
"SPI.D5.2.2.NABY","Bermuda","BMU","2004-2015",12
"SPI.D5.2.2.NABY","Bhutan","BTN","2004-2015",12
"SPI.D5.2.2.NABY","Bolivia","BOL","2004-2015",12
"SPI.D5.2.2.NABY","Bosnia and Herzegovina","BIH","2004-2015",12
"SPI.D5.2.2.NABY","Botswana","BWA","2004-2015",12
"SPI.D5.2.2.NABY","Brazil","BRA","2004-2015",12
"SPI.D5.2.2.NABY","British Virgin Islands","VGB","2004-2015",12
"SPI.D5.2.2.NABY","Brunei Darussalam","BRN","2004-2015",12
"SPI.D5.2.2.NABY","Bulgaria","BGR","2004-2015",12
"SPI.D5.2.2.NABY","Burkina Faso","BFA","2004-2015",12
"SPI.D5.2.2.NABY","Burundi","BDI","2004-2015",12
"SPI.D5.2.2.NABY","Cabo Verde","CPV","2004-2015",12
"SPI.D5.2.2.NABY","Cambodia","KHM","2004-2015",12
"SPI.D5.2.2.NABY","Cameroon","CMR","2004-2015",12
"SPI.D5.2.2.NABY","Canada","CAN","2004-2015",12
"SPI.D5.2.2.NABY","Cayman Islands","CYM","2004-2015",12
"SPI.D5.2.2.NABY","Central African Republic","CAF","2004-2015",12
"SPI.D5.2.2.NABY","Chad","TCD","2004-2015",12
"SPI.D5.2.2.NABY","Channel Islands","CHI","2004-2015",12
"SPI.D5.2.2.NABY","Chile","CHL","2004-2015",12
"SPI.D5.2.2.NABY","China","CHN","2004-2015",12
"SPI.D5.2.2.NABY","Colombia","COL","2004-2015",12
"SPI.D5.2.2.NABY","Comoros","COM","2004-2015",12
"SPI.D5.2.2.NABY","Congo, Dem. Rep.","COD","2004-2016",13
"SPI.D5.2.2.NABY","Congo, Rep.","COG","2004-2015",12
"SPI.D5.2.2.NABY","Costa Rica","CRI","2004-2015",12
"SPI.D5.2.2.NABY","Cote d'Ivoire","CIV","2004-2015",12
"SPI.D5.2.2.NABY","Croatia","HRV","2004-2015",12
"SPI.D5.2.2.NABY","Cuba","CUB","2004-2015",12
"SPI.D5.2.2.NABY","Curacao","CUW","2004-2015",12
"SPI.D5.2.2.NABY","Cyprus","CYP","2004-2015",12
"SPI.D5.2.2.NABY","Czechia","CZE","2004-2015",12
"SPI.D5.2.2.NABY","Denmark","DNK","2004-2015",12
"SPI.D5.2.2.NABY","Djibouti","DJI","2004-2015",12
"SPI.D5.2.2.NABY","Dominica","DMA","2004-2015",12
"SPI.D5.2.2.NABY","Dominican Republic","DOM","2004-2015",12
"SPI.D5.2.2.NABY","Ecuador","ECU","2004-2015",12
"SPI.D5.2.2.NABY","Egypt, Arab Rep.","EGY","2004-2015",12
"SPI.D5.2.2.NABY","El Salvador","SLV","2004-2015",12
"SPI.D5.2.2.NABY","Equatorial Guinea","GNQ","2004-2015",12
"SPI.D5.2.2.NABY","Eritrea","ERI","2004-2015",12
"SPI.D5.2.2.NABY","Estonia","EST","2004-2015",12
"SPI.D5.2.2.NABY","Eswatini","SWZ","2004-2015",12
"SPI.D5.2.2.NABY","Ethiopia","ETH","2004-2015",12
"SPI.D5.2.2.NABY","Faroe Islands","FRO","2004-2015",12
"SPI.D5.2.2.NABY","Fiji","FJI","2004-2015",12
"SPI.D5.2.2.NABY","Finland","FIN","2004-2015",12
"SPI.D5.2.2.NABY","France","FRA","2004-2015",12
"SPI.D5.2.2.NABY","French Polynesia","PYF","2004-2015",12
"SPI.D5.2.2.NABY","Gabon","GAB","2004-2015",12
"SPI.D5.2.2.NABY","Gambia, The","GMB","2004-2015",12
"SPI.D5.2.2.NABY","Georgia","GEO","2004-2015",12
"SPI.D5.2.2.NABY","Germany","DEU","2004-2015",12
"SPI.D5.2.2.NABY","Ghana","GHA","2004-2015",12
"SPI.D5.2.2.NABY","Gibraltar","GIB","2004-2015",12
"SPI.D5.2.2.NABY","Greece","GRC","2004-2015",12
"SPI.D5.2.2.NABY","Greenland","GRL","2004-2015",12
"SPI.D5.2.2.NABY","Grenada","GRD","2004-2015",12
"SPI.D5.2.2.NABY","Guam","GUM","2004-2015",12
"SPI.D5.2.2.NABY","Guatemala","GTM","2004-2015",12
"SPI.D5.2.2.NABY","Guinea","GIN","2004-2015",12
"SPI.D5.2.2.NABY","Guinea-Bissau","GNB","2004-2015",12
"SPI.D5.2.2.NABY","Guyana","GUY","2004-2015",12
"SPI.D5.2.2.NABY","Haiti","HTI","2004-2015",12
"SPI.D5.2.2.NABY","Honduras","HND","2004-2015",12
"SPI.D5.2.2.NABY","Hong Kong SAR, China","HKG","2004-2015",12
"SPI.D5.2.2.NABY","Hungary","HUN","2004-2015",12
"SPI.D5.2.2.NABY","Iceland","ISL","2004-2015",12
"SPI.D5.2.2.NABY","India","IND","2004-2015",12
"SPI.D5.2.2.NABY","Indonesia","IDN","2004-2015",12
"SPI.D5.2.2.NABY","Iran, Islamic Rep.","IRN","2004-2015",12
"SPI.D5.2.2.NABY","Iraq","IRQ","2004-2015",12
"SPI.D5.2.2.NABY","Ireland","IRL","2004-2015",12
"SPI.D5.2.2.NABY","Isle of Man","IMN","2004-2016",13
"SPI.D5.2.2.NABY","Israel","ISR","2004-2015",12
"SPI.D5.2.2.NABY","Italy","ITA","2004-2015",12
"SPI.D5.2.2.NABY","Jamaica","JAM","2004-2015",12
"SPI.D5.2.2.NABY","Japan","JPN","2004-2015",12
"SPI.D5.2.2.NABY","Jordan","JOR","2004-2015",12
"SPI.D5.2.2.NABY","Kazakhstan","KAZ","2004-2015",12
"SPI.D5.2.2.NABY","Kenya","KEN","2004-2015",12
"SPI.D5.2.2.NABY","Kiribati","KIR","2004-2015",12
"SPI.D5.2.2.NABY","Korea, Dem. People's Rep.","PRK","2004-2015",12
"SPI.D5.2.2.NABY","Korea, Rep.","KOR","2004-2015",12
"SPI.D5.2.2.NABY","Kosovo","XKX","2004-2016",13
"SPI.D5.2.2.NABY","Kuwait","KWT","2004-2015",12
"SPI.D5.2.2.NABY","Kyrgyz Republic","KGZ","2004-2015",12
"SPI.D5.2.2.NABY","Lao PDR","LAO","2004-2015",12
"SPI.D5.2.2.NABY","Latvia","LVA","2004-2015",12
"SPI.D5.2.2.NABY","Lebanon","LBN","2004-2015",12
"SPI.D5.2.2.NABY","Lesotho","LSO","2004-2015",12
"SPI.D5.2.2.NABY","Liberia","LBR","2004-2015",12
"SPI.D5.2.2.NABY","Libya","LBY","2004-2015",12
"SPI.D5.2.2.NABY","Liechtenstein","LIE","2004-2015",12
"SPI.D5.2.2.NABY","Lithuania","LTU","2004-2015",12
"SPI.D5.2.2.NABY","Luxembourg","LUX","2004-2015",12
"SPI.D5.2.2.NABY","Macao SAR, China","MAC","2004-2015",12
"SPI.D5.2.2.NABY","Madagascar","MDG","2004-2015",12
"SPI.D5.2.2.NABY","Malawi","MWI","2004-2015",12
"SPI.D5.2.2.NABY","Malaysia","MYS","2004-2015",12
"SPI.D5.2.2.NABY","Maldives","MDV","2004-2015",12
"SPI.D5.2.2.NABY","Mali","MLI","2004-2015",12
"SPI.D5.2.2.NABY","Malta","MLT","2004-2015",12
"SPI.D5.2.2.NABY","Marshall Islands","MHL","2004-2015",12
"SPI.D5.2.2.NABY","Mauritania","MRT","2004-2015",12
"SPI.D5.2.2.NABY","Mauritius","MUS","2004-2015",12
"SPI.D5.2.2.NABY","Mexico","MEX","2004-2015",12
"SPI.D5.2.2.NABY","Micronesia, Fed. Sts.","FSM","2004-2015",12
"SPI.D5.2.2.NABY","Moldova","MDA","2004-2015",12
"SPI.D5.2.2.NABY","Monaco","MCO","2004-2015",12
"SPI.D5.2.2.NABY","Mongolia","MNG","2004-2015",12
"SPI.D5.2.2.NABY","Montenegro","MNE","2004-2015",12
"SPI.D5.2.2.NABY","Morocco","MAR","2004-2015",12
"SPI.D5.2.2.NABY","Mozambique","MOZ","2004-2015",12
"SPI.D5.2.2.NABY","Myanmar","MMR","2004-2015",12
"SPI.D5.2.2.NABY","Namibia","NAM","2004-2015",12
"SPI.D5.2.2.NABY","Nauru","NRU","2004-2015",12
"SPI.D5.2.2.NABY","Nepal","NPL","2004-2015",12
"SPI.D5.2.2.NABY","Netherlands","NLD","2004-2015",12
"SPI.D5.2.2.NABY","New Caledonia","NCL","2004-2015",12
"SPI.D5.2.2.NABY","New Zealand","NZL","2004-2015",12
"SPI.D5.2.2.NABY","Nicaragua","NIC","2004-2015",12
"SPI.D5.2.2.NABY","Niger","NER","2004-2015",12
"SPI.D5.2.2.NABY","Nigeria","NGA","2004-2015",12
"SPI.D5.2.2.NABY","North Macedonia","MKD","2004-2015",12
"SPI.D5.2.2.NABY","Northern Mariana Islands","MNP","2004-2015",12
"SPI.D5.2.2.NABY","Norway","NOR","2004-2015",12
"SPI.D5.2.2.NABY","Oman","OMN","2004-2015",12
"SPI.D5.2.2.NABY","Pakistan","PAK","2004-2015",12
"SPI.D5.2.2.NABY","Palau","PLW","2004-2015",12
"SPI.D5.2.2.NABY","Panama","PAN","2004-2015",12
"SPI.D5.2.2.NABY","Papua New Guinea","PNG","2004-2015",12
"SPI.D5.2.2.NABY","Paraguay","PRY","2004-2015",12
"SPI.D5.2.2.NABY","Peru","PER","2004-2015",12
"SPI.D5.2.2.NABY","Philippines","PHL","2004-2015",12
"SPI.D5.2.2.NABY","Poland","POL","2004-2015",12
"SPI.D5.2.2.NABY","Portugal","PRT","2004-2015",12
"SPI.D5.2.2.NABY","Puerto Rico","PRI","2004-2015",12
"SPI.D5.2.2.NABY","Qatar","QAT","2004-2015",12
"SPI.D5.2.2.NABY","Romania","ROU","2004-2016",13
"SPI.D5.2.2.NABY","Russian Federation","RUS","2004-2015",12
"SPI.D5.2.2.NABY","Rwanda","RWA","2004-2015",12
"SPI.D5.2.2.NABY","Samoa","WSM","2004-2015",12
"SPI.D5.2.2.NABY","San Marino","SMR","2004-2015",12
"SPI.D5.2.2.NABY","Sao Tome and Principe","STP","2004-2015",12
"SPI.D5.2.2.NABY","Saudi Arabia","SAU","2004-2015",12
"SPI.D5.2.2.NABY","Senegal","SEN","2004-2015",12
"SPI.D5.2.2.NABY","Serbia","SRB","2004-2015",12
"SPI.D5.2.2.NABY","Seychelles","SYC","2004-2015",12
"SPI.D5.2.2.NABY","Sierra Leone","SLE","2004-2015",12
"SPI.D5.2.2.NABY","Singapore","SGP","2004-2015",12
"SPI.D5.2.2.NABY","Sint Maarten (Dutch part)","SXM","2004-2015",12
"SPI.D5.2.2.NABY","Slovak Republic","SVK","2004-2015",12
"SPI.D5.2.2.NABY","Slovenia","SVN","2004-2015",12
"SPI.D5.2.2.NABY","Solomon Islands","SLB","2004-2015",12
"SPI.D5.2.2.NABY","Somalia","SOM","2004-2015",12
"SPI.D5.2.2.NABY","South Africa","ZAF","2004-2015",12
"SPI.D5.2.2.NABY","South Sudan","SSD","2004-2015",12
"SPI.D5.2.2.NABY","Spain","ESP","2004-2015",12
"SPI.D5.2.2.NABY","Sri Lanka","LKA","2004-2015",12
"SPI.D5.2.2.NABY","St. Kitts and Nevis","KNA","2004-2015",12
"SPI.D5.2.2.NABY","St. Lucia","LCA","2004-2015",12
"SPI.D5.2.2.NABY","St. Martin (French part)","MAF","2004-2015",12
"SPI.D5.2.2.NABY","St. Vincent and the Grenadines","VCT","2004-2015",12
"SPI.D5.2.2.NABY","Sudan","SDN","2004-2015",12
"SPI.D5.2.2.NABY","Suriname","SUR","2004-2015",12
"SPI.D5.2.2.NABY","Sweden","SWE","2004-2015",12
"SPI.D5.2.2.NABY","Switzerland","CHE","2004-2015",12
"SPI.D5.2.2.NABY","Syrian Arab Republic","SYR","2004-2015",12
"SPI.D5.2.2.NABY","Tajikistan","TJK","2004-2015",12
"SPI.D5.2.2.NABY","Tanzania","TZA","2004-2015",12
"SPI.D5.2.2.NABY","Thailand","THA","2004-2015",12
"SPI.D5.2.2.NABY","Timor-Leste","TLS","2004-2016",13
"SPI.D5.2.2.NABY","Togo","TGO","2004-2015",12
"SPI.D5.2.2.NABY","Tonga","TON","2004-2015",12
"SPI.D5.2.2.NABY","Trinidad and Tobago","TTO","2004-2015",12
"SPI.D5.2.2.NABY","Tunisia","TUN","2004-2015",12
"SPI.D5.2.2.NABY","Turkiye","TUR","2004-2015",12
"SPI.D5.2.2.NABY","Turkmenistan","TKM","2004-2015",12
"SPI.D5.2.2.NABY","Turks and Caicos Islands","TCA","2004-2015",12
"SPI.D5.2.2.NABY","Tuvalu","TUV","2004-2015",12
"SPI.D5.2.2.NABY","Uganda","UGA","2004-2015",12
"SPI.D5.2.2.NABY","Ukraine","UKR","2004-2015",12
"SPI.D5.2.2.NABY","United Arab Emirates","ARE","2004-2015",12
"SPI.D5.2.2.NABY","United Kingdom","GBR","2004-2015",12
"SPI.D5.2.2.NABY","United States","USA","2004-2015",12
"SPI.D5.2.2.NABY","Uruguay","URY","2004-2015",12
"SPI.D5.2.2.NABY","Uzbekistan","UZB","2004-2015",12
"SPI.D5.2.2.NABY","Vanuatu","VUT","2004-2015",12
"SPI.D5.2.2.NABY","Venezuela, RB","VEN","2004-2015",12
"SPI.D5.2.2.NABY","Viet Nam","VNM","2004-2015",12
"SPI.D5.2.2.NABY","Virgin Islands (U.S.)","VIR","2004-2015",12
"SPI.D5.2.2.NABY","West Bank and Gaza","PSE","2004-2016",13
"SPI.D5.2.2.NABY","Yemen, Rep.","YEM","2004-2015",12
"SPI.D5.2.2.NABY","Zambia","ZMB","2004-2015",12
"SPI.D5.2.2.NABY","Zimbabwe","ZWE","2004-2015",12
"SPI.D5.2.3.CNIN","Afghanistan","AFG","2004-2015",12
"SPI.D5.2.3.CNIN","Albania","ALB","2004-2015",12
"SPI.D5.2.3.CNIN","Algeria","DZA","2004-2015",12
"SPI.D5.2.3.CNIN","American Samoa","ASM","2004-2023",20
"SPI.D5.2.3.CNIN","Andorra","AND","2004-2019",16
"SPI.D5.2.3.CNIN","Angola","AGO","2004-2015",12
"SPI.D5.2.3.CNIN","Antigua and Barbuda","ATG","2004-2015",12
"SPI.D5.2.3.CNIN","Argentina","ARG","2004-2015",12
"SPI.D5.2.3.CNIN","Armenia","ARM","2004-2015",12
"SPI.D5.2.3.CNIN","Aruba","ABW","2004-2023",20
"SPI.D5.2.3.CNIN","Azerbaijan","AZE","2004-2015",12
"SPI.D5.2.3.CNIN","Bahamas, The","BHS","2004-2015",12
"SPI.D5.2.3.CNIN","Bahrain","BHR","2004-2015",12
"SPI.D5.2.3.CNIN","Bangladesh","BGD","2004-2015",12
"SPI.D5.2.3.CNIN","Barbados","BRB","2004-2015",12
"SPI.D5.2.3.CNIN","Belarus","BLR","2004-2015",12
"SPI.D5.2.3.CNIN","Belize","BLZ","2004-2015",12
"SPI.D5.2.3.CNIN","Benin","BEN","2004-2015",12
"SPI.D5.2.3.CNIN","Bermuda","BMU","2004-2023",20
"SPI.D5.2.3.CNIN","Bhutan","BTN","2004-2015",12
"SPI.D5.2.3.CNIN","Bolivia","BOL","2004-2015",12
"SPI.D5.2.3.CNIN","Bosnia and Herzegovina","BIH","2004-2015",12
"SPI.D5.2.3.CNIN","Botswana","BWA","2004-2015",12
"SPI.D5.2.3.CNIN","Brazil","BRA","2004-2015",12
"SPI.D5.2.3.CNIN","British Virgin Islands","VGB","2004-2023",20
"SPI.D5.2.3.CNIN","Brunei Darussalam","BRN","2004-2015",12
"SPI.D5.2.3.CNIN","Bulgaria","BGR","2004-2015",12
"SPI.D5.2.3.CNIN","Burkina Faso","BFA","2004-2015",12
"SPI.D5.2.3.CNIN","Burundi","BDI","2004-2015",12
"SPI.D5.2.3.CNIN","Cabo Verde","CPV","2004-2015",12
"SPI.D5.2.3.CNIN","Cambodia","KHM","2004-2015",12
"SPI.D5.2.3.CNIN","Cameroon","CMR","2004-2015",12
"SPI.D5.2.3.CNIN","Cayman Islands","CYM","2004-2023",20
"SPI.D5.2.3.CNIN","Central African Republic","CAF","2004-2015",12
"SPI.D5.2.3.CNIN","Chad","TCD","2004-2015",12
"SPI.D5.2.3.CNIN","Channel Islands","CHI","2004-2023",20
"SPI.D5.2.3.CNIN","China","CHN","2004-2015",12
"SPI.D5.2.3.CNIN","Colombia","COL","2004-2015",12
"SPI.D5.2.3.CNIN","Comoros","COM","2004-2015",12
"SPI.D5.2.3.CNIN","Congo, Dem. Rep.","COD","2004-2015",12
"SPI.D5.2.3.CNIN","Congo, Rep.","COG","2004-2015",12
"SPI.D5.2.3.CNIN","Costa Rica","CRI","2004-2015",12
"SPI.D5.2.3.CNIN","Cote d'Ivoire","CIV","2004-2015",12
"SPI.D5.2.3.CNIN","Croatia","HRV","2004-2015",12
"SPI.D5.2.3.CNIN","Cuba","CUB","2004-2023",20
"SPI.D5.2.3.CNIN","Curacao","CUW","2004-2023",20
"SPI.D5.2.3.CNIN","Cyprus","CYP","2004-2015",12
"SPI.D5.2.3.CNIN","Djibouti","DJI","2004-2015",12
"SPI.D5.2.3.CNIN","Dominica","DMA","2004-2015",12
"SPI.D5.2.3.CNIN","Dominican Republic","DOM","2004-2015",12
"SPI.D5.2.3.CNIN","Ecuador","ECU","2004-2015",12
"SPI.D5.2.3.CNIN","Egypt, Arab Rep.","EGY","2004-2015",12
"SPI.D5.2.3.CNIN","El Salvador","SLV","2004-2015",12
"SPI.D5.2.3.CNIN","Equatorial Guinea","GNQ","2004-2015",12
"SPI.D5.2.3.CNIN","Eritrea","ERI","2004-2015",12
"SPI.D5.2.3.CNIN","Eswatini","SWZ","2004-2015",12
"SPI.D5.2.3.CNIN","Ethiopia","ETH","2004-2015",12
"SPI.D5.2.3.CNIN","Faroe Islands","FRO","2004-2023",20
"SPI.D5.2.3.CNIN","Fiji","FJI","2004-2015",12
"SPI.D5.2.3.CNIN","French Polynesia","PYF","2004-2023",20
"SPI.D5.2.3.CNIN","Gabon","GAB","2004-2015",12
"SPI.D5.2.3.CNIN","Gambia, The","GMB","2004-2015",12
"SPI.D5.2.3.CNIN","Georgia","GEO","2004-2015",12
"SPI.D5.2.3.CNIN","Ghana","GHA","2004-2015",12
"SPI.D5.2.3.CNIN","Gibraltar","GIB","2004-2023",20
"SPI.D5.2.3.CNIN","Greenland","GRL","2004-2023",20
"SPI.D5.2.3.CNIN","Grenada","GRD","2004-2015",12
"SPI.D5.2.3.CNIN","Guam","GUM","2004-2023",20
"SPI.D5.2.3.CNIN","Guatemala","GTM","2004-2015",12
"SPI.D5.2.3.CNIN","Guinea","GIN","2004-2015",12
"SPI.D5.2.3.CNIN","Guinea-Bissau","GNB","2004-2015",12
"SPI.D5.2.3.CNIN","Guyana","GUY","2004-2015",12
"SPI.D5.2.3.CNIN","Haiti","HTI","2004-2015",12
"SPI.D5.2.3.CNIN","Honduras","HND","2004-2015",12
"SPI.D5.2.3.CNIN","Hong Kong SAR, China","HKG","2004-2023",20
"SPI.D5.2.3.CNIN","India","IND","2004-2015",12
"SPI.D5.2.3.CNIN","Indonesia","IDN","2004-2015",12
"SPI.D5.2.3.CNIN","Iran, Islamic Rep.","IRN","2004-2015",12
"SPI.D5.2.3.CNIN","Iraq","IRQ","2004-2015",12
"SPI.D5.2.3.CNIN","Isle of Man","IMN","2004-2023",20
"SPI.D5.2.3.CNIN","Jamaica","JAM","2004-2015",12
"SPI.D5.2.3.CNIN","Jordan","JOR","2004-2015",12
"SPI.D5.2.3.CNIN","Kazakhstan","KAZ","2004-2015",12
"SPI.D5.2.3.CNIN","Kenya","KEN","2004-2015",12
"SPI.D5.2.3.CNIN","Kiribati","KIR","2004-2015",12
"SPI.D5.2.3.CNIN","Korea, Dem. People's Rep.","PRK","2004-2023",20
"SPI.D5.2.3.CNIN","Kosovo","XKX","2004-2015",12
"SPI.D5.2.3.CNIN","Kuwait","KWT","2004-2015",12
"SPI.D5.2.3.CNIN","Kyrgyz Republic","KGZ","2004-2015",12
"SPI.D5.2.3.CNIN","Lao PDR","LAO","2004-2015",12
"SPI.D5.2.3.CNIN","Lebanon","LBN","2004-2015",12
"SPI.D5.2.3.CNIN","Lesotho","LSO","2004-2015",12
"SPI.D5.2.3.CNIN","Liberia","LBR","2004-2015",12
"SPI.D5.2.3.CNIN","Libya","LBY","2004-2015",12
"SPI.D5.2.3.CNIN","Liechtenstein","LIE","2004-2023",20
"SPI.D5.2.3.CNIN","Macao SAR, China","MAC","2004-2023",20
"SPI.D5.2.3.CNIN","Madagascar","MDG","2004-2015",12
"SPI.D5.2.3.CNIN","Malawi","MWI","2004-2015",12
"SPI.D5.2.3.CNIN","Malaysia","MYS","2004-2015",12
"SPI.D5.2.3.CNIN","Maldives","MDV","2004-2015",12
"SPI.D5.2.3.CNIN","Mali","MLI","2004-2015",12
"SPI.D5.2.3.CNIN","Malta","MLT","2004-2015",12
"SPI.D5.2.3.CNIN","Marshall Islands","MHL","2004-2015",12
"SPI.D5.2.3.CNIN","Mauritania","MRT","2004-2015",12
"SPI.D5.2.3.CNIN","Mauritius","MUS","2004-2015",12
"SPI.D5.2.3.CNIN","Mexico","MEX","2004-2015",12
"SPI.D5.2.3.CNIN","Micronesia, Fed. Sts.","FSM","2004-2015",12
"SPI.D5.2.3.CNIN","Moldova","MDA","2004-2015",12
"SPI.D5.2.3.CNIN","Monaco","MCO","2004-2023",20
"SPI.D5.2.3.CNIN","Mongolia","MNG","2004-2015",12
"SPI.D5.2.3.CNIN","Montenegro","MNE","2004-2015",12
"SPI.D5.2.3.CNIN","Morocco","MAR","2004-2015",12
"SPI.D5.2.3.CNIN","Mozambique","MOZ","2004-2015",12
"SPI.D5.2.3.CNIN","Myanmar","MMR","2004-2015",12
"SPI.D5.2.3.CNIN","Namibia","NAM","2004-2015",12
"SPI.D5.2.3.CNIN","Nauru","NRU","2004-2015",12
"SPI.D5.2.3.CNIN","Nepal","NPL","2004-2015",12
"SPI.D5.2.3.CNIN","New Caledonia","NCL","2004-2023",20
"SPI.D5.2.3.CNIN","Nicaragua","NIC","2004-2015",12
"SPI.D5.2.3.CNIN","Niger","NER","2004-2015",12
"SPI.D5.2.3.CNIN","Nigeria","NGA","2004-2015",12
"SPI.D5.2.3.CNIN","North Macedonia","MKD","2004-2015",12
"SPI.D5.2.3.CNIN","Northern Mariana Islands","MNP","2004-2023",20
"SPI.D5.2.3.CNIN","Oman","OMN","2004-2015",12
"SPI.D5.2.3.CNIN","Pakistan","PAK","2004-2015",12
"SPI.D5.2.3.CNIN","Palau","PLW","2004-2015",12
"SPI.D5.2.3.CNIN","Panama","PAN","2004-2015",12
"SPI.D5.2.3.CNIN","Papua New Guinea","PNG","2004-2015",12
"SPI.D5.2.3.CNIN","Paraguay","PRY","2004-2015",12
"SPI.D5.2.3.CNIN","Peru","PER","2004-2015",12
"SPI.D5.2.3.CNIN","Philippines","PHL","2004-2015",12
"SPI.D5.2.3.CNIN","Puerto Rico","PRI","2004-2023",20
"SPI.D5.2.3.CNIN","Qatar","QAT","2004-2015",12
"SPI.D5.2.3.CNIN","Romania","ROU","2004-2015",12
"SPI.D5.2.3.CNIN","Russian Federation","RUS","2004-2015",12
"SPI.D5.2.3.CNIN","Rwanda","RWA","2004-2015",12
"SPI.D5.2.3.CNIN","Samoa","WSM","2004-2015",12
"SPI.D5.2.3.CNIN","San Marino","SMR","2004-2015",12
"SPI.D5.2.3.CNIN","Sao Tome and Principe","STP","2004-2015",12
"SPI.D5.2.3.CNIN","Saudi Arabia","SAU","2004-2015",12
"SPI.D5.2.3.CNIN","Senegal","SEN","2004-2015",12
"SPI.D5.2.3.CNIN","Serbia","SRB","2004-2015",12
"SPI.D5.2.3.CNIN","Seychelles","SYC","2004-2015",12
"SPI.D5.2.3.CNIN","Sierra Leone","SLE","2004-2015",12
"SPI.D5.2.3.CNIN","Sint Maarten (Dutch part)","SXM","2004-2023",20
"SPI.D5.2.3.CNIN","Solomon Islands","SLB","2004-2015",12
"SPI.D5.2.3.CNIN","Somalia","SOM","2004-2015",12
"SPI.D5.2.3.CNIN","South Africa","ZAF","2004-2015",12
"SPI.D5.2.3.CNIN","South Sudan","SSD","2004-2015",12
"SPI.D5.2.3.CNIN","Sri Lanka","LKA","2004-2015",12
"SPI.D5.2.3.CNIN","St. Kitts and Nevis","KNA","2004-2015",12
"SPI.D5.2.3.CNIN","St. Lucia","LCA","2004-2015",12
"SPI.D5.2.3.CNIN","St. Martin (French part)","MAF","2004-2023",20
"SPI.D5.2.3.CNIN","St. Vincent and the Grenadines","VCT","2004-2015",12
"SPI.D5.2.3.CNIN","Sudan","SDN","2004-2015",12
"SPI.D5.2.3.CNIN","Suriname","SUR","2004-2015",12
"SPI.D5.2.3.CNIN","Syrian Arab Republic","SYR","2004-2015",12
"SPI.D5.2.3.CNIN","Tajikistan","TJK","2004-2015",12
"SPI.D5.2.3.CNIN","Tanzania","TZA","2004-2015",12
"SPI.D5.2.3.CNIN","Thailand","THA","2004-2015",12
"SPI.D5.2.3.CNIN","Timor-Leste","TLS","2004-2015",12
"SPI.D5.2.3.CNIN","Togo","TGO","2004-2015",12
"SPI.D5.2.3.CNIN","Tonga","TON","2004-2015",12
"SPI.D5.2.3.CNIN","Trinidad and Tobago","TTO","2004-2015",12
"SPI.D5.2.3.CNIN","Tunisia","TUN","2004-2015",12
"SPI.D5.2.3.CNIN","Turkiye","TUR","2004-2015",12
"SPI.D5.2.3.CNIN","Turkmenistan","TKM","2004-2015",12
"SPI.D5.2.3.CNIN","Turks and Caicos Islands","TCA","2004-2023",20
"SPI.D5.2.3.CNIN","Tuvalu","TUV","2004-2015",12
"SPI.D5.2.3.CNIN","Uganda","UGA","2004-2015",12
"SPI.D5.2.3.CNIN","Ukraine","UKR","2004-2015",12
"SPI.D5.2.3.CNIN","United Arab Emirates","ARE","2004-2015",12
"SPI.D5.2.3.CNIN","Uruguay","URY","2004-2015",12
"SPI.D5.2.3.CNIN","Uzbekistan","UZB","2004-2015",12
"SPI.D5.2.3.CNIN","Vanuatu","VUT","2004-2015",12
"SPI.D5.2.3.CNIN","Venezuela, RB","VEN","2004-2015",12
"SPI.D5.2.3.CNIN","Viet Nam","VNM","2004-2015",12
"SPI.D5.2.3.CNIN","Virgin Islands (U.S.)","VIR","2004-2023",20
"SPI.D5.2.3.CNIN","West Bank and Gaza","PSE","2004-2015",12
"SPI.D5.2.3.CNIN","Yemen, Rep.","YEM","2004-2015",12
"SPI.D5.2.3.CNIN","Zambia","ZMB","2004-2015",12
"SPI.D5.2.3.CNIN","Zimbabwe","ZWE","2004-2015",12
"SPI.D5.2.4.CPIBY","Afghanistan","AFG","2004-2014",11
"SPI.D5.2.4.CPIBY","Albania","ALB","2004-2014",11
"SPI.D5.2.4.CPIBY","Algeria","DZA","2004-2014",11
"SPI.D5.2.4.CPIBY","American Samoa","ASM","2004-2023",20
"SPI.D5.2.4.CPIBY","Andorra","AND","2004-2019",16
"SPI.D5.2.4.CPIBY","Angola","AGO","2004-2014",11
"SPI.D5.2.4.CPIBY","Antigua and Barbuda","ATG","2004-2014",11
"SPI.D5.2.4.CPIBY","Argentina","ARG","2004-2014",11
"SPI.D5.2.4.CPIBY","Armenia","ARM","2004-2014",11
"SPI.D5.2.4.CPIBY","Aruba","ABW","2004-2023",20
"SPI.D5.2.4.CPIBY","Australia","AUS","2004-2014",11
"SPI.D5.2.4.CPIBY","Austria","AUT","2004-2014",11
"SPI.D5.2.4.CPIBY","Azerbaijan","AZE","2004-2014",11
"SPI.D5.2.4.CPIBY","Bahamas, The","BHS","2004-2014",11
"SPI.D5.2.4.CPIBY","Bahrain","BHR","2004-2014",11
"SPI.D5.2.4.CPIBY","Bangladesh","BGD","2004-2014",11
"SPI.D5.2.4.CPIBY","Barbados","BRB","2004-2014",11
"SPI.D5.2.4.CPIBY","Belarus","BLR","2004-2014",11
"SPI.D5.2.4.CPIBY","Belgium","BEL","2004-2014",11
"SPI.D5.2.4.CPIBY","Belize","BLZ","2004-2014",11
"SPI.D5.2.4.CPIBY","Benin","BEN","2004-2014",11
"SPI.D5.2.4.CPIBY","Bermuda","BMU","2004-2023",20
"SPI.D5.2.4.CPIBY","Bhutan","BTN","2004-2014",11
"SPI.D5.2.4.CPIBY","Bolivia","BOL","2004-2014",11
"SPI.D5.2.4.CPIBY","Bosnia and Herzegovina","BIH","2004-2014",11
"SPI.D5.2.4.CPIBY","Botswana","BWA","2004-2014",11
"SPI.D5.2.4.CPIBY","Brazil","BRA","2004-2014",11
"SPI.D5.2.4.CPIBY","British Virgin Islands","VGB","2004-2023",20
"SPI.D5.2.4.CPIBY","Brunei Darussalam","BRN","2004-2014",11
"SPI.D5.2.4.CPIBY","Bulgaria","BGR","2004-2014",11
"SPI.D5.2.4.CPIBY","Burkina Faso","BFA","2004-2014",11
"SPI.D5.2.4.CPIBY","Burundi","BDI","2004-2014",11
"SPI.D5.2.4.CPIBY","Cabo Verde","CPV","2004-2014",11
"SPI.D5.2.4.CPIBY","Cambodia","KHM","2004-2014",11
"SPI.D5.2.4.CPIBY","Cameroon","CMR","2004-2014",11
"SPI.D5.2.4.CPIBY","Canada","CAN","2004-2014",11
"SPI.D5.2.4.CPIBY","Cayman Islands","CYM","2004-2023",20
"SPI.D5.2.4.CPIBY","Central African Republic","CAF","2004-2014",11
"SPI.D5.2.4.CPIBY","Chad","TCD","2004-2014",11
"SPI.D5.2.4.CPIBY","Channel Islands","CHI","2004-2023",20
"SPI.D5.2.4.CPIBY","Chile","CHL","2004-2014",11
"SPI.D5.2.4.CPIBY","China","CHN","2004-2014",11
"SPI.D5.2.4.CPIBY","Colombia","COL","2004-2014",11
"SPI.D5.2.4.CPIBY","Comoros","COM","2004-2014",11
"SPI.D5.2.4.CPIBY","Congo, Dem. Rep.","COD","2004-2014",11
"SPI.D5.2.4.CPIBY","Congo, Rep.","COG","2004-2014",11
"SPI.D5.2.4.CPIBY","Costa Rica","CRI","2004-2014",11
"SPI.D5.2.4.CPIBY","Cote d'Ivoire","CIV","2004-2014",11
"SPI.D5.2.4.CPIBY","Croatia","HRV","2004-2014",11
"SPI.D5.2.4.CPIBY","Cuba","CUB","2004-2023",20
"SPI.D5.2.4.CPIBY","Curacao","CUW","2004-2023",20
"SPI.D5.2.4.CPIBY","Cyprus","CYP","2004-2014",11
"SPI.D5.2.4.CPIBY","Czechia","CZE","2004-2014",11
"SPI.D5.2.4.CPIBY","Denmark","DNK","2004-2014",11
"SPI.D5.2.4.CPIBY","Djibouti","DJI","2004-2014",11
"SPI.D5.2.4.CPIBY","Dominica","DMA","2004-2014",11
"SPI.D5.2.4.CPIBY","Dominican Republic","DOM","2004-2014",11
"SPI.D5.2.4.CPIBY","Ecuador","ECU","2004-2014",11
"SPI.D5.2.4.CPIBY","Egypt, Arab Rep.","EGY","2004-2014",11
"SPI.D5.2.4.CPIBY","El Salvador","SLV","2004-2014",11
"SPI.D5.2.4.CPIBY","Equatorial Guinea","GNQ","2004-2014",11
"SPI.D5.2.4.CPIBY","Eritrea","ERI","2004-2014",11
"SPI.D5.2.4.CPIBY","Estonia","EST","2004-2014",11
"SPI.D5.2.4.CPIBY","Eswatini","SWZ","2004-2014",11
"SPI.D5.2.4.CPIBY","Ethiopia","ETH","2004-2014",11
"SPI.D5.2.4.CPIBY","Faroe Islands","FRO","2004-2023",20
"SPI.D5.2.4.CPIBY","Fiji","FJI","2004-2014",11
"SPI.D5.2.4.CPIBY","Finland","FIN","2004-2014",11
"SPI.D5.2.4.CPIBY","France","FRA","2004-2014",11
"SPI.D5.2.4.CPIBY","French Polynesia","PYF","2004-2023",20
"SPI.D5.2.4.CPIBY","Gabon","GAB","2004-2014",11
"SPI.D5.2.4.CPIBY","Gambia, The","GMB","2004-2014",11
"SPI.D5.2.4.CPIBY","Georgia","GEO","2004-2014",11
"SPI.D5.2.4.CPIBY","Germany","DEU","2004-2014",11
"SPI.D5.2.4.CPIBY","Ghana","GHA","2004-2014",11
"SPI.D5.2.4.CPIBY","Gibraltar","GIB","2004-2023",20
"SPI.D5.2.4.CPIBY","Greece","GRC","2004-2014",11
"SPI.D5.2.4.CPIBY","Greenland","GRL","2004-2023",20
"SPI.D5.2.4.CPIBY","Grenada","GRD","2004-2014",11
"SPI.D5.2.4.CPIBY","Guam","GUM","2004-2023",20
"SPI.D5.2.4.CPIBY","Guatemala","GTM","2004-2014",11
"SPI.D5.2.4.CPIBY","Guinea","GIN","2004-2014",11
"SPI.D5.2.4.CPIBY","Guinea-Bissau","GNB","2004-2014",11
"SPI.D5.2.4.CPIBY","Guyana","GUY","2004-2014",11
"SPI.D5.2.4.CPIBY","Haiti","HTI","2004-2014",11
"SPI.D5.2.4.CPIBY","Honduras","HND","2004-2014",11
"SPI.D5.2.4.CPIBY","Hong Kong SAR, China","HKG","2004-2014",11
"SPI.D5.2.4.CPIBY","Hungary","HUN","2004-2014",11
"SPI.D5.2.4.CPIBY","Iceland","ISL","2004-2014",11
"SPI.D5.2.4.CPIBY","India","IND","2004-2014",11
"SPI.D5.2.4.CPIBY","Indonesia","IDN","2004-2014",11
"SPI.D5.2.4.CPIBY","Iran, Islamic Rep.","IRN","2004-2014",11
"SPI.D5.2.4.CPIBY","Iraq","IRQ","2004-2014",11
"SPI.D5.2.4.CPIBY","Ireland","IRL","2004-2014",11
"SPI.D5.2.4.CPIBY","Isle of Man","IMN","2004-2023",20
"SPI.D5.2.4.CPIBY","Israel","ISR","2004-2014",11
"SPI.D5.2.4.CPIBY","Italy","ITA","2004-2014",11
"SPI.D5.2.4.CPIBY","Jamaica","JAM","2004-2014",11
"SPI.D5.2.4.CPIBY","Japan","JPN","2004-2014",11
"SPI.D5.2.4.CPIBY","Jordan","JOR","2004-2014",11
"SPI.D5.2.4.CPIBY","Kazakhstan","KAZ","2004-2014",11
"SPI.D5.2.4.CPIBY","Kenya","KEN","2004-2014",11
"SPI.D5.2.4.CPIBY","Kiribati","KIR","2004-2014",11
"SPI.D5.2.4.CPIBY","Korea, Dem. People's Rep.","PRK","2004-2023",20
"SPI.D5.2.4.CPIBY","Korea, Rep.","KOR","2004-2014",11
"SPI.D5.2.4.CPIBY","Kosovo","XKX","2004-2014",11
"SPI.D5.2.4.CPIBY","Kuwait","KWT","2004-2014",11
"SPI.D5.2.4.CPIBY","Kyrgyz Republic","KGZ","2004-2014",11
"SPI.D5.2.4.CPIBY","Lao PDR","LAO","2004-2014",11
"SPI.D5.2.4.CPIBY","Latvia","LVA","2004-2014",11
"SPI.D5.2.4.CPIBY","Lebanon","LBN","2004-2014",11
"SPI.D5.2.4.CPIBY","Lesotho","LSO","2004-2014",11
"SPI.D5.2.4.CPIBY","Liberia","LBR","2004-2014",11
"SPI.D5.2.4.CPIBY","Libya","LBY","2004-2014",11
"SPI.D5.2.4.CPIBY","Liechtenstein","LIE","2004-2023",20
"SPI.D5.2.4.CPIBY","Lithuania","LTU","2004-2014",11
"SPI.D5.2.4.CPIBY","Luxembourg","LUX","2004-2014",11
"SPI.D5.2.4.CPIBY","Macao SAR, China","MAC","2004-2014",11
"SPI.D5.2.4.CPIBY","Madagascar","MDG","2004-2014",11
"SPI.D5.2.4.CPIBY","Malawi","MWI","2004-2014",11
"SPI.D5.2.4.CPIBY","Malaysia","MYS","2004-2014",11
"SPI.D5.2.4.CPIBY","Maldives","MDV","2004-2014",11
"SPI.D5.2.4.CPIBY","Mali","MLI","2004-2014",11
"SPI.D5.2.4.CPIBY","Malta","MLT","2004-2014",11
"SPI.D5.2.4.CPIBY","Marshall Islands","MHL","2004-2014",11
"SPI.D5.2.4.CPIBY","Mauritania","MRT","2004-2014",11
"SPI.D5.2.4.CPIBY","Mauritius","MUS","2004-2014",11
"SPI.D5.2.4.CPIBY","Mexico","MEX","2004-2014",11
"SPI.D5.2.4.CPIBY","Micronesia, Fed. Sts.","FSM","2004-2014",11
"SPI.D5.2.4.CPIBY","Moldova","MDA","2004-2014",11
"SPI.D5.2.4.CPIBY","Monaco","MCO","2004-2023",20
"SPI.D5.2.4.CPIBY","Mongolia","MNG","2004-2014",11
"SPI.D5.2.4.CPIBY","Montenegro","MNE","2004-2014",11
"SPI.D5.2.4.CPIBY","Morocco","MAR","2004-2014",11
"SPI.D5.2.4.CPIBY","Mozambique","MOZ","2004-2014",11
"SPI.D5.2.4.CPIBY","Myanmar","MMR","2004-2014",11
"SPI.D5.2.4.CPIBY","Namibia","NAM","2004-2014",11
"SPI.D5.2.4.CPIBY","Nauru","NRU","2004-2015",12
"SPI.D5.2.4.CPIBY","Nepal","NPL","2004-2014",11
"SPI.D5.2.4.CPIBY","Netherlands","NLD","2004-2014",11
"SPI.D5.2.4.CPIBY","New Caledonia","NCL","2004-2023",20
"SPI.D5.2.4.CPIBY","New Zealand","NZL","2004-2014",11
"SPI.D5.2.4.CPIBY","Nicaragua","NIC","2004-2014",11
"SPI.D5.2.4.CPIBY","Niger","NER","2004-2014",11
"SPI.D5.2.4.CPIBY","Nigeria","NGA","2004-2014",11
"SPI.D5.2.4.CPIBY","North Macedonia","MKD","2004-2014",11
"SPI.D5.2.4.CPIBY","Northern Mariana Islands","MNP","2004-2023",20
"SPI.D5.2.4.CPIBY","Norway","NOR","2004-2014",11
"SPI.D5.2.4.CPIBY","Oman","OMN","2004-2014",11
"SPI.D5.2.4.CPIBY","Pakistan","PAK","2004-2014",11
"SPI.D5.2.4.CPIBY","Palau","PLW","2004-2014",11
"SPI.D5.2.4.CPIBY","Panama","PAN","2004-2014",11
"SPI.D5.2.4.CPIBY","Papua New Guinea","PNG","2004-2014",11
"SPI.D5.2.4.CPIBY","Paraguay","PRY","2004-2014",11
"SPI.D5.2.4.CPIBY","Peru","PER","2004-2014",11
"SPI.D5.2.4.CPIBY","Philippines","PHL","2004-2014",11
"SPI.D5.2.4.CPIBY","Poland","POL","2004-2014",11
"SPI.D5.2.4.CPIBY","Portugal","PRT","2004-2014",11
"SPI.D5.2.4.CPIBY","Puerto Rico","PRI","2004-2023",20
"SPI.D5.2.4.CPIBY","Qatar","QAT","2004-2014",11
"SPI.D5.2.4.CPIBY","Romania","ROU","2004-2014",11
"SPI.D5.2.4.CPIBY","Russian Federation","RUS","2004-2014",11
"SPI.D5.2.4.CPIBY","Rwanda","RWA","2004-2014",11
"SPI.D5.2.4.CPIBY","Samoa","WSM","2004-2014",11
"SPI.D5.2.4.CPIBY","San Marino","SMR","2004-2014",11
"SPI.D5.2.4.CPIBY","Sao Tome and Principe","STP","2004-2014",11
"SPI.D5.2.4.CPIBY","Saudi Arabia","SAU","2004-2014",11
"SPI.D5.2.4.CPIBY","Senegal","SEN","2004-2014",11
"SPI.D5.2.4.CPIBY","Serbia","SRB","2004-2014",11
"SPI.D5.2.4.CPIBY","Seychelles","SYC","2004-2014",11
"SPI.D5.2.4.CPIBY","Sierra Leone","SLE","2004-2014",11
"SPI.D5.2.4.CPIBY","Singapore","SGP","2004-2014",11
"SPI.D5.2.4.CPIBY","Sint Maarten (Dutch part)","SXM","2004-2023",20
"SPI.D5.2.4.CPIBY","Slovak Republic","SVK","2004-2014",11
"SPI.D5.2.4.CPIBY","Slovenia","SVN","2004-2014",11
"SPI.D5.2.4.CPIBY","Solomon Islands","SLB","2004-2014",11
"SPI.D5.2.4.CPIBY","Somalia","SOM","2004-2014",11
"SPI.D5.2.4.CPIBY","South Africa","ZAF","2004-2014",11
"SPI.D5.2.4.CPIBY","South Sudan","SSD","2004-2014",11
"SPI.D5.2.4.CPIBY","Spain","ESP","2004-2014",11
"SPI.D5.2.4.CPIBY","Sri Lanka","LKA","2004-2014",11
"SPI.D5.2.4.CPIBY","St. Kitts and Nevis","KNA","2004-2014",11
"SPI.D5.2.4.CPIBY","St. Lucia","LCA","2004-2014",11
"SPI.D5.2.4.CPIBY","St. Martin (French part)","MAF","2004-2023",20
"SPI.D5.2.4.CPIBY","St. Vincent and the Grenadines","VCT","2004-2014",11
"SPI.D5.2.4.CPIBY","Sudan","SDN","2004-2014",11
"SPI.D5.2.4.CPIBY","Suriname","SUR","2004-2014",11
"SPI.D5.2.4.CPIBY","Sweden","SWE","2004-2014",11
"SPI.D5.2.4.CPIBY","Switzerland","CHE","2004-2014",11
"SPI.D5.2.4.CPIBY","Syrian Arab Republic","SYR","2004-2014",11
"SPI.D5.2.4.CPIBY","Tajikistan","TJK","2004-2014",11
"SPI.D5.2.4.CPIBY","Tanzania","TZA","2004-2014",11
"SPI.D5.2.4.CPIBY","Thailand","THA","2004-2014",11
"SPI.D5.2.4.CPIBY","Timor-Leste","TLS","2004-2014",11
"SPI.D5.2.4.CPIBY","Togo","TGO","2004-2014",11
"SPI.D5.2.4.CPIBY","Tonga","TON","2004-2014",11
"SPI.D5.2.4.CPIBY","Trinidad and Tobago","TTO","2004-2014",11
"SPI.D5.2.4.CPIBY","Tunisia","TUN","2004-2014",11
"SPI.D5.2.4.CPIBY","Turkiye","TUR","2004-2014",11
"SPI.D5.2.4.CPIBY","Turkmenistan","TKM","2004-2014",11
"SPI.D5.2.4.CPIBY","Turks and Caicos Islands","TCA","2004-2023",20
"SPI.D5.2.4.CPIBY","Tuvalu","TUV","2004-2014",11
"SPI.D5.2.4.CPIBY","Uganda","UGA","2004-2014",11
"SPI.D5.2.4.CPIBY","Ukraine","UKR","2004-2014",11
"SPI.D5.2.4.CPIBY","United Arab Emirates","ARE","2004-2014",11
"SPI.D5.2.4.CPIBY","United Kingdom","GBR","2004-2014",11
"SPI.D5.2.4.CPIBY","United States","USA","2004-2014",11
"SPI.D5.2.4.CPIBY","Uruguay","URY","2004-2014",11
"SPI.D5.2.4.CPIBY","Uzbekistan","UZB","2004-2014",11
"SPI.D5.2.4.CPIBY","Vanuatu","VUT","2004-2014",11
"SPI.D5.2.4.CPIBY","Venezuela, RB","VEN","2004-2014",11
"SPI.D5.2.4.CPIBY","Viet Nam","VNM","2004-2014",11
"SPI.D5.2.4.CPIBY","Virgin Islands (U.S.)","VIR","2004-2023",20
"SPI.D5.2.4.CPIBY","West Bank and Gaza","PSE","2004-2015",12
"SPI.D5.2.4.CPIBY","Yemen, Rep.","YEM","2004-2014",11
"SPI.D5.2.4.CPIBY","Zambia","ZMB","2004-2014",11
"SPI.D5.2.4.CPIBY","Zimbabwe","ZWE","2004-2014",11
"SPI.D5.2.5.HOUS","Afghanistan","AFG","2004-2015",12
"SPI.D5.2.5.HOUS","Albania","ALB","2004-2015",12
"SPI.D5.2.5.HOUS","Algeria","DZA","2004-2015",12
"SPI.D5.2.5.HOUS","American Samoa","ASM","2004-2023",20
"SPI.D5.2.5.HOUS","Andorra","AND","2004-2019",16
"SPI.D5.2.5.HOUS","Angola","AGO","2004-2015",12
"SPI.D5.2.5.HOUS","Antigua and Barbuda","ATG","2004-2015",12
"SPI.D5.2.5.HOUS","Argentina","ARG","2004-2015",12
"SPI.D5.2.5.HOUS","Armenia","ARM","2004-2015",12
"SPI.D5.2.5.HOUS","Aruba","ABW","2004-2023",20
"SPI.D5.2.5.HOUS","Azerbaijan","AZE","2004-2015",12
"SPI.D5.2.5.HOUS","Bahamas, The","BHS","2004-2015",12
"SPI.D5.2.5.HOUS","Bahrain","BHR","2004-2015",12
"SPI.D5.2.5.HOUS","Bangladesh","BGD","2004-2015",12
"SPI.D5.2.5.HOUS","Barbados","BRB","2004-2015",12
"SPI.D5.2.5.HOUS","Belarus","BLR","2004-2015",12
"SPI.D5.2.5.HOUS","Belize","BLZ","2004-2015",12
"SPI.D5.2.5.HOUS","Benin","BEN","2004-2015",12
"SPI.D5.2.5.HOUS","Bermuda","BMU","2004-2023",20
"SPI.D5.2.5.HOUS","Bhutan","BTN","2004-2015",12
"SPI.D5.2.5.HOUS","Bolivia","BOL","2004-2015",12
"SPI.D5.2.5.HOUS","Bosnia and Herzegovina","BIH","2004-2015",12
"SPI.D5.2.5.HOUS","Botswana","BWA","2004-2015",12
"SPI.D5.2.5.HOUS","Brazil","BRA","2004-2015",12
"SPI.D5.2.5.HOUS","British Virgin Islands","VGB","2004-2023",20
"SPI.D5.2.5.HOUS","Brunei Darussalam","BRN","2004-2015",12
"SPI.D5.2.5.HOUS","Bulgaria","BGR","2004-2015",12
"SPI.D5.2.5.HOUS","Burkina Faso","BFA","2004-2015",12
"SPI.D5.2.5.HOUS","Burundi","BDI","2004-2015",12
"SPI.D5.2.5.HOUS","Cabo Verde","CPV","2004-2015",12
"SPI.D5.2.5.HOUS","Cambodia","KHM","2004-2015",12
"SPI.D5.2.5.HOUS","Cameroon","CMR","2004-2015",12
"SPI.D5.2.5.HOUS","Cayman Islands","CYM","2004-2023",20
"SPI.D5.2.5.HOUS","Central African Republic","CAF","2004-2015",12
"SPI.D5.2.5.HOUS","Chad","TCD","2004-2015",12
"SPI.D5.2.5.HOUS","Channel Islands","CHI","2004-2023",20
"SPI.D5.2.5.HOUS","China","CHN","2004-2015",12
"SPI.D5.2.5.HOUS","Colombia","COL","2004-2015",12
"SPI.D5.2.5.HOUS","Comoros","COM","2004-2015",12
"SPI.D5.2.5.HOUS","Congo, Dem. Rep.","COD","2004-2015",12
"SPI.D5.2.5.HOUS","Congo, Rep.","COG","2004-2015",12
"SPI.D5.2.5.HOUS","Costa Rica","CRI","2004-2015",12
"SPI.D5.2.5.HOUS","Cote d'Ivoire","CIV","2004-2015",12
"SPI.D5.2.5.HOUS","Croatia","HRV","2004-2015",12
"SPI.D5.2.5.HOUS","Cuba","CUB","2004-2023",20
"SPI.D5.2.5.HOUS","Curacao","CUW","2004-2023",20
"SPI.D5.2.5.HOUS","Cyprus","CYP","2004-2015",12
"SPI.D5.2.5.HOUS","Djibouti","DJI","2004-2015",12
"SPI.D5.2.5.HOUS","Dominica","DMA","2004-2015",12
"SPI.D5.2.5.HOUS","Dominican Republic","DOM","2004-2015",12
"SPI.D5.2.5.HOUS","Ecuador","ECU","2004-2015",12
"SPI.D5.2.5.HOUS","Egypt, Arab Rep.","EGY","2004-2015",12
"SPI.D5.2.5.HOUS","El Salvador","SLV","2004-2015",12
"SPI.D5.2.5.HOUS","Equatorial Guinea","GNQ","2004-2015",12
"SPI.D5.2.5.HOUS","Eritrea","ERI","2004-2015",12
"SPI.D5.2.5.HOUS","Eswatini","SWZ","2004-2015",12
"SPI.D5.2.5.HOUS","Ethiopia","ETH","2004-2015",12
"SPI.D5.2.5.HOUS","Faroe Islands","FRO","2004-2023",20
"SPI.D5.2.5.HOUS","Fiji","FJI","2004-2015",12
"SPI.D5.2.5.HOUS","French Polynesia","PYF","2004-2023",20
"SPI.D5.2.5.HOUS","Gabon","GAB","2004-2015",12
"SPI.D5.2.5.HOUS","Gambia, The","GMB","2004-2015",12
"SPI.D5.2.5.HOUS","Georgia","GEO","2004-2015",12
"SPI.D5.2.5.HOUS","Ghana","GHA","2004-2015",12
"SPI.D5.2.5.HOUS","Gibraltar","GIB","2004-2023",20
"SPI.D5.2.5.HOUS","Greenland","GRL","2004-2023",20
"SPI.D5.2.5.HOUS","Grenada","GRD","2004-2015",12
"SPI.D5.2.5.HOUS","Guam","GUM","2004-2023",20
"SPI.D5.2.5.HOUS","Guatemala","GTM","2004-2015",12
"SPI.D5.2.5.HOUS","Guinea","GIN","2004-2015",12
"SPI.D5.2.5.HOUS","Guinea-Bissau","GNB","2004-2015",12
"SPI.D5.2.5.HOUS","Guyana","GUY","2004-2015",12
"SPI.D5.2.5.HOUS","Haiti","HTI","2004-2015",12
"SPI.D5.2.5.HOUS","Honduras","HND","2004-2015",12
"SPI.D5.2.5.HOUS","Hong Kong SAR, China","HKG","2004-2020",17
"SPI.D5.2.5.HOUS","India","IND","2004-2015",12
"SPI.D5.2.5.HOUS","Indonesia","IDN","2004-2015",12
"SPI.D5.2.5.HOUS","Iran, Islamic Rep.","IRN","2004-2015",12
"SPI.D5.2.5.HOUS","Iraq","IRQ","2004-2015",12
"SPI.D5.2.5.HOUS","Isle of Man","IMN","2004-2023",20
"SPI.D5.2.5.HOUS","Jamaica","JAM","2004-2015",12
"SPI.D5.2.5.HOUS","Jordan","JOR","2004-2015",12
"SPI.D5.2.5.HOUS","Kazakhstan","KAZ","2004-2015",12
"SPI.D5.2.5.HOUS","Kenya","KEN","2004-2015",12
"SPI.D5.2.5.HOUS","Kiribati","KIR","2004-2015",12
"SPI.D5.2.5.HOUS","Korea, Dem. People's Rep.","PRK","2004-2023",20
"SPI.D5.2.5.HOUS","Kosovo","XKX","2004-2015",12
"SPI.D5.2.5.HOUS","Kuwait","KWT","2004-2015",12
"SPI.D5.2.5.HOUS","Kyrgyz Republic","KGZ","2004-2015",12
"SPI.D5.2.5.HOUS","Lao PDR","LAO","2004-2015",12
"SPI.D5.2.5.HOUS","Lebanon","LBN","2004-2015",12
"SPI.D5.2.5.HOUS","Lesotho","LSO","2004-2015",12
"SPI.D5.2.5.HOUS","Liberia","LBR","2004-2015",12
"SPI.D5.2.5.HOUS","Libya","LBY","2004-2015",12
"SPI.D5.2.5.HOUS","Liechtenstein","LIE","2004-2023",20
"SPI.D5.2.5.HOUS","Macao SAR, China","MAC","2004-2020",17
"SPI.D5.2.5.HOUS","Madagascar","MDG","2004-2015",12
"SPI.D5.2.5.HOUS","Malawi","MWI","2004-2015",12
"SPI.D5.2.5.HOUS","Malaysia","MYS","2004-2015",12
"SPI.D5.2.5.HOUS","Maldives","MDV","2004-2015",12
"SPI.D5.2.5.HOUS","Mali","MLI","2004-2015",12
"SPI.D5.2.5.HOUS","Malta","MLT","2004-2015",12
"SPI.D5.2.5.HOUS","Marshall Islands","MHL","2004-2015",12
"SPI.D5.2.5.HOUS","Mauritania","MRT","2004-2015",12
"SPI.D5.2.5.HOUS","Mauritius","MUS","2004-2015",12
"SPI.D5.2.5.HOUS","Mexico","MEX","2004-2015",12
"SPI.D5.2.5.HOUS","Micronesia, Fed. Sts.","FSM","2004-2015",12
"SPI.D5.2.5.HOUS","Moldova","MDA","2004-2015",12
"SPI.D5.2.5.HOUS","Monaco","MCO","2004-2023",20
"SPI.D5.2.5.HOUS","Mongolia","MNG","2004-2015",12
"SPI.D5.2.5.HOUS","Montenegro","MNE","2004-2015",12
"SPI.D5.2.5.HOUS","Morocco","MAR","2004-2015",12
"SPI.D5.2.5.HOUS","Mozambique","MOZ","2004-2015",12
"SPI.D5.2.5.HOUS","Myanmar","MMR","2004-2015",12
"SPI.D5.2.5.HOUS","Namibia","NAM","2004-2015",12
"SPI.D5.2.5.HOUS","Nauru","NRU","2004-2015",12
"SPI.D5.2.5.HOUS","Nepal","NPL","2004-2015",12
"SPI.D5.2.5.HOUS","New Caledonia","NCL","2004-2023",20
"SPI.D5.2.5.HOUS","Nicaragua","NIC","2004-2015",12
"SPI.D5.2.5.HOUS","Niger","NER","2004-2015",12
"SPI.D5.2.5.HOUS","Nigeria","NGA","2004-2015",12
"SPI.D5.2.5.HOUS","North Macedonia","MKD","2004-2015",12
"SPI.D5.2.5.HOUS","Northern Mariana Islands","MNP","2004-2023",20
"SPI.D5.2.5.HOUS","Oman","OMN","2004-2015",12
"SPI.D5.2.5.HOUS","Pakistan","PAK","2004-2015",12
"SPI.D5.2.5.HOUS","Palau","PLW","2004-2015",12
"SPI.D5.2.5.HOUS","Panama","PAN","2004-2015",12
"SPI.D5.2.5.HOUS","Papua New Guinea","PNG","2004-2015",12
"SPI.D5.2.5.HOUS","Paraguay","PRY","2004-2015",12
"SPI.D5.2.5.HOUS","Peru","PER","2004-2015",12
"SPI.D5.2.5.HOUS","Philippines","PHL","2004-2015",12
"SPI.D5.2.5.HOUS","Puerto Rico","PRI","2004-2023",20
"SPI.D5.2.5.HOUS","Qatar","QAT","2004-2015",12
"SPI.D5.2.5.HOUS","Romania","ROU","2004-2015",12
"SPI.D5.2.5.HOUS","Russian Federation","RUS","2004-2015",12
"SPI.D5.2.5.HOUS","Rwanda","RWA","2004-2015",12
"SPI.D5.2.5.HOUS","Samoa","WSM","2004-2015",12
"SPI.D5.2.5.HOUS","San Marino","SMR","2004-2015",12
"SPI.D5.2.5.HOUS","Sao Tome and Principe","STP","2004-2015",12
"SPI.D5.2.5.HOUS","Saudi Arabia","SAU","2004-2015",12
"SPI.D5.2.5.HOUS","Senegal","SEN","2004-2015",12
"SPI.D5.2.5.HOUS","Serbia","SRB","2004-2015",12
"SPI.D5.2.5.HOUS","Seychelles","SYC","2004-2015",12
"SPI.D5.2.5.HOUS","Sierra Leone","SLE","2004-2015",12
"SPI.D5.2.5.HOUS","Sint Maarten (Dutch part)","SXM","2004-2023",20
"SPI.D5.2.5.HOUS","Solomon Islands","SLB","2004-2015",12
"SPI.D5.2.5.HOUS","Somalia","SOM","2004-2015",12
"SPI.D5.2.5.HOUS","South Africa","ZAF","2004-2015",12
"SPI.D5.2.5.HOUS","South Sudan","SSD","2004-2015",12
"SPI.D5.2.5.HOUS","Sri Lanka","LKA","2004-2015",12
"SPI.D5.2.5.HOUS","St. Kitts and Nevis","KNA","2004-2015",12
"SPI.D5.2.5.HOUS","St. Lucia","LCA","2004-2015",12
"SPI.D5.2.5.HOUS","St. Martin (French part)","MAF","2004-2023",20
"SPI.D5.2.5.HOUS","St. Vincent and the Grenadines","VCT","2004-2015",12
"SPI.D5.2.5.HOUS","Sudan","SDN","2004-2015",12
"SPI.D5.2.5.HOUS","Suriname","SUR","2004-2015",12
"SPI.D5.2.5.HOUS","Syrian Arab Republic","SYR","2004-2015",12
"SPI.D5.2.5.HOUS","Tajikistan","TJK","2004-2015",12
"SPI.D5.2.5.HOUS","Tanzania","TZA","2004-2015",12
"SPI.D5.2.5.HOUS","Thailand","THA","2004-2015",12
"SPI.D5.2.5.HOUS","Timor-Leste","TLS","2004-2015",12
"SPI.D5.2.5.HOUS","Togo","TGO","2004-2015",12
"SPI.D5.2.5.HOUS","Tonga","TON","2004-2015",12
"SPI.D5.2.5.HOUS","Trinidad and Tobago","TTO","2004-2015",12
"SPI.D5.2.5.HOUS","Tunisia","TUN","2004-2015",12
"SPI.D5.2.5.HOUS","Turkiye","TUR","2004-2015",12
"SPI.D5.2.5.HOUS","Turkmenistan","TKM","2004-2015",12
"SPI.D5.2.5.HOUS","Turks and Caicos Islands","TCA","2004-2023",20
"SPI.D5.2.5.HOUS","Tuvalu","TUV","2004-2015",12
"SPI.D5.2.5.HOUS","Uganda","UGA","2004-2015",12
"SPI.D5.2.5.HOUS","Ukraine","UKR","2004-2015",12
"SPI.D5.2.5.HOUS","United Arab Emirates","ARE","2004-2015",12
"SPI.D5.2.5.HOUS","Uruguay","URY","2004-2015",12
"SPI.D5.2.5.HOUS","Uzbekistan","UZB","2004-2015",12
"SPI.D5.2.5.HOUS","Vanuatu","VUT","2004-2015",12
"SPI.D5.2.5.HOUS","Venezuela, RB","VEN","2004-2015",12
"SPI.D5.2.5.HOUS","Viet Nam","VNM","2004-2015",12
"SPI.D5.2.5.HOUS","Virgin Islands (U.S.)","VIR","2004-2023",20
"SPI.D5.2.5.HOUS","West Bank and Gaza","PSE","2004-2015",12
"SPI.D5.2.5.HOUS","Yemen, Rep.","YEM","2004-2015",12
"SPI.D5.2.5.HOUS","Zambia","ZMB","2004-2015",12
"SPI.D5.2.5.HOUS","Zimbabwe","ZWE","2004-2015",12
"SPI.D5.2.6.EMPL","Afghanistan","AFG","2004-2015",12
"SPI.D5.2.6.EMPL","Albania","ALB","2004-2015",12
"SPI.D5.2.6.EMPL","Algeria","DZA","2004-2015",12
"SPI.D5.2.6.EMPL","American Samoa","ASM","2004-2023",20
"SPI.D5.2.6.EMPL","Andorra","AND","2004-2019",16
"SPI.D5.2.6.EMPL","Angola","AGO","2004-2015",12
"SPI.D5.2.6.EMPL","Antigua and Barbuda","ATG","2004-2015",12
"SPI.D5.2.6.EMPL","Argentina","ARG","2004-2015",12
"SPI.D5.2.6.EMPL","Armenia","ARM","2004-2015",12
"SPI.D5.2.6.EMPL","Aruba","ABW","2004-2023",20
"SPI.D5.2.6.EMPL","Azerbaijan","AZE","2004-2015",12
"SPI.D5.2.6.EMPL","Bahamas, The","BHS","2004-2015",12
"SPI.D5.2.6.EMPL","Bahrain","BHR","2004-2015",12
"SPI.D5.2.6.EMPL","Bangladesh","BGD","2004-2015",12
"SPI.D5.2.6.EMPL","Barbados","BRB","2004-2015",12
"SPI.D5.2.6.EMPL","Belarus","BLR","2004-2015",12
"SPI.D5.2.6.EMPL","Belize","BLZ","2004-2015",12
"SPI.D5.2.6.EMPL","Benin","BEN","2004-2015",12
"SPI.D5.2.6.EMPL","Bermuda","BMU","2004-2023",20
"SPI.D5.2.6.EMPL","Bhutan","BTN","2004-2015",12
"SPI.D5.2.6.EMPL","Bolivia","BOL","2004-2015",12
"SPI.D5.2.6.EMPL","Bosnia and Herzegovina","BIH","2004-2015",12
"SPI.D5.2.6.EMPL","Botswana","BWA","2004-2015",12
"SPI.D5.2.6.EMPL","Brazil","BRA","2004-2015",12
"SPI.D5.2.6.EMPL","British Virgin Islands","VGB","2004-2023",20
"SPI.D5.2.6.EMPL","Brunei Darussalam","BRN","2004-2015",12
"SPI.D5.2.6.EMPL","Bulgaria","BGR","2004-2015",12
"SPI.D5.2.6.EMPL","Burkina Faso","BFA","2004-2015",12
"SPI.D5.2.6.EMPL","Burundi","BDI","2004-2015",12
"SPI.D5.2.6.EMPL","Cabo Verde","CPV","2004-2015",12
"SPI.D5.2.6.EMPL","Cambodia","KHM","2004-2015",12
"SPI.D5.2.6.EMPL","Cameroon","CMR","2004-2015",12
"SPI.D5.2.6.EMPL","Cayman Islands","CYM","2004-2023",20
"SPI.D5.2.6.EMPL","Central African Republic","CAF","2004-2015",12
"SPI.D5.2.6.EMPL","Chad","TCD","2004-2015",12
"SPI.D5.2.6.EMPL","Channel Islands","CHI","2004-2023",20
"SPI.D5.2.6.EMPL","China","CHN","2004-2015",12
"SPI.D5.2.6.EMPL","Colombia","COL","2004-2015",12
"SPI.D5.2.6.EMPL","Comoros","COM","2004-2015",12
"SPI.D5.2.6.EMPL","Congo, Dem. Rep.","COD","2004-2015",12
"SPI.D5.2.6.EMPL","Congo, Rep.","COG","2004-2015",12
"SPI.D5.2.6.EMPL","Costa Rica","CRI","2004-2015",12
"SPI.D5.2.6.EMPL","Cote d'Ivoire","CIV","2004-2015",12
"SPI.D5.2.6.EMPL","Croatia","HRV","2004-2015",12
"SPI.D5.2.6.EMPL","Cuba","CUB","2004-2023",20
"SPI.D5.2.6.EMPL","Curacao","CUW","2004-2023",20
"SPI.D5.2.6.EMPL","Cyprus","CYP","2004-2015",12
"SPI.D5.2.6.EMPL","Djibouti","DJI","2004-2015",12
"SPI.D5.2.6.EMPL","Dominica","DMA","2004-2015",12
"SPI.D5.2.6.EMPL","Dominican Republic","DOM","2004-2015",12
"SPI.D5.2.6.EMPL","Ecuador","ECU","2004-2015",12
"SPI.D5.2.6.EMPL","Egypt, Arab Rep.","EGY","2004-2015",12
"SPI.D5.2.6.EMPL","El Salvador","SLV","2004-2015",12
"SPI.D5.2.6.EMPL","Equatorial Guinea","GNQ","2004-2015",12
"SPI.D5.2.6.EMPL","Eritrea","ERI","2004-2015",12
"SPI.D5.2.6.EMPL","Eswatini","SWZ","2004-2015",12
"SPI.D5.2.6.EMPL","Ethiopia","ETH","2004-2015",12
"SPI.D5.2.6.EMPL","Faroe Islands","FRO","2004-2023",20
"SPI.D5.2.6.EMPL","Fiji","FJI","2004-2015",12
"SPI.D5.2.6.EMPL","French Polynesia","PYF","2004-2023",20
"SPI.D5.2.6.EMPL","Gabon","GAB","2004-2015",12
"SPI.D5.2.6.EMPL","Gambia, The","GMB","2004-2015",12
"SPI.D5.2.6.EMPL","Georgia","GEO","2004-2015",12
"SPI.D5.2.6.EMPL","Ghana","GHA","2004-2015",12
"SPI.D5.2.6.EMPL","Gibraltar","GIB","2004-2023",20
"SPI.D5.2.6.EMPL","Greenland","GRL","2004-2023",20
"SPI.D5.2.6.EMPL","Grenada","GRD","2004-2015",12
"SPI.D5.2.6.EMPL","Guam","GUM","2004-2023",20
"SPI.D5.2.6.EMPL","Guatemala","GTM","2004-2015",12
"SPI.D5.2.6.EMPL","Guinea","GIN","2004-2015",12
"SPI.D5.2.6.EMPL","Guinea-Bissau","GNB","2004-2015",12
"SPI.D5.2.6.EMPL","Guyana","GUY","2004-2015",12
"SPI.D5.2.6.EMPL","Haiti","HTI","2004-2015",12
"SPI.D5.2.6.EMPL","Honduras","HND","2004-2015",12
"SPI.D5.2.6.EMPL","Hong Kong SAR, China","HKG","2004-2023",20
"SPI.D5.2.6.EMPL","India","IND","2004-2015",12
"SPI.D5.2.6.EMPL","Indonesia","IDN","2004-2015",12
"SPI.D5.2.6.EMPL","Iran, Islamic Rep.","IRN","2004-2015",12
"SPI.D5.2.6.EMPL","Iraq","IRQ","2004-2015",12
"SPI.D5.2.6.EMPL","Isle of Man","IMN","2004-2023",20
"SPI.D5.2.6.EMPL","Jamaica","JAM","2004-2015",12
"SPI.D5.2.6.EMPL","Jordan","JOR","2004-2015",12
"SPI.D5.2.6.EMPL","Kazakhstan","KAZ","2004-2015",12
"SPI.D5.2.6.EMPL","Kenya","KEN","2004-2015",12
"SPI.D5.2.6.EMPL","Kiribati","KIR","2004-2015",12
"SPI.D5.2.6.EMPL","Korea, Dem. People's Rep.","PRK","2004-2023",20
"SPI.D5.2.6.EMPL","Kosovo","XKX","2004-2015",12
"SPI.D5.2.6.EMPL","Kuwait","KWT","2004-2015",12
"SPI.D5.2.6.EMPL","Kyrgyz Republic","KGZ","2004-2015",12
"SPI.D5.2.6.EMPL","Lao PDR","LAO","2004-2015",12
"SPI.D5.2.6.EMPL","Lebanon","LBN","2004-2015",12
"SPI.D5.2.6.EMPL","Lesotho","LSO","2004-2015",12
"SPI.D5.2.6.EMPL","Liberia","LBR","2004-2015",12
"SPI.D5.2.6.EMPL","Libya","LBY","2004-2015",12
"SPI.D5.2.6.EMPL","Liechtenstein","LIE","2004-2023",20
"SPI.D5.2.6.EMPL","Macao SAR, China","MAC","2004-2023",20
"SPI.D5.2.6.EMPL","Madagascar","MDG","2004-2015",12
"SPI.D5.2.6.EMPL","Malawi","MWI","2004-2015",12
"SPI.D5.2.6.EMPL","Malaysia","MYS","2004-2015",12
"SPI.D5.2.6.EMPL","Maldives","MDV","2004-2015",12
"SPI.D5.2.6.EMPL","Mali","MLI","2004-2015",12
"SPI.D5.2.6.EMPL","Malta","MLT","2004-2015",12
"SPI.D5.2.6.EMPL","Marshall Islands","MHL","2004-2015",12
"SPI.D5.2.6.EMPL","Mauritania","MRT","2004-2015",12
"SPI.D5.2.6.EMPL","Mauritius","MUS","2004-2015",12
"SPI.D5.2.6.EMPL","Mexico","MEX","2004-2015",12
"SPI.D5.2.6.EMPL","Micronesia, Fed. Sts.","FSM","2004-2015",12
"SPI.D5.2.6.EMPL","Moldova","MDA","2004-2015",12
"SPI.D5.2.6.EMPL","Monaco","MCO","2004-2023",20
"SPI.D5.2.6.EMPL","Mongolia","MNG","2004-2015",12
"SPI.D5.2.6.EMPL","Montenegro","MNE","2004-2015",12
"SPI.D5.2.6.EMPL","Morocco","MAR","2004-2015",12
"SPI.D5.2.6.EMPL","Mozambique","MOZ","2004-2015",12
"SPI.D5.2.6.EMPL","Myanmar","MMR","2004-2015",12
"SPI.D5.2.6.EMPL","Namibia","NAM","2004-2015",12
"SPI.D5.2.6.EMPL","Nauru","NRU","2004-2015",12
"SPI.D5.2.6.EMPL","Nepal","NPL","2004-2015",12
"SPI.D5.2.6.EMPL","New Caledonia","NCL","2004-2023",20
"SPI.D5.2.6.EMPL","Nicaragua","NIC","2004-2015",12
"SPI.D5.2.6.EMPL","Niger","NER","2004-2015",12
"SPI.D5.2.6.EMPL","Nigeria","NGA","2004-2015",12
"SPI.D5.2.6.EMPL","North Macedonia","MKD","2004-2015",12
"SPI.D5.2.6.EMPL","Northern Mariana Islands","MNP","2004-2023",20
"SPI.D5.2.6.EMPL","Oman","OMN","2004-2015",12
"SPI.D5.2.6.EMPL","Pakistan","PAK","2004-2015",12
"SPI.D5.2.6.EMPL","Palau","PLW","2004-2015",12
"SPI.D5.2.6.EMPL","Panama","PAN","2004-2015",12
"SPI.D5.2.6.EMPL","Papua New Guinea","PNG","2004-2015",12
"SPI.D5.2.6.EMPL","Paraguay","PRY","2004-2015",12
"SPI.D5.2.6.EMPL","Peru","PER","2004-2015",12
"SPI.D5.2.6.EMPL","Philippines","PHL","2004-2015",12
"SPI.D5.2.6.EMPL","Puerto Rico","PRI","2004-2023",20
"SPI.D5.2.6.EMPL","Qatar","QAT","2004-2015",12
"SPI.D5.2.6.EMPL","Romania","ROU","2004-2015",12
"SPI.D5.2.6.EMPL","Russian Federation","RUS","2004-2015",12
"SPI.D5.2.6.EMPL","Rwanda","RWA","2004-2015",12
"SPI.D5.2.6.EMPL","Samoa","WSM","2004-2015",12
"SPI.D5.2.6.EMPL","San Marino","SMR","2004-2015",12
"SPI.D5.2.6.EMPL","Sao Tome and Principe","STP","2004-2015",12
"SPI.D5.2.6.EMPL","Saudi Arabia","SAU","2004-2015",12
"SPI.D5.2.6.EMPL","Senegal","SEN","2004-2015",12
"SPI.D5.2.6.EMPL","Serbia","SRB","2004-2015",12
"SPI.D5.2.6.EMPL","Seychelles","SYC","2004-2015",12
"SPI.D5.2.6.EMPL","Sierra Leone","SLE","2004-2015",12
"SPI.D5.2.6.EMPL","Sint Maarten (Dutch part)","SXM","2004-2023",20
"SPI.D5.2.6.EMPL","Solomon Islands","SLB","2004-2015",12
"SPI.D5.2.6.EMPL","Somalia","SOM","2004-2015",12
"SPI.D5.2.6.EMPL","South Africa","ZAF","2004-2015",12
"SPI.D5.2.6.EMPL","South Sudan","SSD","2004-2015",12
"SPI.D5.2.6.EMPL","Sri Lanka","LKA","2004-2015",12
"SPI.D5.2.6.EMPL","St. Kitts and Nevis","KNA","2004-2015",12
"SPI.D5.2.6.EMPL","St. Lucia","LCA","2004-2015",12
"SPI.D5.2.6.EMPL","St. Martin (French part)","MAF","2004-2023",20
"SPI.D5.2.6.EMPL","St. Vincent and the Grenadines","VCT","2004-2015",12
"SPI.D5.2.6.EMPL","Sudan","SDN","2004-2015",12
"SPI.D5.2.6.EMPL","Suriname","SUR","2004-2015",12
"SPI.D5.2.6.EMPL","Syrian Arab Republic","SYR","2004-2015",12
"SPI.D5.2.6.EMPL","Tajikistan","TJK","2004-2015",12
"SPI.D5.2.6.EMPL","Tanzania","TZA","2004-2015",12
"SPI.D5.2.6.EMPL","Thailand","THA","2004-2015",12
"SPI.D5.2.6.EMPL","Timor-Leste","TLS","2004-2015",12
"SPI.D5.2.6.EMPL","Togo","TGO","2004-2015",12
"SPI.D5.2.6.EMPL","Tonga","TON","2004-2015",12
"SPI.D5.2.6.EMPL","Trinidad and Tobago","TTO","2004-2015",12
"SPI.D5.2.6.EMPL","Tunisia","TUN","2004-2015",12
"SPI.D5.2.6.EMPL","Turkiye","TUR","2004-2015",12
"SPI.D5.2.6.EMPL","Turkmenistan","TKM","2004-2015",12
"SPI.D5.2.6.EMPL","Turks and Caicos Islands","TCA","2004-2023",20
"SPI.D5.2.6.EMPL","Tuvalu","TUV","2004-2015",12
"SPI.D5.2.6.EMPL","Uganda","UGA","2004-2015",12
"SPI.D5.2.6.EMPL","Ukraine","UKR","2004-2015",12
"SPI.D5.2.6.EMPL","United Arab Emirates","ARE","2004-2015",12
"SPI.D5.2.6.EMPL","Uruguay","URY","2004-2015",12
"SPI.D5.2.6.EMPL","Uzbekistan","UZB","2004-2015",12
"SPI.D5.2.6.EMPL","Vanuatu","VUT","2004-2015",12
"SPI.D5.2.6.EMPL","Venezuela, RB","VEN","2004-2015",12
"SPI.D5.2.6.EMPL","Viet Nam","VNM","2004-2015",12
"SPI.D5.2.6.EMPL","Virgin Islands (U.S.)","VIR","2004-2023",20
"SPI.D5.2.6.EMPL","West Bank and Gaza","PSE","2004-2015",12
"SPI.D5.2.6.EMPL","Yemen, Rep.","YEM","2004-2015",12
"SPI.D5.2.6.EMPL","Zambia","ZMB","2004-2015",12
"SPI.D5.2.6.EMPL","Zimbabwe","ZWE","2004-2015",12
"SPI.D5.2.7.CGOV","Afghanistan","AFG","2004-2015",12
"SPI.D5.2.7.CGOV","Albania","ALB","2004-2015",12
"SPI.D5.2.7.CGOV","Algeria","DZA","2004-2015",12
"SPI.D5.2.7.CGOV","American Samoa","ASM","2004-2023",20
"SPI.D5.2.7.CGOV","Andorra","AND","2004-2019",16
"SPI.D5.2.7.CGOV","Angola","AGO","2004-2015",12
"SPI.D5.2.7.CGOV","Antigua and Barbuda","ATG","2004-2015",12
"SPI.D5.2.7.CGOV","Argentina","ARG","2004-2015",12
"SPI.D5.2.7.CGOV","Armenia","ARM","2004-2015",12
"SPI.D5.2.7.CGOV","Aruba","ABW","2004-2023",20
"SPI.D5.2.7.CGOV","Australia","AUS","2004-2015",12
"SPI.D5.2.7.CGOV","Austria","AUT","2004-2015",12
"SPI.D5.2.7.CGOV","Azerbaijan","AZE","2004-2015",12
"SPI.D5.2.7.CGOV","Bahamas, The","BHS","2004-2015",12
"SPI.D5.2.7.CGOV","Bahrain","BHR","2004-2015",12
"SPI.D5.2.7.CGOV","Bangladesh","BGD","2004-2015",12
"SPI.D5.2.7.CGOV","Barbados","BRB","2004-2015",12
"SPI.D5.2.7.CGOV","Belarus","BLR","2004-2015",12
"SPI.D5.2.7.CGOV","Belgium","BEL","2004-2015",12
"SPI.D5.2.7.CGOV","Belize","BLZ","2004-2015",12
"SPI.D5.2.7.CGOV","Benin","BEN","2004-2015",12
"SPI.D5.2.7.CGOV","Bermuda","BMU","2004-2023",20
"SPI.D5.2.7.CGOV","Bhutan","BTN","2004-2015",12
"SPI.D5.2.7.CGOV","Bolivia","BOL","2004-2015",12
"SPI.D5.2.7.CGOV","Bosnia and Herzegovina","BIH","2004-2015",12
"SPI.D5.2.7.CGOV","Botswana","BWA","2004-2015",12
"SPI.D5.2.7.CGOV","Brazil","BRA","2004-2015",12
"SPI.D5.2.7.CGOV","British Virgin Islands","VGB","2004-2023",20
"SPI.D5.2.7.CGOV","Brunei Darussalam","BRN","2004-2015",12
"SPI.D5.2.7.CGOV","Bulgaria","BGR","2004-2015",12
"SPI.D5.2.7.CGOV","Burkina Faso","BFA","2004-2015",12
"SPI.D5.2.7.CGOV","Burundi","BDI","2004-2015",12
"SPI.D5.2.7.CGOV","Cabo Verde","CPV","2004-2015",12
"SPI.D5.2.7.CGOV","Cambodia","KHM","2004-2015",12
"SPI.D5.2.7.CGOV","Cameroon","CMR","2004-2015",12
"SPI.D5.2.7.CGOV","Canada","CAN","2004-2015",12
"SPI.D5.2.7.CGOV","Cayman Islands","CYM","2004-2023",20
"SPI.D5.2.7.CGOV","Central African Republic","CAF","2004-2015",12
"SPI.D5.2.7.CGOV","Chad","TCD","2004-2015",12
"SPI.D5.2.7.CGOV","Channel Islands","CHI","2004-2023",20
"SPI.D5.2.7.CGOV","Chile","CHL","2004-2015",12
"SPI.D5.2.7.CGOV","China","CHN","2004-2015",12
"SPI.D5.2.7.CGOV","Colombia","COL","2004-2015",12
"SPI.D5.2.7.CGOV","Comoros","COM","2004-2015",12
"SPI.D5.2.7.CGOV","Congo, Dem. Rep.","COD","2004-2015",12
"SPI.D5.2.7.CGOV","Congo, Rep.","COG","2004-2015",12
"SPI.D5.2.7.CGOV","Costa Rica","CRI","2004-2015",12
"SPI.D5.2.7.CGOV","Cote d'Ivoire","CIV","2004-2015",12
"SPI.D5.2.7.CGOV","Croatia","HRV","2004-2015",12
"SPI.D5.2.7.CGOV","Cuba","CUB","2004-2023",20
"SPI.D5.2.7.CGOV","Curacao","CUW","2004-2023",20
"SPI.D5.2.7.CGOV","Cyprus","CYP","2004-2015",12
"SPI.D5.2.7.CGOV","Czechia","CZE","2004-2015",12
"SPI.D5.2.7.CGOV","Denmark","DNK","2004-2015",12
"SPI.D5.2.7.CGOV","Djibouti","DJI","2004-2015",12
"SPI.D5.2.7.CGOV","Dominica","DMA","2004-2015",12
"SPI.D5.2.7.CGOV","Dominican Republic","DOM","2004-2015",12
"SPI.D5.2.7.CGOV","Ecuador","ECU","2004-2015",12
"SPI.D5.2.7.CGOV","Egypt, Arab Rep.","EGY","2004-2015",12
"SPI.D5.2.7.CGOV","El Salvador","SLV","2004-2015",12
"SPI.D5.2.7.CGOV","Equatorial Guinea","GNQ","2004-2015",12
"SPI.D5.2.7.CGOV","Eritrea","ERI","2004-2015",12
"SPI.D5.2.7.CGOV","Estonia","EST","2004-2015",12
"SPI.D5.2.7.CGOV","Eswatini","SWZ","2004-2015",12
"SPI.D5.2.7.CGOV","Ethiopia","ETH","2004-2015",12
"SPI.D5.2.7.CGOV","Faroe Islands","FRO","2004-2023",20
"SPI.D5.2.7.CGOV","Fiji","FJI","2004-2015",12
"SPI.D5.2.7.CGOV","Finland","FIN","2004-2015",12
"SPI.D5.2.7.CGOV","France","FRA","2004-2015",12
"SPI.D5.2.7.CGOV","French Polynesia","PYF","2004-2023",20
"SPI.D5.2.7.CGOV","Gabon","GAB","2004-2015",12
"SPI.D5.2.7.CGOV","Gambia, The","GMB","2004-2015",12
"SPI.D5.2.7.CGOV","Georgia","GEO","2004-2015",12
"SPI.D5.2.7.CGOV","Germany","DEU","2004-2015",12
"SPI.D5.2.7.CGOV","Ghana","GHA","2004-2015",12
"SPI.D5.2.7.CGOV","Gibraltar","GIB","2004-2023",20
"SPI.D5.2.7.CGOV","Greece","GRC","2004-2015",12
"SPI.D5.2.7.CGOV","Greenland","GRL","2004-2023",20
"SPI.D5.2.7.CGOV","Grenada","GRD","2004-2015",12
"SPI.D5.2.7.CGOV","Guam","GUM","2004-2023",20
"SPI.D5.2.7.CGOV","Guatemala","GTM","2004-2015",12
"SPI.D5.2.7.CGOV","Guinea","GIN","2004-2015",12
"SPI.D5.2.7.CGOV","Guinea-Bissau","GNB","2004-2015",12
"SPI.D5.2.7.CGOV","Guyana","GUY","2004-2015",12
"SPI.D5.2.7.CGOV","Haiti","HTI","2004-2015",12
"SPI.D5.2.7.CGOV","Honduras","HND","2004-2015",12
"SPI.D5.2.7.CGOV","Hong Kong SAR, China","HKG","2004-2019",16
"SPI.D5.2.7.CGOV","Hungary","HUN","2004-2015",12
"SPI.D5.2.7.CGOV","Iceland","ISL","2004-2015",12
"SPI.D5.2.7.CGOV","India","IND","2004-2015",12
"SPI.D5.2.7.CGOV","Indonesia","IDN","2004-2015",12
"SPI.D5.2.7.CGOV","Iran, Islamic Rep.","IRN","2004-2015",12
"SPI.D5.2.7.CGOV","Iraq","IRQ","2004-2015",12
"SPI.D5.2.7.CGOV","Ireland","IRL","2004-2015",12
"SPI.D5.2.7.CGOV","Isle of Man","IMN","2004-2023",20
"SPI.D5.2.7.CGOV","Israel","ISR","2004-2015",12
"SPI.D5.2.7.CGOV","Italy","ITA","2004-2015",12
"SPI.D5.2.7.CGOV","Jamaica","JAM","2004-2015",12
"SPI.D5.2.7.CGOV","Japan","JPN","2004-2015",12
"SPI.D5.2.7.CGOV","Jordan","JOR","2004-2015",12
"SPI.D5.2.7.CGOV","Kazakhstan","KAZ","2004-2015",12
"SPI.D5.2.7.CGOV","Kenya","KEN","2004-2015",12
"SPI.D5.2.7.CGOV","Kiribati","KIR","2004-2015",12
"SPI.D5.2.7.CGOV","Korea, Dem. People's Rep.","PRK","2004-2023",20
"SPI.D5.2.7.CGOV","Korea, Rep.","KOR","2004-2015",12
"SPI.D5.2.7.CGOV","Kosovo","XKX","2004-2015",12
"SPI.D5.2.7.CGOV","Kuwait","KWT","2004-2015",12
"SPI.D5.2.7.CGOV","Kyrgyz Republic","KGZ","2004-2015",12
"SPI.D5.2.7.CGOV","Lao PDR","LAO","2004-2015",12
"SPI.D5.2.7.CGOV","Latvia","LVA","2004-2015",12
"SPI.D5.2.7.CGOV","Lebanon","LBN","2004-2015",12
"SPI.D5.2.7.CGOV","Lesotho","LSO","2004-2015",12
"SPI.D5.2.7.CGOV","Liberia","LBR","2004-2015",12
"SPI.D5.2.7.CGOV","Libya","LBY","2004-2015",12
"SPI.D5.2.7.CGOV","Liechtenstein","LIE","2004-2023",20
"SPI.D5.2.7.CGOV","Lithuania","LTU","2004-2015",12
"SPI.D5.2.7.CGOV","Luxembourg","LUX","2004-2015",12
"SPI.D5.2.7.CGOV","Macao SAR, China","MAC","2004-2020",17
"SPI.D5.2.7.CGOV","Madagascar","MDG","2004-2015",12
"SPI.D5.2.7.CGOV","Malawi","MWI","2004-2015",12
"SPI.D5.2.7.CGOV","Malaysia","MYS","2004-2015",12
"SPI.D5.2.7.CGOV","Maldives","MDV","2004-2015",12
"SPI.D5.2.7.CGOV","Mali","MLI","2004-2015",12
"SPI.D5.2.7.CGOV","Malta","MLT","2004-2015",12
"SPI.D5.2.7.CGOV","Marshall Islands","MHL","2004-2015",12
"SPI.D5.2.7.CGOV","Mauritania","MRT","2004-2015",12
"SPI.D5.2.7.CGOV","Mauritius","MUS","2004-2015",12
"SPI.D5.2.7.CGOV","Mexico","MEX","2004-2015",12
"SPI.D5.2.7.CGOV","Micronesia, Fed. Sts.","FSM","2004-2015",12
"SPI.D5.2.7.CGOV","Moldova","MDA","2004-2015",12
"SPI.D5.2.7.CGOV","Monaco","MCO","2004-2023",20
"SPI.D5.2.7.CGOV","Mongolia","MNG","2004-2015",12
"SPI.D5.2.7.CGOV","Montenegro","MNE","2004-2015",12
"SPI.D5.2.7.CGOV","Morocco","MAR","2004-2015",12
"SPI.D5.2.7.CGOV","Mozambique","MOZ","2004-2015",12
"SPI.D5.2.7.CGOV","Myanmar","MMR","2004-2015",12
"SPI.D5.2.7.CGOV","Namibia","NAM","2004-2015",12
"SPI.D5.2.7.CGOV","Nauru","NRU","2004-2015",12
"SPI.D5.2.7.CGOV","Nepal","NPL","2004-2015",12
"SPI.D5.2.7.CGOV","Netherlands","NLD","2004-2015",12
"SPI.D5.2.7.CGOV","New Caledonia","NCL","2004-2023",20
"SPI.D5.2.7.CGOV","New Zealand","NZL","2004-2015",12
"SPI.D5.2.7.CGOV","Nicaragua","NIC","2004-2015",12
"SPI.D5.2.7.CGOV","Niger","NER","2004-2015",12
"SPI.D5.2.7.CGOV","Nigeria","NGA","2004-2015",12
"SPI.D5.2.7.CGOV","North Macedonia","MKD","2004-2015",12
"SPI.D5.2.7.CGOV","Northern Mariana Islands","MNP","2004-2023",20
"SPI.D5.2.7.CGOV","Norway","NOR","2004-2015",12
"SPI.D5.2.7.CGOV","Oman","OMN","2004-2015",12
"SPI.D5.2.7.CGOV","Pakistan","PAK","2004-2015",12
"SPI.D5.2.7.CGOV","Palau","PLW","2004-2015",12
"SPI.D5.2.7.CGOV","Panama","PAN","2004-2015",12
"SPI.D5.2.7.CGOV","Papua New Guinea","PNG","2004-2015",12
"SPI.D5.2.7.CGOV","Paraguay","PRY","2004-2015",12
"SPI.D5.2.7.CGOV","Peru","PER","2004-2015",12
"SPI.D5.2.7.CGOV","Philippines","PHL","2004-2015",12
"SPI.D5.2.7.CGOV","Poland","POL","2004-2015",12
"SPI.D5.2.7.CGOV","Portugal","PRT","2004-2015",12
"SPI.D5.2.7.CGOV","Puerto Rico","PRI","2004-2023",20
"SPI.D5.2.7.CGOV","Qatar","QAT","2004-2015",12
"SPI.D5.2.7.CGOV","Romania","ROU","2004-2015",12
"SPI.D5.2.7.CGOV","Russian Federation","RUS","2004-2015",12
"SPI.D5.2.7.CGOV","Rwanda","RWA","2004-2015",12
"SPI.D5.2.7.CGOV","Samoa","WSM","2004-2015",12
"SPI.D5.2.7.CGOV","San Marino","SMR","2004-2015",12
"SPI.D5.2.7.CGOV","Sao Tome and Principe","STP","2004-2015",12
"SPI.D5.2.7.CGOV","Saudi Arabia","SAU","2004-2015",12
"SPI.D5.2.7.CGOV","Senegal","SEN","2004-2015",12
"SPI.D5.2.7.CGOV","Serbia","SRB","2004-2015",12
"SPI.D5.2.7.CGOV","Seychelles","SYC","2004-2015",12
"SPI.D5.2.7.CGOV","Sierra Leone","SLE","2004-2015",12
"SPI.D5.2.7.CGOV","Singapore","SGP","2004-2015",12
"SPI.D5.2.7.CGOV","Sint Maarten (Dutch part)","SXM","2004-2023",20
"SPI.D5.2.7.CGOV","Slovak Republic","SVK","2004-2015",12
"SPI.D5.2.7.CGOV","Slovenia","SVN","2004-2015",12
"SPI.D5.2.7.CGOV","Solomon Islands","SLB","2004-2015",12
"SPI.D5.2.7.CGOV","Somalia","SOM","2004-2015",12
"SPI.D5.2.7.CGOV","South Africa","ZAF","2004-2015",12
"SPI.D5.2.7.CGOV","South Sudan","SSD","2004-2015",12
"SPI.D5.2.7.CGOV","Spain","ESP","2004-2015",12
"SPI.D5.2.7.CGOV","Sri Lanka","LKA","2004-2015",12
"SPI.D5.2.7.CGOV","St. Kitts and Nevis","KNA","2004-2015",12
"SPI.D5.2.7.CGOV","St. Lucia","LCA","2004-2015",12
"SPI.D5.2.7.CGOV","St. Martin (French part)","MAF","2004-2023",20
"SPI.D5.2.7.CGOV","St. Vincent and the Grenadines","VCT","2004-2015",12
"SPI.D5.2.7.CGOV","Sudan","SDN","2004-2015",12
"SPI.D5.2.7.CGOV","Suriname","SUR","2004-2015",12
"SPI.D5.2.7.CGOV","Sweden","SWE","2004-2015",12
"SPI.D5.2.7.CGOV","Switzerland","CHE","2004-2015",12
"SPI.D5.2.7.CGOV","Syrian Arab Republic","SYR","2004-2015",12
"SPI.D5.2.7.CGOV","Tajikistan","TJK","2004-2015",12
"SPI.D5.2.7.CGOV","Tanzania","TZA","2004-2015",12
"SPI.D5.2.7.CGOV","Thailand","THA","2004-2015",12
"SPI.D5.2.7.CGOV","Timor-Leste","TLS","2004-2015",12
"SPI.D5.2.7.CGOV","Togo","TGO","2004-2015",12
"SPI.D5.2.7.CGOV","Tonga","TON","2004-2015",12
"SPI.D5.2.7.CGOV","Trinidad and Tobago","TTO","2004-2015",12
"SPI.D5.2.7.CGOV","Tunisia","TUN","2004-2015",12
"SPI.D5.2.7.CGOV","Turkiye","TUR","2004-2015",12
"SPI.D5.2.7.CGOV","Turkmenistan","TKM","2004-2015",12
"SPI.D5.2.7.CGOV","Turks and Caicos Islands","TCA","2004-2023",20
"SPI.D5.2.7.CGOV","Tuvalu","TUV","2004-2015",12
"SPI.D5.2.7.CGOV","Uganda","UGA","2004-2015",12
"SPI.D5.2.7.CGOV","Ukraine","UKR","2004-2015",12
"SPI.D5.2.7.CGOV","United Arab Emirates","ARE","2004-2015",12
"SPI.D5.2.7.CGOV","United Kingdom","GBR","2004-2015",12
"SPI.D5.2.7.CGOV","United States","USA","2004-2015",12
"SPI.D5.2.7.CGOV","Uruguay","URY","2004-2015",12
"SPI.D5.2.7.CGOV","Uzbekistan","UZB","2004-2015",12
"SPI.D5.2.7.CGOV","Vanuatu","VUT","2004-2015",12
"SPI.D5.2.7.CGOV","Venezuela, RB","VEN","2004-2015",12
"SPI.D5.2.7.CGOV","Viet Nam","VNM","2004-2015",12
"SPI.D5.2.7.CGOV","Virgin Islands (U.S.)","VIR","2004-2023",20
"SPI.D5.2.7.CGOV","West Bank and Gaza","PSE","2004-2015",12
"SPI.D5.2.7.CGOV","Yemen, Rep.","YEM","2004-2015",12
"SPI.D5.2.7.CGOV","Zambia","ZMB","2004-2015",12
"SPI.D5.2.7.CGOV","Zimbabwe","ZWE","2004-2015",12
"SPI.D5.2.8.FINA","Afghanistan","AFG","2004-2015",12
"SPI.D5.2.8.FINA","Albania","ALB","2004-2015",12
"SPI.D5.2.8.FINA","Algeria","DZA","2004-2015",12
"SPI.D5.2.8.FINA","American Samoa","ASM","2004-2023",20
"SPI.D5.2.8.FINA","Andorra","AND","2004-2019",16
"SPI.D5.2.8.FINA","Angola","AGO","2004-2015",12
"SPI.D5.2.8.FINA","Antigua and Barbuda","ATG","2004-2015",12
"SPI.D5.2.8.FINA","Argentina","ARG","2004-2015",12
"SPI.D5.2.8.FINA","Armenia","ARM","2004-2015",12
"SPI.D5.2.8.FINA","Aruba","ABW","2004-2023",20
"SPI.D5.2.8.FINA","Azerbaijan","AZE","2004-2015",12
"SPI.D5.2.8.FINA","Bahamas, The","BHS","2004-2015",12
"SPI.D5.2.8.FINA","Bahrain","BHR","2004-2015",12
"SPI.D5.2.8.FINA","Bangladesh","BGD","2004-2015",12
"SPI.D5.2.8.FINA","Barbados","BRB","2004-2015",12
"SPI.D5.2.8.FINA","Belarus","BLR","2004-2015",12
"SPI.D5.2.8.FINA","Belize","BLZ","2004-2015",12
"SPI.D5.2.8.FINA","Benin","BEN","2004-2015",12
"SPI.D5.2.8.FINA","Bermuda","BMU","2004-2023",20
"SPI.D5.2.8.FINA","Bhutan","BTN","2004-2015",12
"SPI.D5.2.8.FINA","Bolivia","BOL","2004-2015",12
"SPI.D5.2.8.FINA","Bosnia and Herzegovina","BIH","2004-2015",12
"SPI.D5.2.8.FINA","Botswana","BWA","2004-2015",12
"SPI.D5.2.8.FINA","Brazil","BRA","2004-2015",12
"SPI.D5.2.8.FINA","British Virgin Islands","VGB","2004-2023",20
"SPI.D5.2.8.FINA","Brunei Darussalam","BRN","2004-2015",12
"SPI.D5.2.8.FINA","Bulgaria","BGR","2004-2015",12
"SPI.D5.2.8.FINA","Burkina Faso","BFA","2004-2015",12
"SPI.D5.2.8.FINA","Burundi","BDI","2004-2015",12
"SPI.D5.2.8.FINA","Cabo Verde","CPV","2004-2015",12
"SPI.D5.2.8.FINA","Cambodia","KHM","2004-2015",12
"SPI.D5.2.8.FINA","Cameroon","CMR","2004-2015",12
"SPI.D5.2.8.FINA","Cayman Islands","CYM","2004-2023",20
"SPI.D5.2.8.FINA","Central African Republic","CAF","2004-2015",12
"SPI.D5.2.8.FINA","Chad","TCD","2004-2015",12
"SPI.D5.2.8.FINA","Channel Islands","CHI","2004-2023",20
"SPI.D5.2.8.FINA","China","CHN","2004-2015",12
"SPI.D5.2.8.FINA","Colombia","COL","2004-2015",12
"SPI.D5.2.8.FINA","Comoros","COM","2004-2015",12
"SPI.D5.2.8.FINA","Congo, Dem. Rep.","COD","2004-2015",12
"SPI.D5.2.8.FINA","Congo, Rep.","COG","2004-2015",12
"SPI.D5.2.8.FINA","Costa Rica","CRI","2004-2015",12
"SPI.D5.2.8.FINA","Cote d'Ivoire","CIV","2004-2015",12
"SPI.D5.2.8.FINA","Croatia","HRV","2004-2015",12
"SPI.D5.2.8.FINA","Cuba","CUB","2004-2023",20
"SPI.D5.2.8.FINA","Curacao","CUW","2004-2023",20
"SPI.D5.2.8.FINA","Cyprus","CYP","2004-2015",12
"SPI.D5.2.8.FINA","Djibouti","DJI","2004-2015",12
"SPI.D5.2.8.FINA","Dominica","DMA","2004-2015",12
"SPI.D5.2.8.FINA","Dominican Republic","DOM","2004-2015",12
"SPI.D5.2.8.FINA","Ecuador","ECU","2004-2015",12
"SPI.D5.2.8.FINA","Egypt, Arab Rep.","EGY","2004-2015",12
"SPI.D5.2.8.FINA","El Salvador","SLV","2004-2015",12
"SPI.D5.2.8.FINA","Equatorial Guinea","GNQ","2004-2015",12
"SPI.D5.2.8.FINA","Eritrea","ERI","2004-2015",12
"SPI.D5.2.8.FINA","Eswatini","SWZ","2004-2015",12
"SPI.D5.2.8.FINA","Ethiopia","ETH","2004-2015",12
"SPI.D5.2.8.FINA","Faroe Islands","FRO","2004-2023",20
"SPI.D5.2.8.FINA","Fiji","FJI","2004-2015",12
"SPI.D5.2.8.FINA","French Polynesia","PYF","2004-2023",20
"SPI.D5.2.8.FINA","Gabon","GAB","2004-2015",12
"SPI.D5.2.8.FINA","Gambia, The","GMB","2004-2015",12
"SPI.D5.2.8.FINA","Georgia","GEO","2004-2015",12
"SPI.D5.2.8.FINA","Ghana","GHA","2004-2015",12
"SPI.D5.2.8.FINA","Gibraltar","GIB","2004-2023",20
"SPI.D5.2.8.FINA","Greenland","GRL","2004-2023",20
"SPI.D5.2.8.FINA","Grenada","GRD","2004-2015",12
"SPI.D5.2.8.FINA","Guam","GUM","2004-2023",20
"SPI.D5.2.8.FINA","Guatemala","GTM","2004-2015",12
"SPI.D5.2.8.FINA","Guinea","GIN","2004-2015",12
"SPI.D5.2.8.FINA","Guinea-Bissau","GNB","2004-2015",12
"SPI.D5.2.8.FINA","Guyana","GUY","2004-2015",12
"SPI.D5.2.8.FINA","Haiti","HTI","2004-2015",12
"SPI.D5.2.8.FINA","Honduras","HND","2004-2015",12
"SPI.D5.2.8.FINA","Hong Kong SAR, China","HKG","2004-2023",20
"SPI.D5.2.8.FINA","India","IND","2004-2015",12
"SPI.D5.2.8.FINA","Indonesia","IDN","2004-2015",12
"SPI.D5.2.8.FINA","Iran, Islamic Rep.","IRN","2004-2015",12
"SPI.D5.2.8.FINA","Iraq","IRQ","2004-2015",12
"SPI.D5.2.8.FINA","Isle of Man","IMN","2004-2023",20
"SPI.D5.2.8.FINA","Jamaica","JAM","2004-2015",12
"SPI.D5.2.8.FINA","Jordan","JOR","2004-2015",12
"SPI.D5.2.8.FINA","Kazakhstan","KAZ","2004-2015",12
"SPI.D5.2.8.FINA","Kenya","KEN","2004-2015",12
"SPI.D5.2.8.FINA","Kiribati","KIR","2004-2015",12
"SPI.D5.2.8.FINA","Korea, Dem. People's Rep.","PRK","2004-2023",20
"SPI.D5.2.8.FINA","Kosovo","XKX","2004-2015",12
"SPI.D5.2.8.FINA","Kuwait","KWT","2004-2015",12
"SPI.D5.2.8.FINA","Kyrgyz Republic","KGZ","2004-2015",12
"SPI.D5.2.8.FINA","Lao PDR","LAO","2004-2015",12
"SPI.D5.2.8.FINA","Lebanon","LBN","2004-2015",12
"SPI.D5.2.8.FINA","Lesotho","LSO","2004-2015",12
"SPI.D5.2.8.FINA","Liberia","LBR","2004-2015",12
"SPI.D5.2.8.FINA","Libya","LBY","2004-2015",12
"SPI.D5.2.8.FINA","Liechtenstein","LIE","2004-2023",20
"SPI.D5.2.8.FINA","Macao SAR, China","MAC","2004-2023",20
"SPI.D5.2.8.FINA","Madagascar","MDG","2004-2015",12
"SPI.D5.2.8.FINA","Malawi","MWI","2004-2015",12
"SPI.D5.2.8.FINA","Malaysia","MYS","2004-2015",12
"SPI.D5.2.8.FINA","Maldives","MDV","2004-2015",12
"SPI.D5.2.8.FINA","Mali","MLI","2004-2015",12
"SPI.D5.2.8.FINA","Malta","MLT","2004-2015",12
"SPI.D5.2.8.FINA","Marshall Islands","MHL","2004-2015",12
"SPI.D5.2.8.FINA","Mauritania","MRT","2004-2015",12
"SPI.D5.2.8.FINA","Mauritius","MUS","2004-2015",12
"SPI.D5.2.8.FINA","Mexico","MEX","2004-2015",12
"SPI.D5.2.8.FINA","Micronesia, Fed. Sts.","FSM","2004-2015",12
"SPI.D5.2.8.FINA","Moldova","MDA","2004-2015",12
"SPI.D5.2.8.FINA","Monaco","MCO","2004-2023",20
"SPI.D5.2.8.FINA","Mongolia","MNG","2004-2015",12
"SPI.D5.2.8.FINA","Montenegro","MNE","2004-2015",12
"SPI.D5.2.8.FINA","Morocco","MAR","2004-2015",12
"SPI.D5.2.8.FINA","Mozambique","MOZ","2004-2015",12
"SPI.D5.2.8.FINA","Myanmar","MMR","2004-2015",12
"SPI.D5.2.8.FINA","Namibia","NAM","2004-2015",12
"SPI.D5.2.8.FINA","Nauru","NRU","2004-2015",12
"SPI.D5.2.8.FINA","Nepal","NPL","2004-2015",12
"SPI.D5.2.8.FINA","New Caledonia","NCL","2004-2023",20
"SPI.D5.2.8.FINA","Nicaragua","NIC","2004-2015",12
"SPI.D5.2.8.FINA","Niger","NER","2004-2015",12
"SPI.D5.2.8.FINA","Nigeria","NGA","2004-2015",12
"SPI.D5.2.8.FINA","North Macedonia","MKD","2004-2015",12
"SPI.D5.2.8.FINA","Northern Mariana Islands","MNP","2004-2023",20
"SPI.D5.2.8.FINA","Oman","OMN","2004-2015",12
"SPI.D5.2.8.FINA","Pakistan","PAK","2004-2015",12
"SPI.D5.2.8.FINA","Palau","PLW","2004-2015",12
"SPI.D5.2.8.FINA","Panama","PAN","2004-2015",12
"SPI.D5.2.8.FINA","Papua New Guinea","PNG","2004-2015",12
"SPI.D5.2.8.FINA","Paraguay","PRY","2004-2015",12
"SPI.D5.2.8.FINA","Peru","PER","2004-2015",12
"SPI.D5.2.8.FINA","Philippines","PHL","2004-2015",12
"SPI.D5.2.8.FINA","Puerto Rico","PRI","2004-2023",20
"SPI.D5.2.8.FINA","Qatar","QAT","2004-2015",12
"SPI.D5.2.8.FINA","Romania","ROU","2004-2015",12
"SPI.D5.2.8.FINA","Russian Federation","RUS","2004-2015",12
"SPI.D5.2.8.FINA","Rwanda","RWA","2004-2015",12
"SPI.D5.2.8.FINA","Samoa","WSM","2004-2015",12
"SPI.D5.2.8.FINA","San Marino","SMR","2004-2015",12
"SPI.D5.2.8.FINA","Sao Tome and Principe","STP","2004-2015",12
"SPI.D5.2.8.FINA","Saudi Arabia","SAU","2004-2015",12
"SPI.D5.2.8.FINA","Senegal","SEN","2004-2015",12
"SPI.D5.2.8.FINA","Serbia","SRB","2004-2015",12
"SPI.D5.2.8.FINA","Seychelles","SYC","2004-2015",12
"SPI.D5.2.8.FINA","Sierra Leone","SLE","2004-2015",12
"SPI.D5.2.8.FINA","Sint Maarten (Dutch part)","SXM","2004-2023",20
"SPI.D5.2.8.FINA","Solomon Islands","SLB","2004-2015",12
"SPI.D5.2.8.FINA","Somalia","SOM","2004-2015",12
"SPI.D5.2.8.FINA","South Africa","ZAF","2004-2015",12
"SPI.D5.2.8.FINA","South Sudan","SSD","2004-2015",12
"SPI.D5.2.8.FINA","Sri Lanka","LKA","2004-2015",12
"SPI.D5.2.8.FINA","St. Kitts and Nevis","KNA","2004-2015",12
"SPI.D5.2.8.FINA","St. Lucia","LCA","2004-2015",12
"SPI.D5.2.8.FINA","St. Martin (French part)","MAF","2004-2023",20
"SPI.D5.2.8.FINA","St. Vincent and the Grenadines","VCT","2004-2015",12
"SPI.D5.2.8.FINA","Sudan","SDN","2004-2015",12
"SPI.D5.2.8.FINA","Suriname","SUR","2004-2015",12
"SPI.D5.2.8.FINA","Syrian Arab Republic","SYR","2004-2015",12
"SPI.D5.2.8.FINA","Tajikistan","TJK","2004-2015",12
"SPI.D5.2.8.FINA","Tanzania","TZA","2004-2015",12
"SPI.D5.2.8.FINA","Thailand","THA","2004-2015",12
"SPI.D5.2.8.FINA","Timor-Leste","TLS","2004-2015",12
"SPI.D5.2.8.FINA","Togo","TGO","2004-2015",12
"SPI.D5.2.8.FINA","Tonga","TON","2004-2015",12
"SPI.D5.2.8.FINA","Trinidad and Tobago","TTO","2004-2015",12
"SPI.D5.2.8.FINA","Tunisia","TUN","2004-2015",12
"SPI.D5.2.8.FINA","Turkiye","TUR","2004-2015",12
"SPI.D5.2.8.FINA","Turkmenistan","TKM","2004-2015",12
"SPI.D5.2.8.FINA","Turks and Caicos Islands","TCA","2004-2023",20
"SPI.D5.2.8.FINA","Tuvalu","TUV","2004-2015",12
"SPI.D5.2.8.FINA","Uganda","UGA","2004-2015",12
"SPI.D5.2.8.FINA","Ukraine","UKR","2004-2015",12
"SPI.D5.2.8.FINA","United Arab Emirates","ARE","2004-2015",12
"SPI.D5.2.8.FINA","Uruguay","URY","2004-2015",12
"SPI.D5.2.8.FINA","Uzbekistan","UZB","2004-2015",12
"SPI.D5.2.8.FINA","Vanuatu","VUT","2004-2015",12
"SPI.D5.2.8.FINA","Venezuela, RB","VEN","2004-2015",12
"SPI.D5.2.8.FINA","Viet Nam","VNM","2004-2015",12
"SPI.D5.2.8.FINA","Virgin Islands (U.S.)","VIR","2004-2023",20
"SPI.D5.2.8.FINA","West Bank and Gaza","PSE","2004-2015",12
"SPI.D5.2.8.FINA","Yemen, Rep.","YEM","2004-2015",12
"SPI.D5.2.8.FINA","Zambia","ZMB","2004-2015",12
"SPI.D5.2.8.FINA","Zimbabwe","ZWE","2004-2015",12
"SPI.D5.2.9.MONY","Afghanistan","AFG","2004-2015",12
"SPI.D5.2.9.MONY","Albania","ALB","2004-2015",12
"SPI.D5.2.9.MONY","Algeria","DZA","2004-2015",12
"SPI.D5.2.9.MONY","American Samoa","ASM","2004-2023",20
"SPI.D5.2.9.MONY","Andorra","AND","2004-2019",16
"SPI.D5.2.9.MONY","Angola","AGO","2004-2015",12
"SPI.D5.2.9.MONY","Antigua and Barbuda","ATG","2004-2015",12
"SPI.D5.2.9.MONY","Argentina","ARG","2004-2015",12
"SPI.D5.2.9.MONY","Armenia","ARM","2004-2015",12
"SPI.D5.2.9.MONY","Aruba","ABW","2004-2023",20
"SPI.D5.2.9.MONY","Australia","AUS","2004-2015",12
"SPI.D5.2.9.MONY","Austria","AUT","2004-2015",12
"SPI.D5.2.9.MONY","Azerbaijan","AZE","2004-2015",12
"SPI.D5.2.9.MONY","Bahamas, The","BHS","2004-2015",12
"SPI.D5.2.9.MONY","Bahrain","BHR","2004-2015",12
"SPI.D5.2.9.MONY","Bangladesh","BGD","2004-2015",12
"SPI.D5.2.9.MONY","Barbados","BRB","2004-2015",12
"SPI.D5.2.9.MONY","Belarus","BLR","2004-2015",12
"SPI.D5.2.9.MONY","Belgium","BEL","2004-2015",12
"SPI.D5.2.9.MONY","Belize","BLZ","2004-2015",12
"SPI.D5.2.9.MONY","Benin","BEN","2004-2015",12
"SPI.D5.2.9.MONY","Bermuda","BMU","2004-2023",20
"SPI.D5.2.9.MONY","Bhutan","BTN","2004-2015",12
"SPI.D5.2.9.MONY","Bolivia","BOL","2004-2015",12
"SPI.D5.2.9.MONY","Bosnia and Herzegovina","BIH","2004-2015",12
"SPI.D5.2.9.MONY","Botswana","BWA","2004-2015",12
"SPI.D5.2.9.MONY","Brazil","BRA","2004-2015",12
"SPI.D5.2.9.MONY","British Virgin Islands","VGB","2004-2023",20
"SPI.D5.2.9.MONY","Brunei Darussalam","BRN","2004-2015",12
"SPI.D5.2.9.MONY","Bulgaria","BGR","2004-2015",12
"SPI.D5.2.9.MONY","Burkina Faso","BFA","2004-2015",12
"SPI.D5.2.9.MONY","Burundi","BDI","2004-2015",12
"SPI.D5.2.9.MONY","Cabo Verde","CPV","2004-2015",12
"SPI.D5.2.9.MONY","Cambodia","KHM","2004-2015",12
"SPI.D5.2.9.MONY","Cameroon","CMR","2004-2015",12
"SPI.D5.2.9.MONY","Canada","CAN","2004-2015",12
"SPI.D5.2.9.MONY","Cayman Islands","CYM","2004-2023",20
"SPI.D5.2.9.MONY","Central African Republic","CAF","2004-2015",12
"SPI.D5.2.9.MONY","Chad","TCD","2004-2015",12
"SPI.D5.2.9.MONY","Channel Islands","CHI","2004-2023",20
"SPI.D5.2.9.MONY","Chile","CHL","2004-2015",12
"SPI.D5.2.9.MONY","China","CHN","2004-2015",12
"SPI.D5.2.9.MONY","Colombia","COL","2004-2015",12
"SPI.D5.2.9.MONY","Comoros","COM","2004-2015",12
"SPI.D5.2.9.MONY","Congo, Dem. Rep.","COD","2004-2015",12
"SPI.D5.2.9.MONY","Congo, Rep.","COG","2004-2015",12
"SPI.D5.2.9.MONY","Costa Rica","CRI","2004-2015",12
"SPI.D5.2.9.MONY","Cote d'Ivoire","CIV","2004-2015",12
"SPI.D5.2.9.MONY","Croatia","HRV","2004-2015",12
"SPI.D5.2.9.MONY","Cuba","CUB","2004-2023",20
"SPI.D5.2.9.MONY","Curacao","CUW","2004-2023",20
"SPI.D5.2.9.MONY","Cyprus","CYP","2004-2015",12
"SPI.D5.2.9.MONY","Czechia","CZE","2004-2015",12
"SPI.D5.2.9.MONY","Denmark","DNK","2004-2015",12
"SPI.D5.2.9.MONY","Djibouti","DJI","2004-2015",12
"SPI.D5.2.9.MONY","Dominica","DMA","2004-2015",12
"SPI.D5.2.9.MONY","Dominican Republic","DOM","2004-2015",12
"SPI.D5.2.9.MONY","Ecuador","ECU","2004-2015",12
"SPI.D5.2.9.MONY","Egypt, Arab Rep.","EGY","2004-2015",12
"SPI.D5.2.9.MONY","El Salvador","SLV","2004-2015",12
"SPI.D5.2.9.MONY","Equatorial Guinea","GNQ","2004-2015",12
"SPI.D5.2.9.MONY","Eritrea","ERI","2004-2015",12
"SPI.D5.2.9.MONY","Estonia","EST","2004-2015",12
"SPI.D5.2.9.MONY","Eswatini","SWZ","2004-2015",12
"SPI.D5.2.9.MONY","Ethiopia","ETH","2004-2015",12
"SPI.D5.2.9.MONY","Faroe Islands","FRO","2004-2023",20
"SPI.D5.2.9.MONY","Fiji","FJI","2004-2015",12
"SPI.D5.2.9.MONY","Finland","FIN","2004-2015",12
"SPI.D5.2.9.MONY","France","FRA","2004-2015",12
"SPI.D5.2.9.MONY","French Polynesia","PYF","2004-2023",20
"SPI.D5.2.9.MONY","Gabon","GAB","2004-2015",12
"SPI.D5.2.9.MONY","Gambia, The","GMB","2004-2015",12
"SPI.D5.2.9.MONY","Georgia","GEO","2004-2015",12
"SPI.D5.2.9.MONY","Germany","DEU","2004-2015",12
"SPI.D5.2.9.MONY","Ghana","GHA","2004-2015",12
"SPI.D5.2.9.MONY","Gibraltar","GIB","2004-2023",20
"SPI.D5.2.9.MONY","Greece","GRC","2004-2015",12
"SPI.D5.2.9.MONY","Greenland","GRL","2004-2023",20
"SPI.D5.2.9.MONY","Grenada","GRD","2004-2015",12
"SPI.D5.2.9.MONY","Guam","GUM","2004-2023",20
"SPI.D5.2.9.MONY","Guatemala","GTM","2004-2015",12
"SPI.D5.2.9.MONY","Guinea","GIN","2004-2015",12
"SPI.D5.2.9.MONY","Guinea-Bissau","GNB","2004-2015",12
"SPI.D5.2.9.MONY","Guyana","GUY","2004-2015",12
"SPI.D5.2.9.MONY","Haiti","HTI","2004-2015",12
"SPI.D5.2.9.MONY","Honduras","HND","2004-2015",12
"SPI.D5.2.9.MONY","Hong Kong SAR, China","HKG","2004-2019",16
"SPI.D5.2.9.MONY","Hungary","HUN","2004-2015",12
"SPI.D5.2.9.MONY","Iceland","ISL","2004-2015",12
"SPI.D5.2.9.MONY","India","IND","2004-2015",12
"SPI.D5.2.9.MONY","Indonesia","IDN","2004-2015",12
"SPI.D5.2.9.MONY","Iran, Islamic Rep.","IRN","2004-2015",12
"SPI.D5.2.9.MONY","Iraq","IRQ","2004-2015",12
"SPI.D5.2.9.MONY","Ireland","IRL","2004-2015",12
"SPI.D5.2.9.MONY","Isle of Man","IMN","2004-2023",20
"SPI.D5.2.9.MONY","Israel","ISR","2004-2015",12
"SPI.D5.2.9.MONY","Italy","ITA","2004-2015",12
"SPI.D5.2.9.MONY","Jamaica","JAM","2004-2015",12
"SPI.D5.2.9.MONY","Japan","JPN","2004-2015",12
"SPI.D5.2.9.MONY","Jordan","JOR","2004-2015",12
"SPI.D5.2.9.MONY","Kazakhstan","KAZ","2004-2015",12
"SPI.D5.2.9.MONY","Kenya","KEN","2004-2015",12
"SPI.D5.2.9.MONY","Kiribati","KIR","2004-2015",12
"SPI.D5.2.9.MONY","Korea, Dem. People's Rep.","PRK","2004-2023",20
"SPI.D5.2.9.MONY","Korea, Rep.","KOR","2004-2015",12
"SPI.D5.2.9.MONY","Kosovo","XKX","2004-2015",12
"SPI.D5.2.9.MONY","Kuwait","KWT","2004-2015",12
"SPI.D5.2.9.MONY","Kyrgyz Republic","KGZ","2004-2015",12
"SPI.D5.2.9.MONY","Lao PDR","LAO","2004-2015",12
"SPI.D5.2.9.MONY","Latvia","LVA","2004-2015",12
"SPI.D5.2.9.MONY","Lebanon","LBN","2004-2015",12
"SPI.D5.2.9.MONY","Lesotho","LSO","2004-2015",12
"SPI.D5.2.9.MONY","Liberia","LBR","2004-2015",12
"SPI.D5.2.9.MONY","Libya","LBY","2004-2015",12
"SPI.D5.2.9.MONY","Liechtenstein","LIE","2004-2023",20
"SPI.D5.2.9.MONY","Lithuania","LTU","2004-2015",12
"SPI.D5.2.9.MONY","Luxembourg","LUX","2004-2015",12
"SPI.D5.2.9.MONY","Macao SAR, China","MAC","2004-2019",16
"SPI.D5.2.9.MONY","Madagascar","MDG","2004-2015",12
"SPI.D5.2.9.MONY","Malawi","MWI","2004-2015",12
"SPI.D5.2.9.MONY","Malaysia","MYS","2004-2015",12
"SPI.D5.2.9.MONY","Maldives","MDV","2004-2015",12
"SPI.D5.2.9.MONY","Mali","MLI","2004-2015",12
"SPI.D5.2.9.MONY","Malta","MLT","2004-2015",12
"SPI.D5.2.9.MONY","Marshall Islands","MHL","2004-2015",12
"SPI.D5.2.9.MONY","Mauritania","MRT","2004-2015",12
"SPI.D5.2.9.MONY","Mauritius","MUS","2004-2015",12
"SPI.D5.2.9.MONY","Mexico","MEX","2004-2015",12
"SPI.D5.2.9.MONY","Micronesia, Fed. Sts.","FSM","2004-2015",12
"SPI.D5.2.9.MONY","Moldova","MDA","2004-2015",12
"SPI.D5.2.9.MONY","Monaco","MCO","2004-2023",20
"SPI.D5.2.9.MONY","Mongolia","MNG","2004-2015",12
"SPI.D5.2.9.MONY","Montenegro","MNE","2004-2015",12
"SPI.D5.2.9.MONY","Morocco","MAR","2004-2015",12
"SPI.D5.2.9.MONY","Mozambique","MOZ","2004-2015",12
"SPI.D5.2.9.MONY","Myanmar","MMR","2004-2015",12
"SPI.D5.2.9.MONY","Namibia","NAM","2004-2015",12
"SPI.D5.2.9.MONY","Nauru","NRU","2004-2015",12
"SPI.D5.2.9.MONY","Nepal","NPL","2004-2015",12
"SPI.D5.2.9.MONY","Netherlands","NLD","2004-2015",12
"SPI.D5.2.9.MONY","New Caledonia","NCL","2004-2023",20
"SPI.D5.2.9.MONY","New Zealand","NZL","2004-2015",12
"SPI.D5.2.9.MONY","Nicaragua","NIC","2004-2015",12
"SPI.D5.2.9.MONY","Niger","NER","2004-2015",12
"SPI.D5.2.9.MONY","Nigeria","NGA","2004-2015",12
"SPI.D5.2.9.MONY","North Macedonia","MKD","2004-2015",12
"SPI.D5.2.9.MONY","Northern Mariana Islands","MNP","2004-2023",20
"SPI.D5.2.9.MONY","Norway","NOR","2004-2015",12
"SPI.D5.2.9.MONY","Oman","OMN","2004-2015",12
"SPI.D5.2.9.MONY","Pakistan","PAK","2004-2015",12
"SPI.D5.2.9.MONY","Palau","PLW","2004-2015",12
"SPI.D5.2.9.MONY","Panama","PAN","2004-2015",12
"SPI.D5.2.9.MONY","Papua New Guinea","PNG","2004-2015",12
"SPI.D5.2.9.MONY","Paraguay","PRY","2004-2015",12
"SPI.D5.2.9.MONY","Peru","PER","2004-2015",12
"SPI.D5.2.9.MONY","Philippines","PHL","2004-2015",12
"SPI.D5.2.9.MONY","Poland","POL","2004-2015",12
"SPI.D5.2.9.MONY","Portugal","PRT","2004-2015",12
"SPI.D5.2.9.MONY","Puerto Rico","PRI","2004-2023",20
"SPI.D5.2.9.MONY","Qatar","QAT","2004-2015",12
"SPI.D5.2.9.MONY","Romania","ROU","2004-2015",12
"SPI.D5.2.9.MONY","Russian Federation","RUS","2004-2015",12
"SPI.D5.2.9.MONY","Rwanda","RWA","2004-2015",12
"SPI.D5.2.9.MONY","Samoa","WSM","2004-2015",12
"SPI.D5.2.9.MONY","San Marino","SMR","2004-2015",12
"SPI.D5.2.9.MONY","Sao Tome and Principe","STP","2004-2015",12
"SPI.D5.2.9.MONY","Saudi Arabia","SAU","2004-2015",12
"SPI.D5.2.9.MONY","Senegal","SEN","2004-2015",12
"SPI.D5.2.9.MONY","Serbia","SRB","2004-2015",12
"SPI.D5.2.9.MONY","Seychelles","SYC","2004-2015",12
"SPI.D5.2.9.MONY","Sierra Leone","SLE","2004-2015",12
"SPI.D5.2.9.MONY","Singapore","SGP","2004-2015",12
"SPI.D5.2.9.MONY","Sint Maarten (Dutch part)","SXM","2004-2023",20
"SPI.D5.2.9.MONY","Slovak Republic","SVK","2004-2015",12
"SPI.D5.2.9.MONY","Slovenia","SVN","2004-2015",12
"SPI.D5.2.9.MONY","Solomon Islands","SLB","2004-2015",12
"SPI.D5.2.9.MONY","Somalia","SOM","2004-2015",12
"SPI.D5.2.9.MONY","South Africa","ZAF","2004-2015",12
"SPI.D5.2.9.MONY","South Sudan","SSD","2004-2015",12
"SPI.D5.2.9.MONY","Spain","ESP","2004-2015",12
"SPI.D5.2.9.MONY","Sri Lanka","LKA","2004-2015",12
"SPI.D5.2.9.MONY","St. Kitts and Nevis","KNA","2004-2015",12
"SPI.D5.2.9.MONY","St. Lucia","LCA","2004-2015",12
"SPI.D5.2.9.MONY","St. Martin (French part)","MAF","2004-2023",20
"SPI.D5.2.9.MONY","St. Vincent and the Grenadines","VCT","2004-2015",12
"SPI.D5.2.9.MONY","Sudan","SDN","2004-2015",12
"SPI.D5.2.9.MONY","Suriname","SUR","2004-2015",12
"SPI.D5.2.9.MONY","Sweden","SWE","2004-2015",12
"SPI.D5.2.9.MONY","Switzerland","CHE","2004-2015",12
"SPI.D5.2.9.MONY","Syrian Arab Republic","SYR","2004-2015",12
"SPI.D5.2.9.MONY","Tajikistan","TJK","2004-2015",12
"SPI.D5.2.9.MONY","Tanzania","TZA","2004-2015",12
"SPI.D5.2.9.MONY","Thailand","THA","2004-2015",12
"SPI.D5.2.9.MONY","Timor-Leste","TLS","2004-2015",12
"SPI.D5.2.9.MONY","Togo","TGO","2004-2015",12
"SPI.D5.2.9.MONY","Tonga","TON","2004-2015",12
"SPI.D5.2.9.MONY","Trinidad and Tobago","TTO","2004-2015",12
"SPI.D5.2.9.MONY","Tunisia","TUN","2004-2015",12
"SPI.D5.2.9.MONY","Turkiye","TUR","2004-2015",12
"SPI.D5.2.9.MONY","Turkmenistan","TKM","2004-2015",12
"SPI.D5.2.9.MONY","Turks and Caicos Islands","TCA","2004-2023",20
"SPI.D5.2.9.MONY","Tuvalu","TUV","2004-2015",12
"SPI.D5.2.9.MONY","Uganda","UGA","2004-2015",12
"SPI.D5.2.9.MONY","Ukraine","UKR","2004-2015",12
"SPI.D5.2.9.MONY","United Arab Emirates","ARE","2004-2015",12
"SPI.D5.2.9.MONY","United Kingdom","GBR","2004-2015",12
"SPI.D5.2.9.MONY","United States","USA","2004-2015",12
"SPI.D5.2.9.MONY","Uruguay","URY","2004-2015",12
"SPI.D5.2.9.MONY","Uzbekistan","UZB","2004-2015",12
"SPI.D5.2.9.MONY","Vanuatu","VUT","2004-2015",12
"SPI.D5.2.9.MONY","Venezuela, RB","VEN","2004-2015",12
"SPI.D5.2.9.MONY","Viet Nam","VNM","2004-2015",12
"SPI.D5.2.9.MONY","Virgin Islands (U.S.)","VIR","2004-2023",20
"SPI.D5.2.9.MONY","West Bank and Gaza","PSE","2004-2015",12
"SPI.D5.2.9.MONY","Yemen, Rep.","YEM","2004-2015",12
"SPI.D5.2.9.MONY","Zambia","ZMB","2004-2015",12
"SPI.D5.2.9.MONY","Zimbabwe","ZWE","2004-2015",12
"SPI.D5.5.DIFI","Afghanistan","AFG","2004-2023",20
"SPI.D5.5.DIFI","Albania","ALB","2004-2018",15
"SPI.D5.5.DIFI","Algeria","DZA","2004-2018",15
"SPI.D5.5.DIFI","American Samoa","ASM","2004-2023",20
"SPI.D5.5.DIFI","Andorra","AND","2004-2018",15
"SPI.D5.5.DIFI","Angola","AGO","2004-2023",20
"SPI.D5.5.DIFI","Antigua and Barbuda","ATG","2004-2018",15
"SPI.D5.5.DIFI","Argentina","ARG","2004-2018",15
"SPI.D5.5.DIFI","Armenia","ARM","2004-2018",15
"SPI.D5.5.DIFI","Aruba","ABW","2004-2023",20
"SPI.D5.5.DIFI","Azerbaijan","AZE","2004-2021",18
"SPI.D5.5.DIFI","Bahamas, The","BHS","2004-2023",20
"SPI.D5.5.DIFI","Bahrain","BHR","2004-2023",20
"SPI.D5.5.DIFI","Bangladesh","BGD","2004-2018",15
"SPI.D5.5.DIFI","Barbados","BRB","2004-2018",15
"SPI.D5.5.DIFI","Belarus","BLR","2004-2018",15
"SPI.D5.5.DIFI","Belize","BLZ","2004-2018",15
"SPI.D5.5.DIFI","Benin","BEN","2004-2018",15
"SPI.D5.5.DIFI","Bermuda","BMU","2004-2023",20
"SPI.D5.5.DIFI","Bhutan","BTN","2004-2018",15
"SPI.D5.5.DIFI","Bolivia","BOL","2004-2018",15
"SPI.D5.5.DIFI","Bosnia and Herzegovina","BIH","2004-2018",15
"SPI.D5.5.DIFI","Botswana","BWA","2004-2018",15
"SPI.D5.5.DIFI","Brazil","BRA","2004-2021",18
"SPI.D5.5.DIFI","British Virgin Islands","VGB","2004-2023",20
"SPI.D5.5.DIFI","Brunei Darussalam","BRN","2004-2018",15
"SPI.D5.5.DIFI","Bulgaria","BGR","2004-2018",15
"SPI.D5.5.DIFI","Burkina Faso","BFA","2004-2023",20
"SPI.D5.5.DIFI","Burundi","BDI","2004-2018",15
"SPI.D5.5.DIFI","Cabo Verde","CPV","2004-2018",15
"SPI.D5.5.DIFI","Cambodia","KHM","2004-2018",15
"SPI.D5.5.DIFI","Cameroon","CMR","2004-2018",15
"SPI.D5.5.DIFI","Cayman Islands","CYM","2004-2018",15
"SPI.D5.5.DIFI","Central African Republic","CAF","2004-2018",15
"SPI.D5.5.DIFI","Chad","TCD","2004-2018",15
"SPI.D5.5.DIFI","Channel Islands","CHI","2004-2023",20
"SPI.D5.5.DIFI","China","CHN","2004-2018",15
"SPI.D5.5.DIFI","Colombia","COL","2004-2018",15
"SPI.D5.5.DIFI","Comoros","COM","2004-2018",15
"SPI.D5.5.DIFI","Congo, Dem. Rep.","COD","2004-2018",15
"SPI.D5.5.DIFI","Congo, Rep.","COG","2004-2018",15
"SPI.D5.5.DIFI","Costa Rica","CRI","2004-2018",15
"SPI.D5.5.DIFI","Cote d'Ivoire","CIV","2004-2018",15
"SPI.D5.5.DIFI","Croatia","HRV","2004-2018",15
"SPI.D5.5.DIFI","Cuba","CUB","2004-2022",19
"SPI.D5.5.DIFI","Curacao","CUW","2004-2018",15
"SPI.D5.5.DIFI","Cyprus","CYP","2004-2018",15
"SPI.D5.5.DIFI","Djibouti","DJI","2004-2018",15
"SPI.D5.5.DIFI","Dominica","DMA","2004-2018",15
"SPI.D5.5.DIFI","Dominican Republic","DOM","2004-2018",15
"SPI.D5.5.DIFI","Ecuador","ECU","2004-2018",15
"SPI.D5.5.DIFI","Egypt, Arab Rep.","EGY","2004-2018",15
"SPI.D5.5.DIFI","El Salvador","SLV","2004-2018",15
"SPI.D5.5.DIFI","Equatorial Guinea","GNQ","2004-2018",15
"SPI.D5.5.DIFI","Eritrea","ERI","2004-2023",20
"SPI.D5.5.DIFI","Eswatini","SWZ","2004-2018",15
"SPI.D5.5.DIFI","Ethiopia","ETH","2004-2023",20
"SPI.D5.5.DIFI","Faroe Islands","FRO","2004-2018",15
"SPI.D5.5.DIFI","Fiji","FJI","2004-2021",18
"SPI.D5.5.DIFI","French Polynesia","PYF","2004-2023",20
"SPI.D5.5.DIFI","Gabon","GAB","2004-2018",15
"SPI.D5.5.DIFI","Gambia, The","GMB","2004-2018",15
"SPI.D5.5.DIFI","Georgia","GEO","2004-2021",18
"SPI.D5.5.DIFI","Ghana","GHA","2004-2022",19
"SPI.D5.5.DIFI","Gibraltar","GIB","2004-2023",20
"SPI.D5.5.DIFI","Greenland","GRL","2004-2023",20
"SPI.D5.5.DIFI","Grenada","GRD","2004-2023",20
"SPI.D5.5.DIFI","Guam","GUM","2004-2023",20
"SPI.D5.5.DIFI","Guatemala","GTM","2004-2018",15
"SPI.D5.5.DIFI","Guinea","GIN","2004-2018",15
"SPI.D5.5.DIFI","Guinea-Bissau","GNB","2004-2023",20
"SPI.D5.5.DIFI","Guyana","GUY","2004-2021",18
"SPI.D5.5.DIFI","Haiti","HTI","2004-2023",20
"SPI.D5.5.DIFI","Honduras","HND","2004-2018",15
"SPI.D5.5.DIFI","Hong Kong SAR, China","HKG","2004-2018",15
"SPI.D5.5.DIFI","India","IND","2004-2018",15
"SPI.D5.5.DIFI","Indonesia","IDN","2004-2018",15
"SPI.D5.5.DIFI","Iran, Islamic Rep.","IRN","2004-2018",15
"SPI.D5.5.DIFI","Iraq","IRQ","2004-2018",15
"SPI.D5.5.DIFI","Isle of Man","IMN","2004-2023",20
"SPI.D5.5.DIFI","Jamaica","JAM","2004-2018",15
"SPI.D5.5.DIFI","Jordan","JOR","2004-2018",15
"SPI.D5.5.DIFI","Kazakhstan","KAZ","2004-2018",15
"SPI.D5.5.DIFI","Kenya","KEN","2004-2021",18
"SPI.D5.5.DIFI","Kiribati","KIR","2004-2023",20
"SPI.D5.5.DIFI","Korea, Dem. People's Rep.","PRK","2004-2023",20
"SPI.D5.5.DIFI","Kosovo","XKX","2004-2023",20
"SPI.D5.5.DIFI","Kuwait","KWT","2004-2018",15
"SPI.D5.5.DIFI","Kyrgyz Republic","KGZ","2004-2018",15
"SPI.D5.5.DIFI","Lao PDR","LAO","2004-2021",18
"SPI.D5.5.DIFI","Lebanon","LBN","2004-2023",20
"SPI.D5.5.DIFI","Lesotho","LSO","2004-2023",20
"SPI.D5.5.DIFI","Liberia","LBR","2004-2018",15
"SPI.D5.5.DIFI","Libya","LBY","2004-2018",15
"SPI.D5.5.DIFI","Liechtenstein","LIE","2004-2018",15
"SPI.D5.5.DIFI","Macao SAR, China","MAC","2004-2018",15
"SPI.D5.5.DIFI","Madagascar","MDG","2004-2018",15
"SPI.D5.5.DIFI","Malawi","MWI","2004-2023",20
"SPI.D5.5.DIFI","Malaysia","MYS","2004-2021",18
"SPI.D5.5.DIFI","Maldives","MDV","2004-2018",15
"SPI.D5.5.DIFI","Mali","MLI","2004-2018",15
"SPI.D5.5.DIFI","Malta","MLT","2004-2021",18
"SPI.D5.5.DIFI","Marshall Islands","MHL","2004-2023",20
"SPI.D5.5.DIFI","Mauritania","MRT","2004-2018",15
"SPI.D5.5.DIFI","Mauritius","MUS","2004-2018",15
"SPI.D5.5.DIFI","Mexico","MEX","2004-2018",15
"SPI.D5.5.DIFI","Micronesia, Fed. Sts.","FSM","2004-2023",20
"SPI.D5.5.DIFI","Moldova","MDA","2004-2018",15
"SPI.D5.5.DIFI","Monaco","MCO","2004-2023",20
"SPI.D5.5.DIFI","Mongolia","MNG","2004-2018",15
"SPI.D5.5.DIFI","Montenegro","MNE","2004-2022",19
"SPI.D5.5.DIFI","Morocco","MAR","2004-2018",15
"SPI.D5.5.DIFI","Mozambique","MOZ","2004-2021",18
"SPI.D5.5.DIFI","Myanmar","MMR","2004-2023",20
"SPI.D5.5.DIFI","Namibia","NAM","2004-2022",19
"SPI.D5.5.DIFI","Nauru","NRU","2004-2018",15
"SPI.D5.5.DIFI","Nepal","NPL","2004-2018",15
"SPI.D5.5.DIFI","New Caledonia","NCL","2004-2023",20
"SPI.D5.5.DIFI","Nicaragua","NIC","2004-2023",20
"SPI.D5.5.DIFI","Niger","NER","2004-2018",15
"SPI.D5.5.DIFI","Nigeria","NGA","2004-2022",19
"SPI.D5.5.DIFI","North Macedonia","MKD","2004-2018",15
"SPI.D5.5.DIFI","Northern Mariana Islands","MNP","2004-2018",15
"SPI.D5.5.DIFI","Oman","OMN","2004-2018",15
"SPI.D5.5.DIFI","Pakistan","PAK","2004-2018",15
"SPI.D5.5.DIFI","Palau","PLW","2004-2018",15
"SPI.D5.5.DIFI","Panama","PAN","2004-2018",15
"SPI.D5.5.DIFI","Papua New Guinea","PNG","2004-2023",20
"SPI.D5.5.DIFI","Paraguay","PRY","2004-2018",15
"SPI.D5.5.DIFI","Peru","PER","2004-2021",18
"SPI.D5.5.DIFI","Philippines","PHL","2004-2021",18
"SPI.D5.5.DIFI","Puerto Rico","PRI","2004-2018",15
"SPI.D5.5.DIFI","Qatar","QAT","2004-2018",15
"SPI.D5.5.DIFI","Romania","ROU","2004-2018",15
"SPI.D5.5.DIFI","Russian Federation","RUS","2004-2018",15
"SPI.D5.5.DIFI","Rwanda","RWA","2004-2023",20
"SPI.D5.5.DIFI","Samoa","WSM","2004-2018",15
"SPI.D5.5.DIFI","San Marino","SMR","2004-2023",20
"SPI.D5.5.DIFI","Sao Tome and Principe","STP","2004-2018",15
"SPI.D5.5.DIFI","Saudi Arabia","SAU","2004-2018",15
"SPI.D5.5.DIFI","Senegal","SEN","2004-2018",15
"SPI.D5.5.DIFI","Serbia","SRB","2004-2018",15
"SPI.D5.5.DIFI","Seychelles","SYC","2004-2023",20
"SPI.D5.5.DIFI","Sierra Leone","SLE","2004-2018",15
"SPI.D5.5.DIFI","Sint Maarten (Dutch part)","SXM","2004-2023",20
"SPI.D5.5.DIFI","Solomon Islands","SLB","2004-2023",20
"SPI.D5.5.DIFI","Somalia","SOM","2004-2021",18
"SPI.D5.5.DIFI","South Africa","ZAF","2004-2018",15
"SPI.D5.5.DIFI","South Sudan","SSD","2004-2018",15
"SPI.D5.5.DIFI","Sri Lanka","LKA","2004-2018",15
"SPI.D5.5.DIFI","St. Kitts and Nevis","KNA","2004-2018",15
"SPI.D5.5.DIFI","St. Lucia","LCA","2004-2023",20
"SPI.D5.5.DIFI","St. Martin (French part)","MAF","2004-2023",20
"SPI.D5.5.DIFI","St. Vincent and the Grenadines","VCT","2004-2023",20
"SPI.D5.5.DIFI","Sudan","SDN","2004-2018",15
"SPI.D5.5.DIFI","Suriname","SUR","2004-2018",15
"SPI.D5.5.DIFI","Syrian Arab Republic","SYR","2004-2023",20
"SPI.D5.5.DIFI","Tajikistan","TJK","2004-2018",15
"SPI.D5.5.DIFI","Tanzania","TZA","2004-2018",15
"SPI.D5.5.DIFI","Thailand","THA","2004-2018",15
"SPI.D5.5.DIFI","Timor-Leste","TLS","2004-2022",19
"SPI.D5.5.DIFI","Togo","TGO","2004-2018",15
"SPI.D5.5.DIFI","Tonga","TON","2004-2018",15
"SPI.D5.5.DIFI","Trinidad and Tobago","TTO","2004-2023",20
"SPI.D5.5.DIFI","Tunisia","TUN","2004-2018",15
"SPI.D5.5.DIFI","Turkiye","TUR","2004-2018",15
"SPI.D5.5.DIFI","Turkmenistan","TKM","2004-2023",20
"SPI.D5.5.DIFI","Turks and Caicos Islands","TCA","2004-2023",20
"SPI.D5.5.DIFI","Tuvalu","TUV","2004-2023",20
"SPI.D5.5.DIFI","Uganda","UGA","2004-2018",15
"SPI.D5.5.DIFI","Ukraine","UKR","2004-2018",15
"SPI.D5.5.DIFI","United Arab Emirates","ARE","2004-2018",15
"SPI.D5.5.DIFI","Uruguay","URY","2004-2018",15
"SPI.D5.5.DIFI","Uzbekistan","UZB","2004-2018",15
"SPI.D5.5.DIFI","Vanuatu","VUT","2004-2018",15
"SPI.D5.5.DIFI","Venezuela, RB","VEN","2004-2023",20
"SPI.D5.5.DIFI","Viet Nam","VNM","2004-2023",20
"SPI.D5.5.DIFI","Virgin Islands (U.S.)","VIR","2004-2023",20
"SPI.D5.5.DIFI","West Bank and Gaza","PSE","2004-2018",15
"SPI.D5.5.DIFI","Yemen, Rep.","YEM","2004-2022",19
"SPI.D5.5.DIFI","Zambia","ZMB","2004-2023",20
"SPI.D5.5.DIFI","Zimbabwe","ZWE","2004-2018",15
"SPI.DIM2.1.INDEX","Afghanistan","AFG","2004-2015",12
"SPI.DIM2.1.INDEX","Albania","ALB","2004-2015",12
"SPI.DIM2.1.INDEX","Algeria","DZA","2004-2015",12
"SPI.DIM2.1.INDEX","American Samoa","ASM","2004-2015",12
"SPI.DIM2.1.INDEX","Andorra","AND","2004-2016",13
"SPI.DIM2.1.INDEX","Angola","AGO","2004-2015",12
"SPI.DIM2.1.INDEX","Antigua and Barbuda","ATG","2004-2015",12
"SPI.DIM2.1.INDEX","Argentina","ARG","2004-2015",12
"SPI.DIM2.1.INDEX","Armenia","ARM","2004-2015",12
"SPI.DIM2.1.INDEX","Aruba","ABW","2004-2015",12
"SPI.DIM2.1.INDEX","Azerbaijan","AZE","2004-2015",12
"SPI.DIM2.1.INDEX","Bahamas, The","BHS","2004-2015",12
"SPI.DIM2.1.INDEX","Bahrain","BHR","2004-2015",12
"SPI.DIM2.1.INDEX","Bangladesh","BGD","2004-2015",12
"SPI.DIM2.1.INDEX","Barbados","BRB","2004-2015",12
"SPI.DIM2.1.INDEX","Belarus","BLR","2004-2015",12
"SPI.DIM2.1.INDEX","Belize","BLZ","2004-2015",12
"SPI.DIM2.1.INDEX","Benin","BEN","2004-2015",12
"SPI.DIM2.1.INDEX","Bermuda","BMU","2004-2015",12
"SPI.DIM2.1.INDEX","Bhutan","BTN","2004-2015",12
"SPI.DIM2.1.INDEX","Bolivia","BOL","2004-2015",12
"SPI.DIM2.1.INDEX","Bosnia and Herzegovina","BIH","2004-2015",12
"SPI.DIM2.1.INDEX","Botswana","BWA","2004-2015",12
"SPI.DIM2.1.INDEX","Brazil","BRA","2004-2015",12
"SPI.DIM2.1.INDEX","British Virgin Islands","VGB","2004-2015",12
"SPI.DIM2.1.INDEX","Brunei Darussalam","BRN","2004-2015",12
"SPI.DIM2.1.INDEX","Bulgaria","BGR","2004-2015",12
"SPI.DIM2.1.INDEX","Burkina Faso","BFA","2004-2015",12
"SPI.DIM2.1.INDEX","Burundi","BDI","2004-2015",12
"SPI.DIM2.1.INDEX","Cabo Verde","CPV","2004-2015",12
"SPI.DIM2.1.INDEX","Cambodia","KHM","2004-2015",12
"SPI.DIM2.1.INDEX","Cameroon","CMR","2004-2015",12
"SPI.DIM2.1.INDEX","Cayman Islands","CYM","2004-2015",12
"SPI.DIM2.1.INDEX","Central African Republic","CAF","2004-2015",12
"SPI.DIM2.1.INDEX","Chad","TCD","2004-2015",12
"SPI.DIM2.1.INDEX","Channel Islands","CHI","2004-2015",12
"SPI.DIM2.1.INDEX","China","CHN","2004-2015",12
"SPI.DIM2.1.INDEX","Colombia","COL","2004-2015",12
"SPI.DIM2.1.INDEX","Comoros","COM","2004-2015",12
"SPI.DIM2.1.INDEX","Congo, Dem. Rep.","COD","2004-2016",13
"SPI.DIM2.1.INDEX","Congo, Rep.","COG","2004-2015",12
"SPI.DIM2.1.INDEX","Costa Rica","CRI","2004-2015",12
"SPI.DIM2.1.INDEX","Cote d'Ivoire","CIV","2004-2015",12
"SPI.DIM2.1.INDEX","Croatia","HRV","2004-2015",12
"SPI.DIM2.1.INDEX","Cuba","CUB","2004-2015",12
"SPI.DIM2.1.INDEX","Curacao","CUW","2004-2015",12
"SPI.DIM2.1.INDEX","Cyprus","CYP","2004-2015",12
"SPI.DIM2.1.INDEX","Djibouti","DJI","2004-2015",12
"SPI.DIM2.1.INDEX","Dominica","DMA","2004-2015",12
"SPI.DIM2.1.INDEX","Dominican Republic","DOM","2004-2015",12
"SPI.DIM2.1.INDEX","Ecuador","ECU","2004-2015",12
"SPI.DIM2.1.INDEX","Egypt, Arab Rep.","EGY","2004-2015",12
"SPI.DIM2.1.INDEX","El Salvador","SLV","2004-2015",12
"SPI.DIM2.1.INDEX","Equatorial Guinea","GNQ","2004-2015",12
"SPI.DIM2.1.INDEX","Eritrea","ERI","2004-2015",12
"SPI.DIM2.1.INDEX","Eswatini","SWZ","2004-2015",12
"SPI.DIM2.1.INDEX","Ethiopia","ETH","2004-2015",12
"SPI.DIM2.1.INDEX","Faroe Islands","FRO","2004-2015",12
"SPI.DIM2.1.INDEX","Fiji","FJI","2004-2015",12
"SPI.DIM2.1.INDEX","French Polynesia","PYF","2004-2015",12
"SPI.DIM2.1.INDEX","Gabon","GAB","2004-2015",12
"SPI.DIM2.1.INDEX","Gambia, The","GMB","2004-2015",12
"SPI.DIM2.1.INDEX","Georgia","GEO","2004-2015",12
"SPI.DIM2.1.INDEX","Ghana","GHA","2004-2015",12
"SPI.DIM2.1.INDEX","Gibraltar","GIB","2004-2015",12
"SPI.DIM2.1.INDEX","Greenland","GRL","2004-2015",12
"SPI.DIM2.1.INDEX","Grenada","GRD","2004-2015",12
"SPI.DIM2.1.INDEX","Guam","GUM","2004-2015",12
"SPI.DIM2.1.INDEX","Guatemala","GTM","2004-2015",12
"SPI.DIM2.1.INDEX","Guinea","GIN","2004-2015",12
"SPI.DIM2.1.INDEX","Guinea-Bissau","GNB","2004-2015",12
"SPI.DIM2.1.INDEX","Guyana","GUY","2004-2015",12
"SPI.DIM2.1.INDEX","Haiti","HTI","2004-2015",12
"SPI.DIM2.1.INDEX","Honduras","HND","2004-2015",12
"SPI.DIM2.1.INDEX","Hong Kong SAR, China","HKG","2004-2015",12
"SPI.DIM2.1.INDEX","India","IND","2004-2015",12
"SPI.DIM2.1.INDEX","Indonesia","IDN","2004-2015",12
"SPI.DIM2.1.INDEX","Iran, Islamic Rep.","IRN","2004-2015",12
"SPI.DIM2.1.INDEX","Iraq","IRQ","2004-2015",12
"SPI.DIM2.1.INDEX","Isle of Man","IMN","2004-2016",13
"SPI.DIM2.1.INDEX","Jamaica","JAM","2004-2015",12
"SPI.DIM2.1.INDEX","Jordan","JOR","2004-2015",12
"SPI.DIM2.1.INDEX","Kazakhstan","KAZ","2004-2015",12
"SPI.DIM2.1.INDEX","Kenya","KEN","2004-2015",12
"SPI.DIM2.1.INDEX","Kiribati","KIR","2004-2015",12
"SPI.DIM2.1.INDEX","Korea, Dem. People's Rep.","PRK","2004-2015",12
"SPI.DIM2.1.INDEX","Kosovo","XKX","2004-2016",13
"SPI.DIM2.1.INDEX","Kuwait","KWT","2004-2015",12
"SPI.DIM2.1.INDEX","Kyrgyz Republic","KGZ","2004-2015",12
"SPI.DIM2.1.INDEX","Lao PDR","LAO","2004-2015",12
"SPI.DIM2.1.INDEX","Lebanon","LBN","2004-2015",12
"SPI.DIM2.1.INDEX","Lesotho","LSO","2004-2015",12
"SPI.DIM2.1.INDEX","Liberia","LBR","2004-2015",12
"SPI.DIM2.1.INDEX","Libya","LBY","2004-2015",12
"SPI.DIM2.1.INDEX","Liechtenstein","LIE","2004-2015",12
"SPI.DIM2.1.INDEX","Macao SAR, China","MAC","2004-2015",12
"SPI.DIM2.1.INDEX","Madagascar","MDG","2004-2015",12
"SPI.DIM2.1.INDEX","Malawi","MWI","2004-2015",12
"SPI.DIM2.1.INDEX","Malaysia","MYS","2004-2015",12
"SPI.DIM2.1.INDEX","Maldives","MDV","2004-2015",12
"SPI.DIM2.1.INDEX","Mali","MLI","2004-2015",12
"SPI.DIM2.1.INDEX","Malta","MLT","2004-2015",12
"SPI.DIM2.1.INDEX","Marshall Islands","MHL","2004-2015",12
"SPI.DIM2.1.INDEX","Mauritania","MRT","2004-2015",12
"SPI.DIM2.1.INDEX","Mauritius","MUS","2004-2015",12
"SPI.DIM2.1.INDEX","Mexico","MEX","2004-2015",12
"SPI.DIM2.1.INDEX","Micronesia, Fed. Sts.","FSM","2004-2015",12
"SPI.DIM2.1.INDEX","Moldova","MDA","2004-2015",12
"SPI.DIM2.1.INDEX","Monaco","MCO","2004-2015",12
"SPI.DIM2.1.INDEX","Mongolia","MNG","2004-2015",12
"SPI.DIM2.1.INDEX","Montenegro","MNE","2004-2015",12
"SPI.DIM2.1.INDEX","Morocco","MAR","2004-2015",12
"SPI.DIM2.1.INDEX","Mozambique","MOZ","2004-2015",12
"SPI.DIM2.1.INDEX","Myanmar","MMR","2004-2015",12
"SPI.DIM2.1.INDEX","Namibia","NAM","2004-2015",12
"SPI.DIM2.1.INDEX","Nauru","NRU","2004-2015",12
"SPI.DIM2.1.INDEX","Nepal","NPL","2004-2015",12
"SPI.DIM2.1.INDEX","New Caledonia","NCL","2004-2015",12
"SPI.DIM2.1.INDEX","Nicaragua","NIC","2004-2015",12
"SPI.DIM2.1.INDEX","Niger","NER","2004-2015",12
"SPI.DIM2.1.INDEX","Nigeria","NGA","2004-2015",12
"SPI.DIM2.1.INDEX","North Macedonia","MKD","2004-2015",12
"SPI.DIM2.1.INDEX","Northern Mariana Islands","MNP","2004-2015",12
"SPI.DIM2.1.INDEX","Oman","OMN","2004-2015",12
"SPI.DIM2.1.INDEX","Pakistan","PAK","2004-2015",12
"SPI.DIM2.1.INDEX","Palau","PLW","2004-2015",12
"SPI.DIM2.1.INDEX","Panama","PAN","2004-2015",12
"SPI.DIM2.1.INDEX","Papua New Guinea","PNG","2004-2015",12
"SPI.DIM2.1.INDEX","Paraguay","PRY","2004-2015",12
"SPI.DIM2.1.INDEX","Peru","PER","2004-2015",12
"SPI.DIM2.1.INDEX","Philippines","PHL","2004-2015",12
"SPI.DIM2.1.INDEX","Puerto Rico","PRI","2004-2015",12
"SPI.DIM2.1.INDEX","Qatar","QAT","2004-2015",12
"SPI.DIM2.1.INDEX","Romania","ROU","2004-2016",13
"SPI.DIM2.1.INDEX","Russian Federation","RUS","2004-2015",12
"SPI.DIM2.1.INDEX","Rwanda","RWA","2004-2015",12
"SPI.DIM2.1.INDEX","Samoa","WSM","2004-2015",12
"SPI.DIM2.1.INDEX","San Marino","SMR","2004-2015",12
"SPI.DIM2.1.INDEX","Sao Tome and Principe","STP","2004-2015",12
"SPI.DIM2.1.INDEX","Saudi Arabia","SAU","2004-2015",12
"SPI.DIM2.1.INDEX","Senegal","SEN","2004-2015",12
"SPI.DIM2.1.INDEX","Serbia","SRB","2004-2015",12
"SPI.DIM2.1.INDEX","Seychelles","SYC","2004-2015",12
"SPI.DIM2.1.INDEX","Sierra Leone","SLE","2004-2015",12
"SPI.DIM2.1.INDEX","Sint Maarten (Dutch part)","SXM","2004-2015",12
"SPI.DIM2.1.INDEX","Solomon Islands","SLB","2004-2015",12
"SPI.DIM2.1.INDEX","Somalia","SOM","2004-2015",12
"SPI.DIM2.1.INDEX","South Africa","ZAF","2004-2015",12
"SPI.DIM2.1.INDEX","South Sudan","SSD","2004-2015",12
"SPI.DIM2.1.INDEX","Sri Lanka","LKA","2004-2015",12
"SPI.DIM2.1.INDEX","St. Kitts and Nevis","KNA","2004-2015",12
"SPI.DIM2.1.INDEX","St. Lucia","LCA","2004-2015",12
"SPI.DIM2.1.INDEX","St. Martin (French part)","MAF","2004-2015",12
"SPI.DIM2.1.INDEX","St. Vincent and the Grenadines","VCT","2004-2015",12
"SPI.DIM2.1.INDEX","Sudan","SDN","2004-2015",12
"SPI.DIM2.1.INDEX","Suriname","SUR","2004-2015",12
"SPI.DIM2.1.INDEX","Syrian Arab Republic","SYR","2004-2015",12
"SPI.DIM2.1.INDEX","Tajikistan","TJK","2004-2015",12
"SPI.DIM2.1.INDEX","Tanzania","TZA","2004-2015",12
"SPI.DIM2.1.INDEX","Thailand","THA","2004-2015",12
"SPI.DIM2.1.INDEX","Timor-Leste","TLS","2004-2016",13
"SPI.DIM2.1.INDEX","Togo","TGO","2004-2015",12
"SPI.DIM2.1.INDEX","Tonga","TON","2004-2015",12
"SPI.DIM2.1.INDEX","Trinidad and Tobago","TTO","2004-2015",12
"SPI.DIM2.1.INDEX","Tunisia","TUN","2004-2015",12
"SPI.DIM2.1.INDEX","Turkiye","TUR","2004-2015",12
"SPI.DIM2.1.INDEX","Turkmenistan","TKM","2004-2015",12
"SPI.DIM2.1.INDEX","Turks and Caicos Islands","TCA","2004-2015",12
"SPI.DIM2.1.INDEX","Tuvalu","TUV","2004-2015",12
"SPI.DIM2.1.INDEX","Uganda","UGA","2004-2015",12
"SPI.DIM2.1.INDEX","Ukraine","UKR","2004-2015",12
"SPI.DIM2.1.INDEX","United Arab Emirates","ARE","2004-2015",12
"SPI.DIM2.1.INDEX","Uruguay","URY","2004-2015",12
"SPI.DIM2.1.INDEX","Uzbekistan","UZB","2004-2015",12
"SPI.DIM2.1.INDEX","Vanuatu","VUT","2004-2015",12
"SPI.DIM2.1.INDEX","Venezuela, RB","VEN","2004-2015",12
"SPI.DIM2.1.INDEX","Viet Nam","VNM","2004-2015",12
"SPI.DIM2.1.INDEX","Virgin Islands (U.S.)","VIR","2004-2015",12
"SPI.DIM2.1.INDEX","West Bank and Gaza","PSE","2004-2016",13
"SPI.DIM2.1.INDEX","Yemen, Rep.","YEM","2004-2015",12
"SPI.DIM2.1.INDEX","Zambia","ZMB","2004-2015",12
"SPI.DIM2.1.INDEX","Zimbabwe","ZWE","2004-2015",12
"SPI.DIM2.2.INDEX","Afghanistan","AFG","2004-2014",11
"SPI.DIM2.2.INDEX","Albania","ALB","2004-2014",11
"SPI.DIM2.2.INDEX","Algeria","DZA","2004-2014",11
"SPI.DIM2.2.INDEX","American Samoa","ASM","2004-2023",20
"SPI.DIM2.2.INDEX","Andorra","AND","2004-2021",18
"SPI.DIM2.2.INDEX","Angola","AGO","2004-2014",11
"SPI.DIM2.2.INDEX","Antigua and Barbuda","ATG","2004-2019",16
"SPI.DIM2.2.INDEX","Argentina","ARG","2004-2014",11
"SPI.DIM2.2.INDEX","Armenia","ARM","2004-2014",11
"SPI.DIM2.2.INDEX","Aruba","ABW","2004-2021",18
"SPI.DIM2.2.INDEX","Australia","AUS","2004-2015",12
"SPI.DIM2.2.INDEX","Austria","AUT","2004-2015",12
"SPI.DIM2.2.INDEX","Azerbaijan","AZE","2004-2014",11
"SPI.DIM2.2.INDEX","Bahamas, The","BHS","2004-2015",12
"SPI.DIM2.2.INDEX","Bahrain","BHR","2004-2015",12
"SPI.DIM2.2.INDEX","Bangladesh","BGD","2004-2014",11
"SPI.DIM2.2.INDEX","Barbados","BRB","2004-2021",18
"SPI.DIM2.2.INDEX","Belarus","BLR","2004-2014",11
"SPI.DIM2.2.INDEX","Belgium","BEL","2004-2015",12
"SPI.DIM2.2.INDEX","Belize","BLZ","2004-2014",11
"SPI.DIM2.2.INDEX","Benin","BEN","2004-2014",11
"SPI.DIM2.2.INDEX","Bermuda","BMU","2004-2023",20
"SPI.DIM2.2.INDEX","Bhutan","BTN","2004-2014",11
"SPI.DIM2.2.INDEX","Bolivia","BOL","2004-2014",11
"SPI.DIM2.2.INDEX","Bosnia and Herzegovina","BIH","2004-2014",11
"SPI.DIM2.2.INDEX","Botswana","BWA","2004-2014",11
"SPI.DIM2.2.INDEX","Brazil","BRA","2004-2014",11
"SPI.DIM2.2.INDEX","British Virgin Islands","VGB","2004-2023",20
"SPI.DIM2.2.INDEX","Brunei Darussalam","BRN","2004-2019",16
"SPI.DIM2.2.INDEX","Bulgaria","BGR","2004-2014",11
"SPI.DIM2.2.INDEX","Burkina Faso","BFA","2004-2014",11
"SPI.DIM2.2.INDEX","Burundi","BDI","2004-2014",11
"SPI.DIM2.2.INDEX","Cabo Verde","CPV","2004-2014",11
"SPI.DIM2.2.INDEX","Cambodia","KHM","2004-2014",11
"SPI.DIM2.2.INDEX","Cameroon","CMR","2004-2014",11
"SPI.DIM2.2.INDEX","Canada","CAN","2004-2015",12
"SPI.DIM2.2.INDEX","Cayman Islands","CYM","2004-2023",20
"SPI.DIM2.2.INDEX","Central African Republic","CAF","2004-2021",18
"SPI.DIM2.2.INDEX","Chad","TCD","2004-2014",11
"SPI.DIM2.2.INDEX","Channel Islands","CHI","2004-2023",20
"SPI.DIM2.2.INDEX","Chile","CHL","2004-2014",11
"SPI.DIM2.2.INDEX","China","CHN","2004-2014",11
"SPI.DIM2.2.INDEX","Colombia","COL","2004-2014",11
"SPI.DIM2.2.INDEX","Comoros","COM","2004-2023",20
"SPI.DIM2.2.INDEX","Congo, Dem. Rep.","COD","2004-2014",11
"SPI.DIM2.2.INDEX","Congo, Rep.","COG","2004-2014",11
"SPI.DIM2.2.INDEX","Costa Rica","CRI","2004-2015",12
"SPI.DIM2.2.INDEX","Cote d'Ivoire","CIV","2004-2014",11
"SPI.DIM2.2.INDEX","Croatia","HRV","2004-2015",12
"SPI.DIM2.2.INDEX","Cuba","CUB","2004-2014",11
"SPI.DIM2.2.INDEX","Curacao","CUW","2004-2023",20
"SPI.DIM2.2.INDEX","Cyprus","CYP","2004-2015",12
"SPI.DIM2.2.INDEX","Czechia","CZE","2004-2015",12
"SPI.DIM2.2.INDEX","Denmark","DNK","2004-2015",12
"SPI.DIM2.2.INDEX","Djibouti","DJI","2004-2014",11
"SPI.DIM2.2.INDEX","Dominica","DMA","2004-2019",16
"SPI.DIM2.2.INDEX","Dominican Republic","DOM","2004-2014",11
"SPI.DIM2.2.INDEX","Ecuador","ECU","2004-2014",11
"SPI.DIM2.2.INDEX","Egypt, Arab Rep.","EGY","2004-2014",11
"SPI.DIM2.2.INDEX","El Salvador","SLV","2004-2014",11
"SPI.DIM2.2.INDEX","Equatorial Guinea","GNQ","2004-2019",16
"SPI.DIM2.2.INDEX","Eritrea","ERI","2004-2023",20
"SPI.DIM2.2.INDEX","Estonia","EST","2004-2015",12
"SPI.DIM2.2.INDEX","Eswatini","SWZ","2004-2014",11
"SPI.DIM2.2.INDEX","Ethiopia","ETH","2004-2014",11
"SPI.DIM2.2.INDEX","Faroe Islands","FRO","2004-2023",20
"SPI.DIM2.2.INDEX","Fiji","FJI","2004-2014",11
"SPI.DIM2.2.INDEX","Finland","FIN","2004-2015",12
"SPI.DIM2.2.INDEX","France","FRA","2004-2015",12
"SPI.DIM2.2.INDEX","French Polynesia","PYF","2004-2023",20
"SPI.DIM2.2.INDEX","Gabon","GAB","2004-2014",11
"SPI.DIM2.2.INDEX","Gambia, The","GMB","2004-2014",11
"SPI.DIM2.2.INDEX","Georgia","GEO","2004-2014",11
"SPI.DIM2.2.INDEX","Germany","DEU","2004-2015",12
"SPI.DIM2.2.INDEX","Ghana","GHA","2004-2014",11
"SPI.DIM2.2.INDEX","Gibraltar","GIB","2004-2023",20
"SPI.DIM2.2.INDEX","Greece","GRC","2004-2015",12
"SPI.DIM2.2.INDEX","Greenland","GRL","2004-2019",16
"SPI.DIM2.2.INDEX","Grenada","GRD","2004-2021",18
"SPI.DIM2.2.INDEX","Guam","GUM","2004-2023",20
"SPI.DIM2.2.INDEX","Guatemala","GTM","2004-2014",11
"SPI.DIM2.2.INDEX","Guinea","GIN","2004-2014",11
"SPI.DIM2.2.INDEX","Guinea-Bissau","GNB","2004-2014",11
"SPI.DIM2.2.INDEX","Guyana","GUY","2004-2014",11
"SPI.DIM2.2.INDEX","Haiti","HTI","2004-2014",11
"SPI.DIM2.2.INDEX","Honduras","HND","2004-2014",11
"SPI.DIM2.2.INDEX","Hong Kong SAR, China","HKG","2004-2015",12
"SPI.DIM2.2.INDEX","Hungary","HUN","2004-2015",12
"SPI.DIM2.2.INDEX","Iceland","ISL","2004-2015",12
"SPI.DIM2.2.INDEX","India","IND","2004-2014",11
"SPI.DIM2.2.INDEX","Indonesia","IDN","2004-2014",11
"SPI.DIM2.2.INDEX","Iran, Islamic Rep.","IRN","2004-2014",11
"SPI.DIM2.2.INDEX","Iraq","IRQ","2004-2015",12
"SPI.DIM2.2.INDEX","Ireland","IRL","2004-2015",12
"SPI.DIM2.2.INDEX","Isle of Man","IMN","2004-2023",20
"SPI.DIM2.2.INDEX","Israel","ISR","2004-2015",12
"SPI.DIM2.2.INDEX","Italy","ITA","2004-2015",12
"SPI.DIM2.2.INDEX","Jamaica","JAM","2004-2014",11
"SPI.DIM2.2.INDEX","Japan","JPN","2004-2015",12
"SPI.DIM2.2.INDEX","Jordan","JOR","2004-2014",11
"SPI.DIM2.2.INDEX","Kazakhstan","KAZ","2004-2014",11
"SPI.DIM2.2.INDEX","Kenya","KEN","2004-2014",11
"SPI.DIM2.2.INDEX","Kiribati","KIR","2004-2014",11
"SPI.DIM2.2.INDEX","Korea, Dem. People's Rep.","PRK","2004-2023",20
"SPI.DIM2.2.INDEX","Korea, Rep.","KOR","2004-2015",12
"SPI.DIM2.2.INDEX","Kosovo","XKX","2004-2014",11
"SPI.DIM2.2.INDEX","Kuwait","KWT","2004-2015",12
"SPI.DIM2.2.INDEX","Kyrgyz Republic","KGZ","2004-2014",11
"SPI.DIM2.2.INDEX","Lao PDR","LAO","2004-2014",11
"SPI.DIM2.2.INDEX","Latvia","LVA","2004-2015",12
"SPI.DIM2.2.INDEX","Lebanon","LBN","2004-2014",11
"SPI.DIM2.2.INDEX","Lesotho","LSO","2004-2014",11
"SPI.DIM2.2.INDEX","Liberia","LBR","2004-2014",11
"SPI.DIM2.2.INDEX","Libya","LBY","2004-2015",12
"SPI.DIM2.2.INDEX","Liechtenstein","LIE","2004-2016",13
"SPI.DIM2.2.INDEX","Lithuania","LTU","2004-2015",12
"SPI.DIM2.2.INDEX","Luxembourg","LUX","2004-2015",12
"SPI.DIM2.2.INDEX","Macao SAR, China","MAC","2004-2016",13
"SPI.DIM2.2.INDEX","Madagascar","MDG","2004-2014",11
"SPI.DIM2.2.INDEX","Malawi","MWI","2004-2014",11
"SPI.DIM2.2.INDEX","Malaysia","MYS","2004-2014",11
"SPI.DIM2.2.INDEX","Maldives","MDV","2004-2014",11
"SPI.DIM2.2.INDEX","Mali","MLI","2004-2014",11
"SPI.DIM2.2.INDEX","Malta","MLT","2004-2015",12
"SPI.DIM2.2.INDEX","Marshall Islands","MHL","2004-2014",11
"SPI.DIM2.2.INDEX","Mauritania","MRT","2004-2014",11
"SPI.DIM2.2.INDEX","Mauritius","MUS","2004-2014",11
"SPI.DIM2.2.INDEX","Mexico","MEX","2004-2014",11
"SPI.DIM2.2.INDEX","Micronesia, Fed. Sts.","FSM","2004-2014",11
"SPI.DIM2.2.INDEX","Moldova","MDA","2004-2014",11
"SPI.DIM2.2.INDEX","Monaco","MCO","2004-2021",18
"SPI.DIM2.2.INDEX","Mongolia","MNG","2004-2014",11
"SPI.DIM2.2.INDEX","Montenegro","MNE","2004-2014",11
"SPI.DIM2.2.INDEX","Morocco","MAR","2004-2014",11
"SPI.DIM2.2.INDEX","Mozambique","MOZ","2004-2014",11
"SPI.DIM2.2.INDEX","Myanmar","MMR","2004-2015",12
"SPI.DIM2.2.INDEX","Namibia","NAM","2004-2014",11
"SPI.DIM2.2.INDEX","Nauru","NRU","2004-2021",18
"SPI.DIM2.2.INDEX","Nepal","NPL","2004-2014",11
"SPI.DIM2.2.INDEX","Netherlands","NLD","2004-2015",12
"SPI.DIM2.2.INDEX","New Caledonia","NCL","2004-2023",20
"SPI.DIM2.2.INDEX","New Zealand","NZL","2004-2015",12
"SPI.DIM2.2.INDEX","Nicaragua","NIC","2004-2014",11
"SPI.DIM2.2.INDEX","Niger","NER","2004-2014",11
"SPI.DIM2.2.INDEX","Nigeria","NGA","2004-2014",11
"SPI.DIM2.2.INDEX","North Macedonia","MKD","2004-2014",11
"SPI.DIM2.2.INDEX","Northern Mariana Islands","MNP","2004-2023",20
"SPI.DIM2.2.INDEX","Norway","NOR","2004-2015",12
"SPI.DIM2.2.INDEX","Oman","OMN","2004-2015",12
"SPI.DIM2.2.INDEX","Pakistan","PAK","2004-2014",11
"SPI.DIM2.2.INDEX","Palau","PLW","2004-2019",16
"SPI.DIM2.2.INDEX","Panama","PAN","2004-2014",11
"SPI.DIM2.2.INDEX","Papua New Guinea","PNG","2004-2014",11
"SPI.DIM2.2.INDEX","Paraguay","PRY","2004-2014",11
"SPI.DIM2.2.INDEX","Peru","PER","2004-2014",11
"SPI.DIM2.2.INDEX","Philippines","PHL","2004-2014",11
"SPI.DIM2.2.INDEX","Poland","POL","2004-2015",12
"SPI.DIM2.2.INDEX","Portugal","PRT","2004-2015",12
"SPI.DIM2.2.INDEX","Puerto Rico","PRI","2004-2023",20
"SPI.DIM2.2.INDEX","Qatar","QAT","2004-2015",12
"SPI.DIM2.2.INDEX","Romania","ROU","2004-2014",11
"SPI.DIM2.2.INDEX","Russian Federation","RUS","2004-2014",11
"SPI.DIM2.2.INDEX","Rwanda","RWA","2004-2014",11
"SPI.DIM2.2.INDEX","Samoa","WSM","2004-2014",11
"SPI.DIM2.2.INDEX","San Marino","SMR","2004-2019",16
"SPI.DIM2.2.INDEX","Sao Tome and Principe","STP","2004-2014",11
"SPI.DIM2.2.INDEX","Saudi Arabia","SAU","2004-2014",11
"SPI.DIM2.2.INDEX","Senegal","SEN","2004-2014",11
"SPI.DIM2.2.INDEX","Serbia","SRB","2004-2014",11
"SPI.DIM2.2.INDEX","Seychelles","SYC","2004-2016",13
"SPI.DIM2.2.INDEX","Sierra Leone","SLE","2004-2014",11
"SPI.DIM2.2.INDEX","Singapore","SGP","2004-2015",12
"SPI.DIM2.2.INDEX","Sint Maarten (Dutch part)","SXM","2004-2023",20
"SPI.DIM2.2.INDEX","Slovak Republic","SVK","2004-2015",12
"SPI.DIM2.2.INDEX","Slovenia","SVN","2004-2015",12
"SPI.DIM2.2.INDEX","Solomon Islands","SLB","2004-2014",11
"SPI.DIM2.2.INDEX","Somalia","SOM","2004-2016",13
"SPI.DIM2.2.INDEX","South Africa","ZAF","2004-2014",11
"SPI.DIM2.2.INDEX","South Sudan","SSD","2004-2014",11
"SPI.DIM2.2.INDEX","Spain","ESP","2004-2015",12
"SPI.DIM2.2.INDEX","Sri Lanka","LKA","2004-2014",11
"SPI.DIM2.2.INDEX","St. Kitts and Nevis","KNA","2004-2019",16
"SPI.DIM2.2.INDEX","St. Lucia","LCA","2004-2014",11
"SPI.DIM2.2.INDEX","St. Martin (French part)","MAF","2004-2023",20
"SPI.DIM2.2.INDEX","St. Vincent and the Grenadines","VCT","2004-2014",11
"SPI.DIM2.2.INDEX","Sudan","SDN","2004-2014",11
"SPI.DIM2.2.INDEX","Suriname","SUR","2004-2015",12
"SPI.DIM2.2.INDEX","Sweden","SWE","2004-2015",12
"SPI.DIM2.2.INDEX","Switzerland","CHE","2004-2015",12
"SPI.DIM2.2.INDEX","Syrian Arab Republic","SYR","2004-2016",13
"SPI.DIM2.2.INDEX","Tajikistan","TJK","2004-2014",11
"SPI.DIM2.2.INDEX","Tanzania","TZA","2004-2014",11
"SPI.DIM2.2.INDEX","Thailand","THA","2004-2014",11
"SPI.DIM2.2.INDEX","Timor-Leste","TLS","2004-2014",11
"SPI.DIM2.2.INDEX","Togo","TGO","2004-2014",11
"SPI.DIM2.2.INDEX","Tonga","TON","2004-2019",16
"SPI.DIM2.2.INDEX","Trinidad and Tobago","TTO","2004-2015",12
"SPI.DIM2.2.INDEX","Tunisia","TUN","2004-2014",11
"SPI.DIM2.2.INDEX","Turkiye","TUR","2004-2014",11
"SPI.DIM2.2.INDEX","Turkmenistan","TKM","2004-2014",11
"SPI.DIM2.2.INDEX","Turks and Caicos Islands","TCA","2004-2023",20
"SPI.DIM2.2.INDEX","Tuvalu","TUV","2004-2021",18
"SPI.DIM2.2.INDEX","Uganda","UGA","2004-2014",11
"SPI.DIM2.2.INDEX","Ukraine","UKR","2004-2014",11
"SPI.DIM2.2.INDEX","United Arab Emirates","ARE","2004-2015",12
"SPI.DIM2.2.INDEX","United Kingdom","GBR","2004-2015",12
"SPI.DIM2.2.INDEX","United States","USA","2004-2015",12
"SPI.DIM2.2.INDEX","Uruguay","URY","2004-2014",11
"SPI.DIM2.2.INDEX","Uzbekistan","UZB","2004-2014",11
"SPI.DIM2.2.INDEX","Vanuatu","VUT","2004-2014",11
"SPI.DIM2.2.INDEX","Venezuela, RB","VEN","2004-2014",11
"SPI.DIM2.2.INDEX","Viet Nam","VNM","2004-2014",11
"SPI.DIM2.2.INDEX","Virgin Islands (U.S.)","VIR","2004-2023",20
"SPI.DIM2.2.INDEX","West Bank and Gaza","PSE","2004-2014",11
"SPI.DIM2.2.INDEX","Yemen, Rep.","YEM","2004-2014",11
"SPI.DIM2.2.INDEX","Zambia","ZMB","2004-2014",11
"SPI.DIM2.2.INDEX","Zimbabwe","ZWE","2004-2014",11
"SPI.DIM2.4.INDEX","Afghanistan","AFG","2004-2015",12
"SPI.DIM2.4.INDEX","Albania","ALB","2004-2015",12
"SPI.DIM2.4.INDEX","Algeria","DZA","2004-2015",12
"SPI.DIM2.4.INDEX","American Samoa","ASM","2004-2023",20
"SPI.DIM2.4.INDEX","Andorra","AND","2004-2018",15
"SPI.DIM2.4.INDEX","Angola","AGO","2004-2015",12
"SPI.DIM2.4.INDEX","Antigua and Barbuda","ATG","2004-2015",12
"SPI.DIM2.4.INDEX","Argentina","ARG","2004-2015",12
"SPI.DIM2.4.INDEX","Armenia","ARM","2004-2015",12
"SPI.DIM2.4.INDEX","Aruba","ABW","2004-2023",20
"SPI.DIM2.4.INDEX","Australia","AUS","2004-2015",12
"SPI.DIM2.4.INDEX","Austria","AUT","2004-2015",12
"SPI.DIM2.4.INDEX","Azerbaijan","AZE","2004-2015",12
"SPI.DIM2.4.INDEX","Bahamas, The","BHS","2004-2015",12
"SPI.DIM2.4.INDEX","Bahrain","BHR","2004-2015",12
"SPI.DIM2.4.INDEX","Bangladesh","BGD","2004-2015",12
"SPI.DIM2.4.INDEX","Barbados","BRB","2004-2015",12
"SPI.DIM2.4.INDEX","Belarus","BLR","2004-2015",12
"SPI.DIM2.4.INDEX","Belgium","BEL","2004-2015",12
"SPI.DIM2.4.INDEX","Belize","BLZ","2004-2015",12
"SPI.DIM2.4.INDEX","Benin","BEN","2004-2015",12
"SPI.DIM2.4.INDEX","Bermuda","BMU","2004-2023",20
"SPI.DIM2.4.INDEX","Bhutan","BTN","2004-2015",12
"SPI.DIM2.4.INDEX","Bolivia","BOL","2004-2015",12
"SPI.DIM2.4.INDEX","Bosnia and Herzegovina","BIH","2004-2015",12
"SPI.DIM2.4.INDEX","Botswana","BWA","2004-2015",12
"SPI.DIM2.4.INDEX","Brazil","BRA","2004-2015",12
"SPI.DIM2.4.INDEX","British Virgin Islands","VGB","2004-2023",20
"SPI.DIM2.4.INDEX","Brunei Darussalam","BRN","2004-2015",12
"SPI.DIM2.4.INDEX","Bulgaria","BGR","2004-2015",12
"SPI.DIM2.4.INDEX","Burkina Faso","BFA","2004-2015",12
"SPI.DIM2.4.INDEX","Burundi","BDI","2004-2015",12
"SPI.DIM2.4.INDEX","Cabo Verde","CPV","2004-2015",12
"SPI.DIM2.4.INDEX","Cambodia","KHM","2004-2015",12
"SPI.DIM2.4.INDEX","Cameroon","CMR","2004-2015",12
"SPI.DIM2.4.INDEX","Canada","CAN","2004-2015",12
"SPI.DIM2.4.INDEX","Cayman Islands","CYM","2004-2023",20
"SPI.DIM2.4.INDEX","Central African Republic","CAF","2004-2015",12
"SPI.DIM2.4.INDEX","Chad","TCD","2004-2015",12
"SPI.DIM2.4.INDEX","Channel Islands","CHI","2004-2023",20
"SPI.DIM2.4.INDEX","Chile","CHL","2004-2015",12
"SPI.DIM2.4.INDEX","China","CHN","2004-2015",12
"SPI.DIM2.4.INDEX","Colombia","COL","2004-2015",12
"SPI.DIM2.4.INDEX","Comoros","COM","2004-2015",12
"SPI.DIM2.4.INDEX","Congo, Dem. Rep.","COD","2004-2015",12
"SPI.DIM2.4.INDEX","Congo, Rep.","COG","2004-2015",12
"SPI.DIM2.4.INDEX","Costa Rica","CRI","2004-2015",12
"SPI.DIM2.4.INDEX","Cote d'Ivoire","CIV","2004-2015",12
"SPI.DIM2.4.INDEX","Croatia","HRV","2004-2015",12
"SPI.DIM2.4.INDEX","Cuba","CUB","2004-2023",20
"SPI.DIM2.4.INDEX","Curacao","CUW","2004-2023",20
"SPI.DIM2.4.INDEX","Cyprus","CYP","2004-2015",12
"SPI.DIM2.4.INDEX","Czechia","CZE","2004-2015",12
"SPI.DIM2.4.INDEX","Denmark","DNK","2004-2015",12
"SPI.DIM2.4.INDEX","Djibouti","DJI","2004-2015",12
"SPI.DIM2.4.INDEX","Dominica","DMA","2004-2015",12
"SPI.DIM2.4.INDEX","Dominican Republic","DOM","2004-2015",12
"SPI.DIM2.4.INDEX","Ecuador","ECU","2004-2015",12
"SPI.DIM2.4.INDEX","Egypt, Arab Rep.","EGY","2004-2015",12
"SPI.DIM2.4.INDEX","El Salvador","SLV","2004-2015",12
"SPI.DIM2.4.INDEX","Equatorial Guinea","GNQ","2004-2015",12
"SPI.DIM2.4.INDEX","Eritrea","ERI","2004-2015",12
"SPI.DIM2.4.INDEX","Estonia","EST","2004-2015",12
"SPI.DIM2.4.INDEX","Eswatini","SWZ","2004-2015",12
"SPI.DIM2.4.INDEX","Ethiopia","ETH","2004-2015",12
"SPI.DIM2.4.INDEX","Faroe Islands","FRO","2004-2023",20
"SPI.DIM2.4.INDEX","Fiji","FJI","2004-2015",12
"SPI.DIM2.4.INDEX","Finland","FIN","2004-2015",12
"SPI.DIM2.4.INDEX","France","FRA","2004-2015",12
"SPI.DIM2.4.INDEX","French Polynesia","PYF","2004-2023",20
"SPI.DIM2.4.INDEX","Gabon","GAB","2004-2015",12
"SPI.DIM2.4.INDEX","Gambia, The","GMB","2004-2015",12
"SPI.DIM2.4.INDEX","Georgia","GEO","2004-2015",12
"SPI.DIM2.4.INDEX","Germany","DEU","2004-2015",12
"SPI.DIM2.4.INDEX","Ghana","GHA","2004-2015",12
"SPI.DIM2.4.INDEX","Gibraltar","GIB","2004-2023",20
"SPI.DIM2.4.INDEX","Greece","GRC","2004-2015",12
"SPI.DIM2.4.INDEX","Greenland","GRL","2004-2023",20
"SPI.DIM2.4.INDEX","Grenada","GRD","2004-2015",12
"SPI.DIM2.4.INDEX","Guam","GUM","2004-2023",20
"SPI.DIM2.4.INDEX","Guatemala","GTM","2004-2015",12
"SPI.DIM2.4.INDEX","Guinea","GIN","2004-2015",12
"SPI.DIM2.4.INDEX","Guinea-Bissau","GNB","2004-2015",12
"SPI.DIM2.4.INDEX","Guyana","GUY","2004-2015",12
"SPI.DIM2.4.INDEX","Haiti","HTI","2004-2015",12
"SPI.DIM2.4.INDEX","Honduras","HND","2004-2015",12
"SPI.DIM2.4.INDEX","Hong Kong SAR, China","HKG","2004-2023",20
"SPI.DIM2.4.INDEX","Hungary","HUN","2004-2015",12
"SPI.DIM2.4.INDEX","Iceland","ISL","2004-2015",12
"SPI.DIM2.4.INDEX","India","IND","2004-2015",12
"SPI.DIM2.4.INDEX","Indonesia","IDN","2004-2015",12
"SPI.DIM2.4.INDEX","Iran, Islamic Rep.","IRN","2004-2015",12
"SPI.DIM2.4.INDEX","Iraq","IRQ","2004-2015",12
"SPI.DIM2.4.INDEX","Ireland","IRL","2004-2015",12
"SPI.DIM2.4.INDEX","Isle of Man","IMN","2004-2023",20
"SPI.DIM2.4.INDEX","Israel","ISR","2004-2015",12
"SPI.DIM2.4.INDEX","Italy","ITA","2004-2015",12
"SPI.DIM2.4.INDEX","Jamaica","JAM","2004-2015",12
"SPI.DIM2.4.INDEX","Japan","JPN","2004-2015",12
"SPI.DIM2.4.INDEX","Jordan","JOR","2004-2015",12
"SPI.DIM2.4.INDEX","Kazakhstan","KAZ","2004-2015",12
"SPI.DIM2.4.INDEX","Kenya","KEN","2004-2015",12
"SPI.DIM2.4.INDEX","Kiribati","KIR","2004-2015",12
"SPI.DIM2.4.INDEX","Korea, Dem. People's Rep.","PRK","2004-2023",20
"SPI.DIM2.4.INDEX","Korea, Rep.","KOR","2004-2015",12
"SPI.DIM2.4.INDEX","Kosovo","XKX","2004-2015",12
"SPI.DIM2.4.INDEX","Kuwait","KWT","2004-2015",12
"SPI.DIM2.4.INDEX","Kyrgyz Republic","KGZ","2004-2015",12
"SPI.DIM2.4.INDEX","Lao PDR","LAO","2004-2015",12
"SPI.DIM2.4.INDEX","Latvia","LVA","2004-2015",12
"SPI.DIM2.4.INDEX","Lebanon","LBN","2004-2015",12
"SPI.DIM2.4.INDEX","Lesotho","LSO","2004-2015",12
"SPI.DIM2.4.INDEX","Liberia","LBR","2004-2015",12
"SPI.DIM2.4.INDEX","Libya","LBY","2004-2015",12
"SPI.DIM2.4.INDEX","Liechtenstein","LIE","2004-2023",20
"SPI.DIM2.4.INDEX","Lithuania","LTU","2004-2015",12
"SPI.DIM2.4.INDEX","Luxembourg","LUX","2004-2015",12
"SPI.DIM2.4.INDEX","Macao SAR, China","MAC","2004-2023",20
"SPI.DIM2.4.INDEX","Madagascar","MDG","2004-2015",12
"SPI.DIM2.4.INDEX","Malawi","MWI","2004-2015",12
"SPI.DIM2.4.INDEX","Malaysia","MYS","2004-2015",12
"SPI.DIM2.4.INDEX","Maldives","MDV","2004-2015",12
"SPI.DIM2.4.INDEX","Mali","MLI","2004-2015",12
"SPI.DIM2.4.INDEX","Malta","MLT","2004-2015",12
"SPI.DIM2.4.INDEX","Marshall Islands","MHL","2004-2015",12
"SPI.DIM2.4.INDEX","Mauritania","MRT","2004-2015",12
"SPI.DIM2.4.INDEX","Mauritius","MUS","2004-2015",12
"SPI.DIM2.4.INDEX","Mexico","MEX","2004-2015",12
"SPI.DIM2.4.INDEX","Micronesia, Fed. Sts.","FSM","2004-2015",12
"SPI.DIM2.4.INDEX","Moldova","MDA","2004-2015",12
"SPI.DIM2.4.INDEX","Monaco","MCO","2004-2023",20
"SPI.DIM2.4.INDEX","Mongolia","MNG","2004-2015",12
"SPI.DIM2.4.INDEX","Montenegro","MNE","2004-2015",12
"SPI.DIM2.4.INDEX","Morocco","MAR","2004-2015",12
"SPI.DIM2.4.INDEX","Mozambique","MOZ","2004-2015",12
"SPI.DIM2.4.INDEX","Myanmar","MMR","2004-2015",12
"SPI.DIM2.4.INDEX","Namibia","NAM","2004-2015",12
"SPI.DIM2.4.INDEX","Nauru","NRU","2004-2015",12
"SPI.DIM2.4.INDEX","Nepal","NPL","2004-2015",12
"SPI.DIM2.4.INDEX","Netherlands","NLD","2004-2015",12
"SPI.DIM2.4.INDEX","New Caledonia","NCL","2004-2023",20
"SPI.DIM2.4.INDEX","New Zealand","NZL","2004-2015",12
"SPI.DIM2.4.INDEX","Nicaragua","NIC","2004-2015",12
"SPI.DIM2.4.INDEX","Niger","NER","2004-2015",12
"SPI.DIM2.4.INDEX","Nigeria","NGA","2004-2015",12
"SPI.DIM2.4.INDEX","North Macedonia","MKD","2004-2015",12
"SPI.DIM2.4.INDEX","Northern Mariana Islands","MNP","2004-2023",20
"SPI.DIM2.4.INDEX","Norway","NOR","2004-2015",12
"SPI.DIM2.4.INDEX","Oman","OMN","2004-2015",12
"SPI.DIM2.4.INDEX","Pakistan","PAK","2004-2015",12
"SPI.DIM2.4.INDEX","Palau","PLW","2004-2015",12
"SPI.DIM2.4.INDEX","Panama","PAN","2004-2015",12
"SPI.DIM2.4.INDEX","Papua New Guinea","PNG","2004-2015",12
"SPI.DIM2.4.INDEX","Paraguay","PRY","2004-2015",12
"SPI.DIM2.4.INDEX","Peru","PER","2004-2015",12
"SPI.DIM2.4.INDEX","Philippines","PHL","2004-2015",12
"SPI.DIM2.4.INDEX","Poland","POL","2004-2015",12
"SPI.DIM2.4.INDEX","Portugal","PRT","2004-2015",12
"SPI.DIM2.4.INDEX","Puerto Rico","PRI","2004-2023",20
"SPI.DIM2.4.INDEX","Qatar","QAT","2004-2015",12
"SPI.DIM2.4.INDEX","Romania","ROU","2004-2015",12
"SPI.DIM2.4.INDEX","Russian Federation","RUS","2004-2015",12
"SPI.DIM2.4.INDEX","Rwanda","RWA","2004-2015",12
"SPI.DIM2.4.INDEX","Samoa","WSM","2004-2015",12
"SPI.DIM2.4.INDEX","San Marino","SMR","2004-2015",12
"SPI.DIM2.4.INDEX","Sao Tome and Principe","STP","2004-2015",12
"SPI.DIM2.4.INDEX","Saudi Arabia","SAU","2004-2015",12
"SPI.DIM2.4.INDEX","Senegal","SEN","2004-2015",12
"SPI.DIM2.4.INDEX","Serbia","SRB","2004-2015",12
"SPI.DIM2.4.INDEX","Seychelles","SYC","2004-2015",12
"SPI.DIM2.4.INDEX","Sierra Leone","SLE","2004-2015",12
"SPI.DIM2.4.INDEX","Singapore","SGP","2004-2015",12
"SPI.DIM2.4.INDEX","Sint Maarten (Dutch part)","SXM","2004-2023",20
"SPI.DIM2.4.INDEX","Slovak Republic","SVK","2004-2015",12
"SPI.DIM2.4.INDEX","Slovenia","SVN","2004-2015",12
"SPI.DIM2.4.INDEX","Solomon Islands","SLB","2004-2015",12
"SPI.DIM2.4.INDEX","Somalia","SOM","2004-2015",12
"SPI.DIM2.4.INDEX","South Africa","ZAF","2004-2015",12
"SPI.DIM2.4.INDEX","South Sudan","SSD","2004-2015",12
"SPI.DIM2.4.INDEX","Spain","ESP","2004-2015",12
"SPI.DIM2.4.INDEX","Sri Lanka","LKA","2004-2015",12
"SPI.DIM2.4.INDEX","St. Kitts and Nevis","KNA","2004-2015",12
"SPI.DIM2.4.INDEX","St. Lucia","LCA","2004-2015",12
"SPI.DIM2.4.INDEX","St. Martin (French part)","MAF","2004-2023",20
"SPI.DIM2.4.INDEX","St. Vincent and the Grenadines","VCT","2004-2015",12
"SPI.DIM2.4.INDEX","Sudan","SDN","2004-2015",12
"SPI.DIM2.4.INDEX","Suriname","SUR","2004-2015",12
"SPI.DIM2.4.INDEX","Sweden","SWE","2004-2015",12
"SPI.DIM2.4.INDEX","Switzerland","CHE","2004-2015",12
"SPI.DIM2.4.INDEX","Syrian Arab Republic","SYR","2004-2015",12
"SPI.DIM2.4.INDEX","Tajikistan","TJK","2004-2015",12
"SPI.DIM2.4.INDEX","Tanzania","TZA","2004-2015",12
"SPI.DIM2.4.INDEX","Thailand","THA","2004-2015",12
"SPI.DIM2.4.INDEX","Timor-Leste","TLS","2004-2015",12
"SPI.DIM2.4.INDEX","Togo","TGO","2004-2015",12
"SPI.DIM2.4.INDEX","Tonga","TON","2004-2015",12
"SPI.DIM2.4.INDEX","Trinidad and Tobago","TTO","2004-2015",12
"SPI.DIM2.4.INDEX","Tunisia","TUN","2004-2015",12
"SPI.DIM2.4.INDEX","Turkiye","TUR","2004-2015",12
"SPI.DIM2.4.INDEX","Turkmenistan","TKM","2004-2015",12
"SPI.DIM2.4.INDEX","Turks and Caicos Islands","TCA","2004-2023",20
"SPI.DIM2.4.INDEX","Tuvalu","TUV","2004-2015",12
"SPI.DIM2.4.INDEX","Uganda","UGA","2004-2015",12
"SPI.DIM2.4.INDEX","Ukraine","UKR","2004-2015",12
"SPI.DIM2.4.INDEX","United Arab Emirates","ARE","2004-2015",12
"SPI.DIM2.4.INDEX","United Kingdom","GBR","2004-2015",12
"SPI.DIM2.4.INDEX","United States","USA","2004-2015",12
"SPI.DIM2.4.INDEX","Uruguay","URY","2004-2015",12
"SPI.DIM2.4.INDEX","Uzbekistan","UZB","2004-2015",12
"SPI.DIM2.4.INDEX","Vanuatu","VUT","2004-2015",12
"SPI.DIM2.4.INDEX","Venezuela, RB","VEN","2004-2015",12
"SPI.DIM2.4.INDEX","Viet Nam","VNM","2004-2015",12
"SPI.DIM2.4.INDEX","Virgin Islands (U.S.)","VIR","2004-2023",20
"SPI.DIM2.4.INDEX","West Bank and Gaza","PSE","2004-2015",12
"SPI.DIM2.4.INDEX","Yemen, Rep.","YEM","2004-2015",12
"SPI.DIM2.4.INDEX","Zambia","ZMB","2004-2015",12
"SPI.DIM2.4.INDEX","Zimbabwe","ZWE","2004-2015",12
"SPI.DIM3.1.INDEX","Channel Islands","CHI","2004-2023",20
"SPI.DIM3.1.INDEX","Kosovo","XKX","2004-2023",20
"SPI.DIM3.2.INDEX","Channel Islands","CHI","2004-2023",20
"SPI.DIM3.2.INDEX","Kosovo","XKX","2004-2023",20
"SPI.DIM3.3.INDEX","Afghanistan","AFG","2004",1
"SPI.DIM3.3.INDEX","Albania","ALB","2004",1
"SPI.DIM3.3.INDEX","Algeria","DZA","2004",1
"SPI.DIM3.3.INDEX","American Samoa","ASM","2004",1
"SPI.DIM3.3.INDEX","Andorra","AND","2004",1
"SPI.DIM3.3.INDEX","Angola","AGO","2004",1
"SPI.DIM3.3.INDEX","Antigua and Barbuda","ATG","2004",1
"SPI.DIM3.3.INDEX","Argentina","ARG","2004",1
"SPI.DIM3.3.INDEX","Armenia","ARM","2004",1
"SPI.DIM3.3.INDEX","Aruba","ABW","2004",1
"SPI.DIM3.3.INDEX","Australia","AUS","2004",1
"SPI.DIM3.3.INDEX","Austria","AUT","2004",1
"SPI.DIM3.3.INDEX","Azerbaijan","AZE","2004",1
"SPI.DIM3.3.INDEX","Bahamas, The","BHS","2004",1
"SPI.DIM3.3.INDEX","Bahrain","BHR","2004",1
"SPI.DIM3.3.INDEX","Bangladesh","BGD","2004",1
"SPI.DIM3.3.INDEX","Barbados","BRB","2004",1
"SPI.DIM3.3.INDEX","Belarus","BLR","2004",1
"SPI.DIM3.3.INDEX","Belgium","BEL","2004",1
"SPI.DIM3.3.INDEX","Belize","BLZ","2004",1
"SPI.DIM3.3.INDEX","Benin","BEN","2004",1
"SPI.DIM3.3.INDEX","Bermuda","BMU","2004",1
"SPI.DIM3.3.INDEX","Bhutan","BTN","2004",1
"SPI.DIM3.3.INDEX","Bolivia","BOL","2004",1
"SPI.DIM3.3.INDEX","Bosnia and Herzegovina","BIH","2004",1
"SPI.DIM3.3.INDEX","Botswana","BWA","2004",1
"SPI.DIM3.3.INDEX","Brazil","BRA","2004",1
"SPI.DIM3.3.INDEX","British Virgin Islands","VGB","2004",1
"SPI.DIM3.3.INDEX","Brunei Darussalam","BRN","2004",1
"SPI.DIM3.3.INDEX","Bulgaria","BGR","2004",1
"SPI.DIM3.3.INDEX","Burkina Faso","BFA","2004",1
"SPI.DIM3.3.INDEX","Burundi","BDI","2004",1
"SPI.DIM3.3.INDEX","Cabo Verde","CPV","2004",1
"SPI.DIM3.3.INDEX","Cambodia","KHM","2004",1
"SPI.DIM3.3.INDEX","Cameroon","CMR","2004",1
"SPI.DIM3.3.INDEX","Canada","CAN","2004",1
"SPI.DIM3.3.INDEX","Cayman Islands","CYM","2004",1
"SPI.DIM3.3.INDEX","Central African Republic","CAF","2004",1
"SPI.DIM3.3.INDEX","Chad","TCD","2004",1
"SPI.DIM3.3.INDEX","Channel Islands","CHI","2004-2023",20
"SPI.DIM3.3.INDEX","Chile","CHL","2004",1
"SPI.DIM3.3.INDEX","China","CHN","2004",1
"SPI.DIM3.3.INDEX","Colombia","COL","2004",1
"SPI.DIM3.3.INDEX","Comoros","COM","2004",1
"SPI.DIM3.3.INDEX","Congo, Dem. Rep.","COD","2004",1
"SPI.DIM3.3.INDEX","Congo, Rep.","COG","2004",1
"SPI.DIM3.3.INDEX","Costa Rica","CRI","2004",1
"SPI.DIM3.3.INDEX","Cote d'Ivoire","CIV","2004",1
"SPI.DIM3.3.INDEX","Croatia","HRV","2004",1
"SPI.DIM3.3.INDEX","Cuba","CUB","2004",1
"SPI.DIM3.3.INDEX","Curacao","CUW","2004",1
"SPI.DIM3.3.INDEX","Cyprus","CYP","2004",1
"SPI.DIM3.3.INDEX","Czechia","CZE","2004",1
"SPI.DIM3.3.INDEX","Denmark","DNK","2004",1
"SPI.DIM3.3.INDEX","Djibouti","DJI","2004",1
"SPI.DIM3.3.INDEX","Dominica","DMA","2004",1
"SPI.DIM3.3.INDEX","Dominican Republic","DOM","2004",1
"SPI.DIM3.3.INDEX","Ecuador","ECU","2004",1
"SPI.DIM3.3.INDEX","Egypt, Arab Rep.","EGY","2004",1
"SPI.DIM3.3.INDEX","El Salvador","SLV","2004",1
"SPI.DIM3.3.INDEX","Equatorial Guinea","GNQ","2004",1
"SPI.DIM3.3.INDEX","Eritrea","ERI","2004",1
"SPI.DIM3.3.INDEX","Estonia","EST","2004",1
"SPI.DIM3.3.INDEX","Eswatini","SWZ","2004",1
"SPI.DIM3.3.INDEX","Ethiopia","ETH","2004",1
"SPI.DIM3.3.INDEX","Faroe Islands","FRO","2004",1
"SPI.DIM3.3.INDEX","Fiji","FJI","2004",1
"SPI.DIM3.3.INDEX","Finland","FIN","2004",1
"SPI.DIM3.3.INDEX","France","FRA","2004",1
"SPI.DIM3.3.INDEX","French Polynesia","PYF","2004",1
"SPI.DIM3.3.INDEX","Gabon","GAB","2004",1
"SPI.DIM3.3.INDEX","Gambia, The","GMB","2004",1
"SPI.DIM3.3.INDEX","Georgia","GEO","2004",1
"SPI.DIM3.3.INDEX","Germany","DEU","2004",1
"SPI.DIM3.3.INDEX","Ghana","GHA","2004",1
"SPI.DIM3.3.INDEX","Gibraltar","GIB","2004",1
"SPI.DIM3.3.INDEX","Greece","GRC","2004",1
"SPI.DIM3.3.INDEX","Greenland","GRL","2004",1
"SPI.DIM3.3.INDEX","Grenada","GRD","2004",1
"SPI.DIM3.3.INDEX","Guam","GUM","2004",1
"SPI.DIM3.3.INDEX","Guatemala","GTM","2004",1
"SPI.DIM3.3.INDEX","Guinea","GIN","2004",1
"SPI.DIM3.3.INDEX","Guinea-Bissau","GNB","2004",1
"SPI.DIM3.3.INDEX","Guyana","GUY","2004",1
"SPI.DIM3.3.INDEX","Haiti","HTI","2004",1
"SPI.DIM3.3.INDEX","Honduras","HND","2004",1
"SPI.DIM3.3.INDEX","Hong Kong SAR, China","HKG","2004",1
"SPI.DIM3.3.INDEX","Hungary","HUN","2004",1
"SPI.DIM3.3.INDEX","Iceland","ISL","2004",1
"SPI.DIM3.3.INDEX","India","IND","2004",1
"SPI.DIM3.3.INDEX","Indonesia","IDN","2004",1
"SPI.DIM3.3.INDEX","Iran, Islamic Rep.","IRN","2004",1
"SPI.DIM3.3.INDEX","Iraq","IRQ","2004",1
"SPI.DIM3.3.INDEX","Ireland","IRL","2004",1
"SPI.DIM3.3.INDEX","Isle of Man","IMN","2004",1
"SPI.DIM3.3.INDEX","Israel","ISR","2004",1
"SPI.DIM3.3.INDEX","Italy","ITA","2004",1
"SPI.DIM3.3.INDEX","Jamaica","JAM","2004",1
"SPI.DIM3.3.INDEX","Japan","JPN","2004",1
"SPI.DIM3.3.INDEX","Jordan","JOR","2004",1
"SPI.DIM3.3.INDEX","Kazakhstan","KAZ","2004",1
"SPI.DIM3.3.INDEX","Kenya","KEN","2004",1
"SPI.DIM3.3.INDEX","Kiribati","KIR","2004",1
"SPI.DIM3.3.INDEX","Korea, Dem. People's Rep.","PRK","2004",1
"SPI.DIM3.3.INDEX","Korea, Rep.","KOR","2004",1
"SPI.DIM3.3.INDEX","Kosovo","XKX","2004-2023",20
"SPI.DIM3.3.INDEX","Kuwait","KWT","2004",1
"SPI.DIM3.3.INDEX","Kyrgyz Republic","KGZ","2004",1
"SPI.DIM3.3.INDEX","Lao PDR","LAO","2004",1
"SPI.DIM3.3.INDEX","Latvia","LVA","2004",1
"SPI.DIM3.3.INDEX","Lebanon","LBN","2004",1
"SPI.DIM3.3.INDEX","Lesotho","LSO","2004",1
"SPI.DIM3.3.INDEX","Liberia","LBR","2004",1
"SPI.DIM3.3.INDEX","Libya","LBY","2004",1
"SPI.DIM3.3.INDEX","Liechtenstein","LIE","2004",1
"SPI.DIM3.3.INDEX","Lithuania","LTU","2004",1
"SPI.DIM3.3.INDEX","Luxembourg","LUX","2004",1
"SPI.DIM3.3.INDEX","Macao SAR, China","MAC","2004",1
"SPI.DIM3.3.INDEX","Madagascar","MDG","2004",1
"SPI.DIM3.3.INDEX","Malawi","MWI","2004",1
"SPI.DIM3.3.INDEX","Malaysia","MYS","2004",1
"SPI.DIM3.3.INDEX","Maldives","MDV","2004",1
"SPI.DIM3.3.INDEX","Mali","MLI","2004",1
"SPI.DIM3.3.INDEX","Malta","MLT","2004",1
"SPI.DIM3.3.INDEX","Marshall Islands","MHL","2004",1
"SPI.DIM3.3.INDEX","Mauritania","MRT","2004",1
"SPI.DIM3.3.INDEX","Mauritius","MUS","2004",1
"SPI.DIM3.3.INDEX","Mexico","MEX","2004",1
"SPI.DIM3.3.INDEX","Micronesia, Fed. Sts.","FSM","2004",1
"SPI.DIM3.3.INDEX","Moldova","MDA","2004",1
"SPI.DIM3.3.INDEX","Monaco","MCO","2004",1
"SPI.DIM3.3.INDEX","Mongolia","MNG","2004",1
"SPI.DIM3.3.INDEX","Montenegro","MNE","2004",1
"SPI.DIM3.3.INDEX","Morocco","MAR","2004",1
"SPI.DIM3.3.INDEX","Mozambique","MOZ","2004",1
"SPI.DIM3.3.INDEX","Myanmar","MMR","2004",1
"SPI.DIM3.3.INDEX","Namibia","NAM","2004",1
"SPI.DIM3.3.INDEX","Nauru","NRU","2004",1
"SPI.DIM3.3.INDEX","Nepal","NPL","2004",1
"SPI.DIM3.3.INDEX","Netherlands","NLD","2004",1
"SPI.DIM3.3.INDEX","New Caledonia","NCL","2004",1
"SPI.DIM3.3.INDEX","New Zealand","NZL","2004",1
"SPI.DIM3.3.INDEX","Nicaragua","NIC","2004",1
"SPI.DIM3.3.INDEX","Niger","NER","2004",1
"SPI.DIM3.3.INDEX","Nigeria","NGA","2004",1
"SPI.DIM3.3.INDEX","North Macedonia","MKD","2004",1
"SPI.DIM3.3.INDEX","Northern Mariana Islands","MNP","2004",1
"SPI.DIM3.3.INDEX","Norway","NOR","2004",1
"SPI.DIM3.3.INDEX","Oman","OMN","2004",1
"SPI.DIM3.3.INDEX","Pakistan","PAK","2004",1
"SPI.DIM3.3.INDEX","Palau","PLW","2004",1
"SPI.DIM3.3.INDEX","Panama","PAN","2004",1
"SPI.DIM3.3.INDEX","Papua New Guinea","PNG","2004",1
"SPI.DIM3.3.INDEX","Paraguay","PRY","2004",1
"SPI.DIM3.3.INDEX","Peru","PER","2004",1
"SPI.DIM3.3.INDEX","Philippines","PHL","2004",1
"SPI.DIM3.3.INDEX","Poland","POL","2004",1
"SPI.DIM3.3.INDEX","Portugal","PRT","2004",1
"SPI.DIM3.3.INDEX","Puerto Rico","PRI","2004",1
"SPI.DIM3.3.INDEX","Qatar","QAT","2004",1
"SPI.DIM3.3.INDEX","Romania","ROU","2004",1
"SPI.DIM3.3.INDEX","Russian Federation","RUS","2004",1
"SPI.DIM3.3.INDEX","Rwanda","RWA","2004",1
"SPI.DIM3.3.INDEX","Samoa","WSM","2004",1
"SPI.DIM3.3.INDEX","San Marino","SMR","2004",1
"SPI.DIM3.3.INDEX","Sao Tome and Principe","STP","2004",1
"SPI.DIM3.3.INDEX","Saudi Arabia","SAU","2004",1
"SPI.DIM3.3.INDEX","Senegal","SEN","2004",1
"SPI.DIM3.3.INDEX","Serbia","SRB","2004",1
"SPI.DIM3.3.INDEX","Seychelles","SYC","2004",1
"SPI.DIM3.3.INDEX","Sierra Leone","SLE","2004",1
"SPI.DIM3.3.INDEX","Singapore","SGP","2004",1
"SPI.DIM3.3.INDEX","Sint Maarten (Dutch part)","SXM","2004",1
"SPI.DIM3.3.INDEX","Slovak Republic","SVK","2004",1
"SPI.DIM3.3.INDEX","Slovenia","SVN","2004",1
"SPI.DIM3.3.INDEX","Solomon Islands","SLB","2004",1
"SPI.DIM3.3.INDEX","Somalia","SOM","2004",1
"SPI.DIM3.3.INDEX","South Africa","ZAF","2004",1
"SPI.DIM3.3.INDEX","South Sudan","SSD","2004",1
"SPI.DIM3.3.INDEX","Spain","ESP","2004",1
"SPI.DIM3.3.INDEX","Sri Lanka","LKA","2004",1
"SPI.DIM3.3.INDEX","St. Kitts and Nevis","KNA","2004",1
"SPI.DIM3.3.INDEX","St. Lucia","LCA","2004",1
"SPI.DIM3.3.INDEX","St. Martin (French part)","MAF","2004",1
"SPI.DIM3.3.INDEX","St. Vincent and the Grenadines","VCT","2004",1
"SPI.DIM3.3.INDEX","Sudan","SDN","2004",1
"SPI.DIM3.3.INDEX","Suriname","SUR","2004",1
"SPI.DIM3.3.INDEX","Sweden","SWE","2004",1
"SPI.DIM3.3.INDEX","Switzerland","CHE","2004",1
"SPI.DIM3.3.INDEX","Syrian Arab Republic","SYR","2004",1
"SPI.DIM3.3.INDEX","Tajikistan","TJK","2004",1
"SPI.DIM3.3.INDEX","Tanzania","TZA","2004",1
"SPI.DIM3.3.INDEX","Thailand","THA","2004",1
"SPI.DIM3.3.INDEX","Timor-Leste","TLS","2004",1
"SPI.DIM3.3.INDEX","Togo","TGO","2004",1
"SPI.DIM3.3.INDEX","Tonga","TON","2004",1
"SPI.DIM3.3.INDEX","Trinidad and Tobago","TTO","2004",1
"SPI.DIM3.3.INDEX","Tunisia","TUN","2004",1
"SPI.DIM3.3.INDEX","Turkiye","TUR","2004",1
"SPI.DIM3.3.INDEX","Turkmenistan","TKM","2004",1
"SPI.DIM3.3.INDEX","Turks and Caicos Islands","TCA","2004",1
"SPI.DIM3.3.INDEX","Tuvalu","TUV","2004",1
"SPI.DIM3.3.INDEX","Uganda","UGA","2004",1
"SPI.DIM3.3.INDEX","Ukraine","UKR","2004",1
"SPI.DIM3.3.INDEX","United Arab Emirates","ARE","2004",1
"SPI.DIM3.3.INDEX","United Kingdom","GBR","2004",1
"SPI.DIM3.3.INDEX","United States","USA","2004",1
"SPI.DIM3.3.INDEX","Uruguay","URY","2004",1
"SPI.DIM3.3.INDEX","Uzbekistan","UZB","2004",1
"SPI.DIM3.3.INDEX","Vanuatu","VUT","2004",1
"SPI.DIM3.3.INDEX","Venezuela, RB","VEN","2004",1
"SPI.DIM3.3.INDEX","Viet Nam","VNM","2004",1
"SPI.DIM3.3.INDEX","Virgin Islands (U.S.)","VIR","2004",1
"SPI.DIM3.3.INDEX","West Bank and Gaza","PSE","2004",1
"SPI.DIM3.3.INDEX","Yemen, Rep.","YEM","2004",1
"SPI.DIM3.3.INDEX","Zambia","ZMB","2004",1
"SPI.DIM3.3.INDEX","Zimbabwe","ZWE","2004",1
"SPI.DIM3.4.INDEX","Channel Islands","CHI","2004-2023",20
"SPI.DIM3.4.INDEX","Kosovo","XKX","2004-2023",20
"SPI.DIM4.1.CEN.INDEX","American Samoa","ASM","2004-2023",20
"SPI.DIM4.1.CEN.INDEX","Aruba","ABW","2004-2023",20
"SPI.DIM4.1.CEN.INDEX","Bermuda","BMU","2004-2023",20
"SPI.DIM4.1.CEN.INDEX","British Virgin Islands","VGB","2004-2023",20
"SPI.DIM4.1.CEN.INDEX","Cayman Islands","CYM","2004-2023",20
"SPI.DIM4.1.CEN.INDEX","Channel Islands","CHI","2004-2023",20
"SPI.DIM4.1.CEN.INDEX","Cuba","CUB","2004-2023",20
"SPI.DIM4.1.CEN.INDEX","Curacao","CUW","2004-2023",20
"SPI.DIM4.1.CEN.INDEX","Faroe Islands","FRO","2004-2023",20
"SPI.DIM4.1.CEN.INDEX","French Polynesia","PYF","2004-2023",20
"SPI.DIM4.1.CEN.INDEX","Gibraltar","GIB","2004-2023",20
"SPI.DIM4.1.CEN.INDEX","Greenland","GRL","2004-2023",20
"SPI.DIM4.1.CEN.INDEX","Guam","GUM","2004-2023",20
"SPI.DIM4.1.CEN.INDEX","Hong Kong SAR, China","HKG","2004-2023",20
"SPI.DIM4.1.CEN.INDEX","Isle of Man","IMN","2004-2023",20
"SPI.DIM4.1.CEN.INDEX","Korea, Dem. People's Rep.","PRK","2004-2023",20
"SPI.DIM4.1.CEN.INDEX","Liechtenstein","LIE","2004-2023",20
"SPI.DIM4.1.CEN.INDEX","Macao SAR, China","MAC","2004-2023",20
"SPI.DIM4.1.CEN.INDEX","Monaco","MCO","2004-2023",20
"SPI.DIM4.1.CEN.INDEX","New Caledonia","NCL","2004-2023",20
"SPI.DIM4.1.CEN.INDEX","Northern Mariana Islands","MNP","2004-2023",20
"SPI.DIM4.1.CEN.INDEX","Puerto Rico","PRI","2004-2023",20
"SPI.DIM4.1.CEN.INDEX","San Marino","SMR","2004-2023",20
"SPI.DIM4.1.CEN.INDEX","Sint Maarten (Dutch part)","SXM","2004-2023",20
"SPI.DIM4.1.CEN.INDEX","St. Martin (French part)","MAF","2004-2023",20
"SPI.DIM4.1.CEN.INDEX","Turks and Caicos Islands","TCA","2004-2023",20
"SPI.DIM4.1.CEN.INDEX","Virgin Islands (U.S.)","VIR","2004-2023",20
"SPI.DIM4.1.SVY.INDEX","American Samoa","ASM","2004-2023",20
"SPI.DIM4.1.SVY.INDEX","Aruba","ABW","2004-2023",20
"SPI.DIM4.1.SVY.INDEX","Bermuda","BMU","2004-2023",20
"SPI.DIM4.1.SVY.INDEX","British Virgin Islands","VGB","2004-2023",20
"SPI.DIM4.1.SVY.INDEX","Cayman Islands","CYM","2004-2023",20
"SPI.DIM4.1.SVY.INDEX","Channel Islands","CHI","2004-2023",20
"SPI.DIM4.1.SVY.INDEX","Cuba","CUB","2004-2023",20
"SPI.DIM4.1.SVY.INDEX","Curacao","CUW","2004-2023",20
"SPI.DIM4.1.SVY.INDEX","Faroe Islands","FRO","2004-2023",20
"SPI.DIM4.1.SVY.INDEX","French Polynesia","PYF","2004-2023",20
"SPI.DIM4.1.SVY.INDEX","Gibraltar","GIB","2004-2023",20
"SPI.DIM4.1.SVY.INDEX","Greenland","GRL","2004-2023",20
"SPI.DIM4.1.SVY.INDEX","Guam","GUM","2004-2023",20
"SPI.DIM4.1.SVY.INDEX","Hong Kong SAR, China","HKG","2004-2023",20
"SPI.DIM4.1.SVY.INDEX","Isle of Man","IMN","2004-2023",20
"SPI.DIM4.1.SVY.INDEX","Korea, Dem. People's Rep.","PRK","2004-2023",20
"SPI.DIM4.1.SVY.INDEX","Liechtenstein","LIE","2004-2023",20
"SPI.DIM4.1.SVY.INDEX","Macao SAR, China","MAC","2004-2023",20
"SPI.DIM4.1.SVY.INDEX","Monaco","MCO","2004-2023",20
"SPI.DIM4.1.SVY.INDEX","New Caledonia","NCL","2004-2023",20
"SPI.DIM4.1.SVY.INDEX","Northern Mariana Islands","MNP","2004-2023",20
"SPI.DIM4.1.SVY.INDEX","Puerto Rico","PRI","2004-2023",20
"SPI.DIM4.1.SVY.INDEX","San Marino","SMR","2004-2023",20
"SPI.DIM4.1.SVY.INDEX","Sint Maarten (Dutch part)","SXM","2004-2023",20
"SPI.DIM4.1.SVY.INDEX","St. Martin (French part)","MAF","2004-2023",20
"SPI.DIM4.1.SVY.INDEX","Turks and Caicos Islands","TCA","2004-2023",20
"SPI.DIM4.1.SVY.INDEX","Virgin Islands (U.S.)","VIR","2004-2023",20
"SPI.DIM4.3.INDEX","Afghanistan","AFG","2004-2014",11
"SPI.DIM4.3.INDEX","Albania","ALB","2004-2014",11
"SPI.DIM4.3.INDEX","Algeria","DZA","2004-2014",11
"SPI.DIM4.3.INDEX","American Samoa","ASM","2004-2023",20
"SPI.DIM4.3.INDEX","Andorra","AND","2004-2021",18
"SPI.DIM4.3.INDEX","Angola","AGO","2004-2014",11
"SPI.DIM4.3.INDEX","Antigua and Barbuda","ATG","2004-2019",16
"SPI.DIM4.3.INDEX","Argentina","ARG","2004-2014",11
"SPI.DIM4.3.INDEX","Armenia","ARM","2004-2014",11
"SPI.DIM4.3.INDEX","Aruba","ABW","2004-2021",18
"SPI.DIM4.3.INDEX","Australia","AUS","2004-2015",12
"SPI.DIM4.3.INDEX","Austria","AUT","2004-2015",12
"SPI.DIM4.3.INDEX","Azerbaijan","AZE","2004-2014",11
"SPI.DIM4.3.INDEX","Bahamas, The","BHS","2004-2015",12
"SPI.DIM4.3.INDEX","Bahrain","BHR","2004-2015",12
"SPI.DIM4.3.INDEX","Bangladesh","BGD","2004-2014",11
"SPI.DIM4.3.INDEX","Barbados","BRB","2004-2021",18
"SPI.DIM4.3.INDEX","Belarus","BLR","2004-2014",11
"SPI.DIM4.3.INDEX","Belgium","BEL","2004-2015",12
"SPI.DIM4.3.INDEX","Belize","BLZ","2004-2014",11
"SPI.DIM4.3.INDEX","Benin","BEN","2004-2014",11
"SPI.DIM4.3.INDEX","Bermuda","BMU","2004-2023",20
"SPI.DIM4.3.INDEX","Bhutan","BTN","2004-2014",11
"SPI.DIM4.3.INDEX","Bolivia","BOL","2004-2014",11
"SPI.DIM4.3.INDEX","Bosnia and Herzegovina","BIH","2004-2014",11
"SPI.DIM4.3.INDEX","Botswana","BWA","2004-2014",11
"SPI.DIM4.3.INDEX","Brazil","BRA","2004-2014",11
"SPI.DIM4.3.INDEX","British Virgin Islands","VGB","2004-2023",20
"SPI.DIM4.3.INDEX","Brunei Darussalam","BRN","2004-2019",16
"SPI.DIM4.3.INDEX","Bulgaria","BGR","2004-2014",11
"SPI.DIM4.3.INDEX","Burkina Faso","BFA","2004-2014",11
"SPI.DIM4.3.INDEX","Burundi","BDI","2004-2014",11
"SPI.DIM4.3.INDEX","Cabo Verde","CPV","2004-2014",11
"SPI.DIM4.3.INDEX","Cambodia","KHM","2004-2014",11
"SPI.DIM4.3.INDEX","Cameroon","CMR","2004-2014",11
"SPI.DIM4.3.INDEX","Canada","CAN","2004-2015",12
"SPI.DIM4.3.INDEX","Cayman Islands","CYM","2004-2023",20
"SPI.DIM4.3.INDEX","Central African Republic","CAF","2004-2021",18
"SPI.DIM4.3.INDEX","Chad","TCD","2004-2014",11
"SPI.DIM4.3.INDEX","Channel Islands","CHI","2004-2023",20
"SPI.DIM4.3.INDEX","Chile","CHL","2004-2014",11
"SPI.DIM4.3.INDEX","China","CHN","2004-2014",11
"SPI.DIM4.3.INDEX","Colombia","COL","2004-2014",11
"SPI.DIM4.3.INDEX","Comoros","COM","2004-2023",20
"SPI.DIM4.3.INDEX","Congo, Dem. Rep.","COD","2004-2014",11
"SPI.DIM4.3.INDEX","Congo, Rep.","COG","2004-2014",11
"SPI.DIM4.3.INDEX","Costa Rica","CRI","2004-2015",12
"SPI.DIM4.3.INDEX","Cote d'Ivoire","CIV","2004-2014",11
"SPI.DIM4.3.INDEX","Croatia","HRV","2004-2015",12
"SPI.DIM4.3.INDEX","Cuba","CUB","2004-2014",11
"SPI.DIM4.3.INDEX","Curacao","CUW","2004-2023",20
"SPI.DIM4.3.INDEX","Cyprus","CYP","2004-2015",12
"SPI.DIM4.3.INDEX","Czechia","CZE","2004-2015",12
"SPI.DIM4.3.INDEX","Denmark","DNK","2004-2015",12
"SPI.DIM4.3.INDEX","Djibouti","DJI","2004-2014",11
"SPI.DIM4.3.INDEX","Dominica","DMA","2004-2019",16
"SPI.DIM4.3.INDEX","Dominican Republic","DOM","2004-2014",11
"SPI.DIM4.3.INDEX","Ecuador","ECU","2004-2014",11
"SPI.DIM4.3.INDEX","Egypt, Arab Rep.","EGY","2004-2014",11
"SPI.DIM4.3.INDEX","El Salvador","SLV","2004-2014",11
"SPI.DIM4.3.INDEX","Equatorial Guinea","GNQ","2004-2019",16
"SPI.DIM4.3.INDEX","Eritrea","ERI","2004-2023",20
"SPI.DIM4.3.INDEX","Estonia","EST","2004-2015",12
"SPI.DIM4.3.INDEX","Eswatini","SWZ","2004-2014",11
"SPI.DIM4.3.INDEX","Ethiopia","ETH","2004-2014",11
"SPI.DIM4.3.INDEX","Faroe Islands","FRO","2004-2023",20
"SPI.DIM4.3.INDEX","Fiji","FJI","2004-2014",11
"SPI.DIM4.3.INDEX","Finland","FIN","2004-2015",12
"SPI.DIM4.3.INDEX","France","FRA","2004-2015",12
"SPI.DIM4.3.INDEX","French Polynesia","PYF","2004-2023",20
"SPI.DIM4.3.INDEX","Gabon","GAB","2004-2014",11
"SPI.DIM4.3.INDEX","Gambia, The","GMB","2004-2014",11
"SPI.DIM4.3.INDEX","Georgia","GEO","2004-2014",11
"SPI.DIM4.3.INDEX","Germany","DEU","2004-2015",12
"SPI.DIM4.3.INDEX","Ghana","GHA","2004-2014",11
"SPI.DIM4.3.INDEX","Gibraltar","GIB","2004-2023",20
"SPI.DIM4.3.INDEX","Greece","GRC","2004-2015",12
"SPI.DIM4.3.INDEX","Greenland","GRL","2004-2019",16
"SPI.DIM4.3.INDEX","Grenada","GRD","2004-2021",18
"SPI.DIM4.3.INDEX","Guam","GUM","2004-2023",20
"SPI.DIM4.3.INDEX","Guatemala","GTM","2004-2014",11
"SPI.DIM4.3.INDEX","Guinea","GIN","2004-2014",11
"SPI.DIM4.3.INDEX","Guinea-Bissau","GNB","2004-2014",11
"SPI.DIM4.3.INDEX","Guyana","GUY","2004-2014",11
"SPI.DIM4.3.INDEX","Haiti","HTI","2004-2014",11
"SPI.DIM4.3.INDEX","Honduras","HND","2004-2014",11
"SPI.DIM4.3.INDEX","Hong Kong SAR, China","HKG","2004-2015",12
"SPI.DIM4.3.INDEX","Hungary","HUN","2004-2015",12
"SPI.DIM4.3.INDEX","Iceland","ISL","2004-2015",12
"SPI.DIM4.3.INDEX","India","IND","2004-2014",11
"SPI.DIM4.3.INDEX","Indonesia","IDN","2004-2014",11
"SPI.DIM4.3.INDEX","Iran, Islamic Rep.","IRN","2004-2014",11
"SPI.DIM4.3.INDEX","Iraq","IRQ","2004-2015",12
"SPI.DIM4.3.INDEX","Ireland","IRL","2004-2015",12
"SPI.DIM4.3.INDEX","Isle of Man","IMN","2004-2023",20
"SPI.DIM4.3.INDEX","Israel","ISR","2004-2015",12
"SPI.DIM4.3.INDEX","Italy","ITA","2004-2015",12
"SPI.DIM4.3.INDEX","Jamaica","JAM","2004-2014",11
"SPI.DIM4.3.INDEX","Japan","JPN","2004-2015",12
"SPI.DIM4.3.INDEX","Jordan","JOR","2004-2014",11
"SPI.DIM4.3.INDEX","Kazakhstan","KAZ","2004-2014",11
"SPI.DIM4.3.INDEX","Kenya","KEN","2004-2014",11
"SPI.DIM4.3.INDEX","Kiribati","KIR","2004-2014",11
"SPI.DIM4.3.INDEX","Korea, Dem. People's Rep.","PRK","2004-2023",20
"SPI.DIM4.3.INDEX","Korea, Rep.","KOR","2004-2015",12
"SPI.DIM4.3.INDEX","Kosovo","XKX","2004-2014",11
"SPI.DIM4.3.INDEX","Kuwait","KWT","2004-2015",12
"SPI.DIM4.3.INDEX","Kyrgyz Republic","KGZ","2004-2014",11
"SPI.DIM4.3.INDEX","Lao PDR","LAO","2004-2014",11
"SPI.DIM4.3.INDEX","Latvia","LVA","2004-2015",12
"SPI.DIM4.3.INDEX","Lebanon","LBN","2004-2014",11
"SPI.DIM4.3.INDEX","Lesotho","LSO","2004-2014",11
"SPI.DIM4.3.INDEX","Liberia","LBR","2004-2014",11
"SPI.DIM4.3.INDEX","Libya","LBY","2004-2015",12
"SPI.DIM4.3.INDEX","Liechtenstein","LIE","2004-2016",13
"SPI.DIM4.3.INDEX","Lithuania","LTU","2004-2015",12
"SPI.DIM4.3.INDEX","Luxembourg","LUX","2004-2015",12
"SPI.DIM4.3.INDEX","Macao SAR, China","MAC","2004-2016",13
"SPI.DIM4.3.INDEX","Madagascar","MDG","2004-2014",11
"SPI.DIM4.3.INDEX","Malawi","MWI","2004-2014",11
"SPI.DIM4.3.INDEX","Malaysia","MYS","2004-2014",11
"SPI.DIM4.3.INDEX","Maldives","MDV","2004-2014",11
"SPI.DIM4.3.INDEX","Mali","MLI","2004-2014",11
"SPI.DIM4.3.INDEX","Malta","MLT","2004-2015",12
"SPI.DIM4.3.INDEX","Marshall Islands","MHL","2004-2014",11
"SPI.DIM4.3.INDEX","Mauritania","MRT","2004-2014",11
"SPI.DIM4.3.INDEX","Mauritius","MUS","2004-2014",11
"SPI.DIM4.3.INDEX","Mexico","MEX","2004-2014",11
"SPI.DIM4.3.INDEX","Micronesia, Fed. Sts.","FSM","2004-2014",11
"SPI.DIM4.3.INDEX","Moldova","MDA","2004-2014",11
"SPI.DIM4.3.INDEX","Monaco","MCO","2004-2021",18
"SPI.DIM4.3.INDEX","Mongolia","MNG","2004-2014",11
"SPI.DIM4.3.INDEX","Montenegro","MNE","2004-2014",11
"SPI.DIM4.3.INDEX","Morocco","MAR","2004-2014",11
"SPI.DIM4.3.INDEX","Mozambique","MOZ","2004-2014",11
"SPI.DIM4.3.INDEX","Myanmar","MMR","2004-2015",12
"SPI.DIM4.3.INDEX","Namibia","NAM","2004-2014",11
"SPI.DIM4.3.INDEX","Nauru","NRU","2004-2021",18
"SPI.DIM4.3.INDEX","Nepal","NPL","2004-2014",11
"SPI.DIM4.3.INDEX","Netherlands","NLD","2004-2015",12
"SPI.DIM4.3.INDEX","New Caledonia","NCL","2004-2023",20
"SPI.DIM4.3.INDEX","New Zealand","NZL","2004-2015",12
"SPI.DIM4.3.INDEX","Nicaragua","NIC","2004-2014",11
"SPI.DIM4.3.INDEX","Niger","NER","2004-2014",11
"SPI.DIM4.3.INDEX","Nigeria","NGA","2004-2014",11
"SPI.DIM4.3.INDEX","North Macedonia","MKD","2004-2014",11
"SPI.DIM4.3.INDEX","Northern Mariana Islands","MNP","2004-2023",20
"SPI.DIM4.3.INDEX","Norway","NOR","2004-2015",12
"SPI.DIM4.3.INDEX","Oman","OMN","2004-2015",12
"SPI.DIM4.3.INDEX","Pakistan","PAK","2004-2014",11
"SPI.DIM4.3.INDEX","Palau","PLW","2004-2019",16
"SPI.DIM4.3.INDEX","Panama","PAN","2004-2014",11
"SPI.DIM4.3.INDEX","Papua New Guinea","PNG","2004-2014",11
"SPI.DIM4.3.INDEX","Paraguay","PRY","2004-2014",11
"SPI.DIM4.3.INDEX","Peru","PER","2004-2014",11
"SPI.DIM4.3.INDEX","Philippines","PHL","2004-2014",11
"SPI.DIM4.3.INDEX","Poland","POL","2004-2015",12
"SPI.DIM4.3.INDEX","Portugal","PRT","2004-2015",12
"SPI.DIM4.3.INDEX","Puerto Rico","PRI","2004-2023",20
"SPI.DIM4.3.INDEX","Qatar","QAT","2004-2015",12
"SPI.DIM4.3.INDEX","Romania","ROU","2004-2014",11
"SPI.DIM4.3.INDEX","Russian Federation","RUS","2004-2014",11
"SPI.DIM4.3.INDEX","Rwanda","RWA","2004-2014",11
"SPI.DIM4.3.INDEX","Samoa","WSM","2004-2014",11
"SPI.DIM4.3.INDEX","San Marino","SMR","2004-2019",16
"SPI.DIM4.3.INDEX","Sao Tome and Principe","STP","2004-2014",11
"SPI.DIM4.3.INDEX","Saudi Arabia","SAU","2004-2014",11
"SPI.DIM4.3.INDEX","Senegal","SEN","2004-2014",11
"SPI.DIM4.3.INDEX","Serbia","SRB","2004-2014",11
"SPI.DIM4.3.INDEX","Seychelles","SYC","2004-2016",13
"SPI.DIM4.3.INDEX","Sierra Leone","SLE","2004-2014",11
"SPI.DIM4.3.INDEX","Singapore","SGP","2004-2015",12
"SPI.DIM4.3.INDEX","Sint Maarten (Dutch part)","SXM","2004-2023",20
"SPI.DIM4.3.INDEX","Slovak Republic","SVK","2004-2015",12
"SPI.DIM4.3.INDEX","Slovenia","SVN","2004-2015",12
"SPI.DIM4.3.INDEX","Solomon Islands","SLB","2004-2014",11
"SPI.DIM4.3.INDEX","Somalia","SOM","2004-2016",13
"SPI.DIM4.3.INDEX","South Africa","ZAF","2004-2014",11
"SPI.DIM4.3.INDEX","South Sudan","SSD","2004-2014",11
"SPI.DIM4.3.INDEX","Spain","ESP","2004-2015",12
"SPI.DIM4.3.INDEX","Sri Lanka","LKA","2004-2014",11
"SPI.DIM4.3.INDEX","St. Kitts and Nevis","KNA","2004-2019",16
"SPI.DIM4.3.INDEX","St. Lucia","LCA","2004-2014",11
"SPI.DIM4.3.INDEX","St. Martin (French part)","MAF","2004-2023",20
"SPI.DIM4.3.INDEX","St. Vincent and the Grenadines","VCT","2004-2014",11
"SPI.DIM4.3.INDEX","Sudan","SDN","2004-2014",11
"SPI.DIM4.3.INDEX","Suriname","SUR","2004-2015",12
"SPI.DIM4.3.INDEX","Sweden","SWE","2004-2015",12
"SPI.DIM4.3.INDEX","Switzerland","CHE","2004-2015",12
"SPI.DIM4.3.INDEX","Syrian Arab Republic","SYR","2004-2016",13
"SPI.DIM4.3.INDEX","Tajikistan","TJK","2004-2014",11
"SPI.DIM4.3.INDEX","Tanzania","TZA","2004-2014",11
"SPI.DIM4.3.INDEX","Thailand","THA","2004-2014",11
"SPI.DIM4.3.INDEX","Timor-Leste","TLS","2004-2014",11
"SPI.DIM4.3.INDEX","Togo","TGO","2004-2014",11
"SPI.DIM4.3.INDEX","Tonga","TON","2004-2019",16
"SPI.DIM4.3.INDEX","Trinidad and Tobago","TTO","2004-2015",12
"SPI.DIM4.3.INDEX","Tunisia","TUN","2004-2014",11
"SPI.DIM4.3.INDEX","Turkiye","TUR","2004-2014",11
"SPI.DIM4.3.INDEX","Turkmenistan","TKM","2004-2014",11
"SPI.DIM4.3.INDEX","Turks and Caicos Islands","TCA","2004-2023",20
"SPI.DIM4.3.INDEX","Tuvalu","TUV","2004-2021",18
"SPI.DIM4.3.INDEX","Uganda","UGA","2004-2014",11
"SPI.DIM4.3.INDEX","Ukraine","UKR","2004-2014",11
"SPI.DIM4.3.INDEX","United Arab Emirates","ARE","2004-2015",12
"SPI.DIM4.3.INDEX","United Kingdom","GBR","2004-2015",12
"SPI.DIM4.3.INDEX","United States","USA","2004-2015",12
"SPI.DIM4.3.INDEX","Uruguay","URY","2004-2014",11
"SPI.DIM4.3.INDEX","Uzbekistan","UZB","2004-2014",11
"SPI.DIM4.3.INDEX","Vanuatu","VUT","2004-2014",11
"SPI.DIM4.3.INDEX","Venezuela, RB","VEN","2004-2014",11
"SPI.DIM4.3.INDEX","Viet Nam","VNM","2004-2014",11
"SPI.DIM4.3.INDEX","Virgin Islands (U.S.)","VIR","2004-2023",20
"SPI.DIM4.3.INDEX","West Bank and Gaza","PSE","2004-2014",11
"SPI.DIM4.3.INDEX","Yemen, Rep.","YEM","2004-2014",11
"SPI.DIM4.3.INDEX","Zambia","ZMB","2004-2014",11
"SPI.DIM4.3.INDEX","Zimbabwe","ZWE","2004-2014",11
"SPI.DIM5.1.INDEX","Afghanistan","AFG","2004-2023",20
"SPI.DIM5.1.INDEX","Albania","ALB","2004-2018",15
"SPI.DIM5.1.INDEX","Algeria","DZA","2004-2018",15
"SPI.DIM5.1.INDEX","American Samoa","ASM","2004-2023",20
"SPI.DIM5.1.INDEX","Andorra","AND","2004-2018",15
"SPI.DIM5.1.INDEX","Angola","AGO","2004-2023",20
"SPI.DIM5.1.INDEX","Antigua and Barbuda","ATG","2004-2018",15
"SPI.DIM5.1.INDEX","Argentina","ARG","2004-2018",15
"SPI.DIM5.1.INDEX","Armenia","ARM","2004-2018",15
"SPI.DIM5.1.INDEX","Aruba","ABW","2004-2023",20
"SPI.DIM5.1.INDEX","Azerbaijan","AZE","2004-2019",16
"SPI.DIM5.1.INDEX","Bahamas, The","BHS","2004-2023",20
"SPI.DIM5.1.INDEX","Bahrain","BHR","2004-2023",20
"SPI.DIM5.1.INDEX","Bangladesh","BGD","2004-2018",15
"SPI.DIM5.1.INDEX","Barbados","BRB","2004-2018",15
"SPI.DIM5.1.INDEX","Belarus","BLR","2004-2018",15
"SPI.DIM5.1.INDEX","Belize","BLZ","2004-2018",15
"SPI.DIM5.1.INDEX","Benin","BEN","2004-2020",17
"SPI.DIM5.1.INDEX","Bermuda","BMU","2004-2023",20
"SPI.DIM5.1.INDEX","Bhutan","BTN","2004-2018",15
"SPI.DIM5.1.INDEX","Bolivia","BOL","2004-2018",15
"SPI.DIM5.1.INDEX","Bosnia and Herzegovina","BIH","2004-2018",15
"SPI.DIM5.1.INDEX","Botswana","BWA","2004-2018",15
"SPI.DIM5.1.INDEX","Brazil","BRA","2004-2019",16
"SPI.DIM5.1.INDEX","British Virgin Islands","VGB","2004-2019",16
"SPI.DIM5.1.INDEX","Brunei Darussalam","BRN","2004-2018",15
"SPI.DIM5.1.INDEX","Bulgaria","BGR","2004-2018",15
"SPI.DIM5.1.INDEX","Burkina Faso","BFA","2004-2019",16
"SPI.DIM5.1.INDEX","Burundi","BDI","2004-2018",15
"SPI.DIM5.1.INDEX","Cabo Verde","CPV","2004-2018",15
"SPI.DIM5.1.INDEX","Cambodia","KHM","2004-2018",15
"SPI.DIM5.1.INDEX","Cameroon","CMR","2004-2018",15
"SPI.DIM5.1.INDEX","Cayman Islands","CYM","2004-2018",15
"SPI.DIM5.1.INDEX","Central African Republic","CAF","2004-2018",15
"SPI.DIM5.1.INDEX","Chad","TCD","2004-2018",15
"SPI.DIM5.1.INDEX","Channel Islands","CHI","2004-2023",20
"SPI.DIM5.1.INDEX","China","CHN","2004-2018",15
"SPI.DIM5.1.INDEX","Colombia","COL","2004-2018",15
"SPI.DIM5.1.INDEX","Comoros","COM","2004-2018",15
"SPI.DIM5.1.INDEX","Congo, Dem. Rep.","COD","2004-2023",20
"SPI.DIM5.1.INDEX","Congo, Rep.","COG","2004-2018",15
"SPI.DIM5.1.INDEX","Costa Rica","CRI","2004-2018",15
"SPI.DIM5.1.INDEX","Cote d'Ivoire","CIV","2004-2018",15
"SPI.DIM5.1.INDEX","Croatia","HRV","2004-2018",15
"SPI.DIM5.1.INDEX","Cuba","CUB","2004-2022",19
"SPI.DIM5.1.INDEX","Curacao","CUW","2004-2018",15
"SPI.DIM5.1.INDEX","Cyprus","CYP","2004-2018",15
"SPI.DIM5.1.INDEX","Djibouti","DJI","2004-2018",15
"SPI.DIM5.1.INDEX","Dominica","DMA","2004-2018",15
"SPI.DIM5.1.INDEX","Dominican Republic","DOM","2004-2018",15
"SPI.DIM5.1.INDEX","Ecuador","ECU","2004-2018",15
"SPI.DIM5.1.INDEX","Egypt, Arab Rep.","EGY","2004-2018",15
"SPI.DIM5.1.INDEX","El Salvador","SLV","2004-2018",15
"SPI.DIM5.1.INDEX","Equatorial Guinea","GNQ","2004-2018",15
"SPI.DIM5.1.INDEX","Eritrea","ERI","2004-2023",20
"SPI.DIM5.1.INDEX","Eswatini","SWZ","2004-2018",15
"SPI.DIM5.1.INDEX","Ethiopia","ETH","2004-2020",17
"SPI.DIM5.1.INDEX","Faroe Islands","FRO","2004-2018",15
"SPI.DIM5.1.INDEX","Fiji","FJI","2004-2021",18
"SPI.DIM5.1.INDEX","French Polynesia","PYF","2004-2021",18
"SPI.DIM5.1.INDEX","Gabon","GAB","2004-2018",15
"SPI.DIM5.1.INDEX","Gambia, The","GMB","2004-2018",15
"SPI.DIM5.1.INDEX","Georgia","GEO","2004-2018",15
"SPI.DIM5.1.INDEX","Ghana","GHA","2004-2020",17
"SPI.DIM5.1.INDEX","Gibraltar","GIB","2004-2023",20
"SPI.DIM5.1.INDEX","Greenland","GRL","2004-2023",20
"SPI.DIM5.1.INDEX","Grenada","GRD","2004-2021",18
"SPI.DIM5.1.INDEX","Guam","GUM","2004-2023",20
"SPI.DIM5.1.INDEX","Guatemala","GTM","2004-2018",15
"SPI.DIM5.1.INDEX","Guinea","GIN","2004-2018",15
"SPI.DIM5.1.INDEX","Guinea-Bissau","GNB","2004-2023",20
"SPI.DIM5.1.INDEX","Guyana","GUY","2004-2021",18
"SPI.DIM5.1.INDEX","Haiti","HTI","2004-2023",20
"SPI.DIM5.1.INDEX","Honduras","HND","2004-2018",15
"SPI.DIM5.1.INDEX","Hong Kong SAR, China","HKG","2004-2018",15
"SPI.DIM5.1.INDEX","India","IND","2004-2018",15
"SPI.DIM5.1.INDEX","Indonesia","IDN","2004-2018",15
"SPI.DIM5.1.INDEX","Iran, Islamic Rep.","IRN","2004-2018",15
"SPI.DIM5.1.INDEX","Iraq","IRQ","2004-2018",15
"SPI.DIM5.1.INDEX","Isle of Man","IMN","2004-2023",20
"SPI.DIM5.1.INDEX","Jamaica","JAM","2004-2018",15
"SPI.DIM5.1.INDEX","Jordan","JOR","2004-2018",15
"SPI.DIM5.1.INDEX","Kazakhstan","KAZ","2004-2018",15
"SPI.DIM5.1.INDEX","Kenya","KEN","2004-2020",17
"SPI.DIM5.1.INDEX","Kiribati","KIR","2004-2023",20
"SPI.DIM5.1.INDEX","Korea, Dem. People's Rep.","PRK","2004-2018",15
"SPI.DIM5.1.INDEX","Kosovo","XKX","2004-2023",20
"SPI.DIM5.1.INDEX","Kuwait","KWT","2004-2018",15
"SPI.DIM5.1.INDEX","Kyrgyz Republic","KGZ","2004-2018",15
"SPI.DIM5.1.INDEX","Lao PDR","LAO","2004-2021",18
"SPI.DIM5.1.INDEX","Lebanon","LBN","2004-2023",20
"SPI.DIM5.1.INDEX","Lesotho","LSO","2004-2019",16
"SPI.DIM5.1.INDEX","Liberia","LBR","2004-2018",15
"SPI.DIM5.1.INDEX","Libya","LBY","2004-2018",15
"SPI.DIM5.1.INDEX","Liechtenstein","LIE","2004-2018",15
"SPI.DIM5.1.INDEX","Macao SAR, China","MAC","2004-2018",15
"SPI.DIM5.1.INDEX","Madagascar","MDG","2004-2018",15
"SPI.DIM5.1.INDEX","Malawi","MWI","2004-2020",17
"SPI.DIM5.1.INDEX","Malaysia","MYS","2004-2019",16
"SPI.DIM5.1.INDEX","Maldives","MDV","2004-2018",15
"SPI.DIM5.1.INDEX","Mali","MLI","2004-2018",15
"SPI.DIM5.1.INDEX","Malta","MLT","2004-2018",15
"SPI.DIM5.1.INDEX","Marshall Islands","MHL","2004-2023",20
"SPI.DIM5.1.INDEX","Mauritania","MRT","2004-2018",15
"SPI.DIM5.1.INDEX","Mauritius","MUS","2004-2018",15
"SPI.DIM5.1.INDEX","Mexico","MEX","2004-2018",15
"SPI.DIM5.1.INDEX","Micronesia, Fed. Sts.","FSM","2004-2023",20
"SPI.DIM5.1.INDEX","Moldova","MDA","2004-2018",15
"SPI.DIM5.1.INDEX","Monaco","MCO","2004-2023",20
"SPI.DIM5.1.INDEX","Mongolia","MNG","2004-2018",15
"SPI.DIM5.1.INDEX","Montenegro","MNE","2004-2022",19
"SPI.DIM5.1.INDEX","Morocco","MAR","2004-2018",15
"SPI.DIM5.1.INDEX","Mozambique","MOZ","2004-2020",17
"SPI.DIM5.1.INDEX","Myanmar","MMR","2004-2020",17
"SPI.DIM5.1.INDEX","Namibia","NAM","2004-2020",17
"SPI.DIM5.1.INDEX","Nauru","NRU","2004-2018",15
"SPI.DIM5.1.INDEX","Nepal","NPL","2004-2018",15
"SPI.DIM5.1.INDEX","New Caledonia","NCL","2004-2018",15
"SPI.DIM5.1.INDEX","Nicaragua","NIC","2004-2023",20
"SPI.DIM5.1.INDEX","Niger","NER","2004-2018",15
"SPI.DIM5.1.INDEX","Nigeria","NGA","2004-2022",19
"SPI.DIM5.1.INDEX","North Macedonia","MKD","2004-2018",15
"SPI.DIM5.1.INDEX","Northern Mariana Islands","MNP","2004-2018",15
"SPI.DIM5.1.INDEX","Oman","OMN","2004-2018",15
"SPI.DIM5.1.INDEX","Pakistan","PAK","2004-2018",15
"SPI.DIM5.1.INDEX","Palau","PLW","2004-2018",15
"SPI.DIM5.1.INDEX","Panama","PAN","2004-2018",15
"SPI.DIM5.1.INDEX","Papua New Guinea","PNG","2004-2023",20
"SPI.DIM5.1.INDEX","Paraguay","PRY","2004-2018",15
"SPI.DIM5.1.INDEX","Peru","PER","2004-2020",17
"SPI.DIM5.1.INDEX","Philippines","PHL","2004-2018",15
"SPI.DIM5.1.INDEX","Puerto Rico","PRI","2004-2018",15
"SPI.DIM5.1.INDEX","Qatar","QAT","2004-2018",15
"SPI.DIM5.1.INDEX","Romania","ROU","2004-2018",15
"SPI.DIM5.1.INDEX","Russian Federation","RUS","2004-2018",15
"SPI.DIM5.1.INDEX","Rwanda","RWA","2004-2020",17
"SPI.DIM5.1.INDEX","Samoa","WSM","2004-2018",15
"SPI.DIM5.1.INDEX","San Marino","SMR","2004-2023",20
"SPI.DIM5.1.INDEX","Sao Tome and Principe","STP","2004-2018",15
"SPI.DIM5.1.INDEX","Saudi Arabia","SAU","2004-2018",15
"SPI.DIM5.1.INDEX","Senegal","SEN","2004-2018",15
"SPI.DIM5.1.INDEX","Serbia","SRB","2004-2018",15
"SPI.DIM5.1.INDEX","Seychelles","SYC","2004-2023",20
"SPI.DIM5.1.INDEX","Sierra Leone","SLE","2004-2018",15
"SPI.DIM5.1.INDEX","Sint Maarten (Dutch part)","SXM","2004-2023",20
"SPI.DIM5.1.INDEX","Solomon Islands","SLB","2004-2023",20
"SPI.DIM5.1.INDEX","Somalia","SOM","2004-2021",18
"SPI.DIM5.1.INDEX","South Africa","ZAF","2004-2018",15
"SPI.DIM5.1.INDEX","South Sudan","SSD","2004-2018",15
"SPI.DIM5.1.INDEX","Sri Lanka","LKA","2004-2018",15
"SPI.DIM5.1.INDEX","St. Kitts and Nevis","KNA","2004-2018",15
"SPI.DIM5.1.INDEX","St. Lucia","LCA","2004-2022",19
"SPI.DIM5.1.INDEX","St. Martin (French part)","MAF","2004-2023",20
"SPI.DIM5.1.INDEX","St. Vincent and the Grenadines","VCT","2004-2018",15
"SPI.DIM5.1.INDEX","Sudan","SDN","2004-2018",15
"SPI.DIM5.1.INDEX","Suriname","SUR","2004-2018",15
"SPI.DIM5.1.INDEX","Syrian Arab Republic","SYR","2004-2023",20
"SPI.DIM5.1.INDEX","Tajikistan","TJK","2004-2018",15
"SPI.DIM5.1.INDEX","Tanzania","TZA","2004-2018",15
"SPI.DIM5.1.INDEX","Thailand","THA","2004-2018",15
"SPI.DIM5.1.INDEX","Timor-Leste","TLS","2004-2018",15
"SPI.DIM5.1.INDEX","Togo","TGO","2004-2018",15
"SPI.DIM5.1.INDEX","Tonga","TON","2004-2018",15
"SPI.DIM5.1.INDEX","Trinidad and Tobago","TTO","2004-2023",20
"SPI.DIM5.1.INDEX","Tunisia","TUN","2004-2018",15
"SPI.DIM5.1.INDEX","Turkiye","TUR","2004-2018",15
"SPI.DIM5.1.INDEX","Turkmenistan","TKM","2004-2023",20
"SPI.DIM5.1.INDEX","Turks and Caicos Islands","TCA","2004-2023",20
"SPI.DIM5.1.INDEX","Tuvalu","TUV","2004-2023",20
"SPI.DIM5.1.INDEX","Uganda","UGA","2004-2018",15
"SPI.DIM5.1.INDEX","Ukraine","UKR","2004-2018",15
"SPI.DIM5.1.INDEX","United Arab Emirates","ARE","2004-2018",15
"SPI.DIM5.1.INDEX","Uruguay","URY","2004-2018",15
"SPI.DIM5.1.INDEX","Uzbekistan","UZB","2004-2018",15
"SPI.DIM5.1.INDEX","Vanuatu","VUT","2004-2018",15
"SPI.DIM5.1.INDEX","Venezuela, RB","VEN","2004-2020",17
"SPI.DIM5.1.INDEX","Viet Nam","VNM","2004-2020",17
"SPI.DIM5.1.INDEX","Virgin Islands (U.S.)","VIR","2004-2023",20
"SPI.DIM5.1.INDEX","West Bank and Gaza","PSE","2004-2018",15
"SPI.DIM5.1.INDEX","Yemen, Rep.","YEM","2004-2022",19
"SPI.DIM5.1.INDEX","Zambia","ZMB","2004-2020",17
"SPI.DIM5.1.INDEX","Zimbabwe","ZWE","2004-2018",15
"SPI.DIM5.2.INDEX","Afghanistan","AFG","2004-2015",12
"SPI.DIM5.2.INDEX","Albania","ALB","2004-2015",12
"SPI.DIM5.2.INDEX","Algeria","DZA","2004-2015",12
"SPI.DIM5.2.INDEX","American Samoa","ASM","2004-2023",20
"SPI.DIM5.2.INDEX","Andorra","AND","2004-2019",16
"SPI.DIM5.2.INDEX","Angola","AGO","2004-2015",12
"SPI.DIM5.2.INDEX","Antigua and Barbuda","ATG","2004-2015",12
"SPI.DIM5.2.INDEX","Argentina","ARG","2004-2015",12
"SPI.DIM5.2.INDEX","Armenia","ARM","2004-2015",12
"SPI.DIM5.2.INDEX","Aruba","ABW","2004-2023",20
"SPI.DIM5.2.INDEX","Australia","AUS","2004-2015",12
"SPI.DIM5.2.INDEX","Austria","AUT","2004-2015",12
"SPI.DIM5.2.INDEX","Azerbaijan","AZE","2004-2015",12
"SPI.DIM5.2.INDEX","Bahamas, The","BHS","2004-2015",12
"SPI.DIM5.2.INDEX","Bahrain","BHR","2004-2015",12
"SPI.DIM5.2.INDEX","Bangladesh","BGD","2004-2015",12
"SPI.DIM5.2.INDEX","Barbados","BRB","2004-2015",12
"SPI.DIM5.2.INDEX","Belarus","BLR","2004-2015",12
"SPI.DIM5.2.INDEX","Belgium","BEL","2004-2015",12
"SPI.DIM5.2.INDEX","Belize","BLZ","2004-2015",12
"SPI.DIM5.2.INDEX","Benin","BEN","2004-2015",12
"SPI.DIM5.2.INDEX","Bermuda","BMU","2004-2023",20
"SPI.DIM5.2.INDEX","Bhutan","BTN","2004-2015",12
"SPI.DIM5.2.INDEX","Bolivia","BOL","2004-2015",12
"SPI.DIM5.2.INDEX","Bosnia and Herzegovina","BIH","2004-2015",12
"SPI.DIM5.2.INDEX","Botswana","BWA","2004-2015",12
"SPI.DIM5.2.INDEX","Brazil","BRA","2004-2015",12
"SPI.DIM5.2.INDEX","British Virgin Islands","VGB","2004-2023",20
"SPI.DIM5.2.INDEX","Brunei Darussalam","BRN","2004-2015",12
"SPI.DIM5.2.INDEX","Bulgaria","BGR","2004-2015",12
"SPI.DIM5.2.INDEX","Burkina Faso","BFA","2004-2015",12
"SPI.DIM5.2.INDEX","Burundi","BDI","2004-2015",12
"SPI.DIM5.2.INDEX","Cabo Verde","CPV","2004-2015",12
"SPI.DIM5.2.INDEX","Cambodia","KHM","2004-2015",12
"SPI.DIM5.2.INDEX","Cameroon","CMR","2004-2015",12
"SPI.DIM5.2.INDEX","Canada","CAN","2004-2015",12
"SPI.DIM5.2.INDEX","Cayman Islands","CYM","2004-2023",20
"SPI.DIM5.2.INDEX","Central African Republic","CAF","2004-2015",12
"SPI.DIM5.2.INDEX","Chad","TCD","2004-2015",12
"SPI.DIM5.2.INDEX","Channel Islands","CHI","2004-2023",20
"SPI.DIM5.2.INDEX","Chile","CHL","2004-2015",12
"SPI.DIM5.2.INDEX","China","CHN","2004-2015",12
"SPI.DIM5.2.INDEX","Colombia","COL","2004-2015",12
"SPI.DIM5.2.INDEX","Comoros","COM","2004-2015",12
"SPI.DIM5.2.INDEX","Congo, Dem. Rep.","COD","2004-2016",13
"SPI.DIM5.2.INDEX","Congo, Rep.","COG","2004-2015",12
"SPI.DIM5.2.INDEX","Costa Rica","CRI","2004-2015",12
"SPI.DIM5.2.INDEX","Cote d'Ivoire","CIV","2004-2015",12
"SPI.DIM5.2.INDEX","Croatia","HRV","2004-2015",12
"SPI.DIM5.2.INDEX","Cuba","CUB","2004-2023",20
"SPI.DIM5.2.INDEX","Curacao","CUW","2004-2023",20
"SPI.DIM5.2.INDEX","Cyprus","CYP","2004-2015",12
"SPI.DIM5.2.INDEX","Czechia","CZE","2004-2015",12
"SPI.DIM5.2.INDEX","Denmark","DNK","2004-2015",12
"SPI.DIM5.2.INDEX","Djibouti","DJI","2004-2015",12
"SPI.DIM5.2.INDEX","Dominica","DMA","2004-2015",12
"SPI.DIM5.2.INDEX","Dominican Republic","DOM","2004-2015",12
"SPI.DIM5.2.INDEX","Ecuador","ECU","2004-2015",12
"SPI.DIM5.2.INDEX","Egypt, Arab Rep.","EGY","2004-2015",12
"SPI.DIM5.2.INDEX","El Salvador","SLV","2004-2015",12
"SPI.DIM5.2.INDEX","Equatorial Guinea","GNQ","2004-2015",12
"SPI.DIM5.2.INDEX","Eritrea","ERI","2004-2015",12
"SPI.DIM5.2.INDEX","Estonia","EST","2004-2015",12
"SPI.DIM5.2.INDEX","Eswatini","SWZ","2004-2015",12
"SPI.DIM5.2.INDEX","Ethiopia","ETH","2004-2015",12
"SPI.DIM5.2.INDEX","Faroe Islands","FRO","2004-2023",20
"SPI.DIM5.2.INDEX","Fiji","FJI","2004-2015",12
"SPI.DIM5.2.INDEX","Finland","FIN","2004-2015",12
"SPI.DIM5.2.INDEX","France","FRA","2004-2015",12
"SPI.DIM5.2.INDEX","French Polynesia","PYF","2004-2023",20
"SPI.DIM5.2.INDEX","Gabon","GAB","2004-2015",12
"SPI.DIM5.2.INDEX","Gambia, The","GMB","2004-2015",12
"SPI.DIM5.2.INDEX","Georgia","GEO","2004-2015",12
"SPI.DIM5.2.INDEX","Germany","DEU","2004-2015",12
"SPI.DIM5.2.INDEX","Ghana","GHA","2004-2015",12
"SPI.DIM5.2.INDEX","Gibraltar","GIB","2004-2023",20
"SPI.DIM5.2.INDEX","Greece","GRC","2004-2015",12
"SPI.DIM5.2.INDEX","Greenland","GRL","2004-2023",20
"SPI.DIM5.2.INDEX","Grenada","GRD","2004-2015",12
"SPI.DIM5.2.INDEX","Guam","GUM","2004-2023",20
"SPI.DIM5.2.INDEX","Guatemala","GTM","2004-2015",12
"SPI.DIM5.2.INDEX","Guinea","GIN","2004-2015",12
"SPI.DIM5.2.INDEX","Guinea-Bissau","GNB","2004-2015",12
"SPI.DIM5.2.INDEX","Guyana","GUY","2004-2015",12
"SPI.DIM5.2.INDEX","Haiti","HTI","2004-2015",12
"SPI.DIM5.2.INDEX","Honduras","HND","2004-2015",12
"SPI.DIM5.2.INDEX","Hong Kong SAR, China","HKG","2004-2023",20
"SPI.DIM5.2.INDEX","Hungary","HUN","2004-2015",12
"SPI.DIM5.2.INDEX","Iceland","ISL","2004-2015",12
"SPI.DIM5.2.INDEX","India","IND","2004-2015",12
"SPI.DIM5.2.INDEX","Indonesia","IDN","2004-2015",12
"SPI.DIM5.2.INDEX","Iran, Islamic Rep.","IRN","2004-2015",12
"SPI.DIM5.2.INDEX","Iraq","IRQ","2004-2015",12
"SPI.DIM5.2.INDEX","Ireland","IRL","2004-2015",12
"SPI.DIM5.2.INDEX","Isle of Man","IMN","2004-2023",20
"SPI.DIM5.2.INDEX","Israel","ISR","2004-2015",12
"SPI.DIM5.2.INDEX","Italy","ITA","2004-2015",12
"SPI.DIM5.2.INDEX","Jamaica","JAM","2004-2015",12
"SPI.DIM5.2.INDEX","Japan","JPN","2004-2015",12
"SPI.DIM5.2.INDEX","Jordan","JOR","2004-2015",12
"SPI.DIM5.2.INDEX","Kazakhstan","KAZ","2004-2015",12
"SPI.DIM5.2.INDEX","Kenya","KEN","2004-2015",12
"SPI.DIM5.2.INDEX","Kiribati","KIR","2004-2015",12
"SPI.DIM5.2.INDEX","Korea, Dem. People's Rep.","PRK","2004-2023",20
"SPI.DIM5.2.INDEX","Korea, Rep.","KOR","2004-2015",12
"SPI.DIM5.2.INDEX","Kosovo","XKX","2004-2016",13
"SPI.DIM5.2.INDEX","Kuwait","KWT","2004-2015",12
"SPI.DIM5.2.INDEX","Kyrgyz Republic","KGZ","2004-2015",12
"SPI.DIM5.2.INDEX","Lao PDR","LAO","2004-2015",12
"SPI.DIM5.2.INDEX","Latvia","LVA","2004-2015",12
"SPI.DIM5.2.INDEX","Lebanon","LBN","2004-2015",12
"SPI.DIM5.2.INDEX","Lesotho","LSO","2004-2015",12
"SPI.DIM5.2.INDEX","Liberia","LBR","2004-2015",12
"SPI.DIM5.2.INDEX","Libya","LBY","2004-2015",12
"SPI.DIM5.2.INDEX","Liechtenstein","LIE","2004-2023",20
"SPI.DIM5.2.INDEX","Lithuania","LTU","2004-2015",12
"SPI.DIM5.2.INDEX","Luxembourg","LUX","2004-2015",12
"SPI.DIM5.2.INDEX","Macao SAR, China","MAC","2004-2023",20
"SPI.DIM5.2.INDEX","Madagascar","MDG","2004-2015",12
"SPI.DIM5.2.INDEX","Malawi","MWI","2004-2015",12
"SPI.DIM5.2.INDEX","Malaysia","MYS","2004-2015",12
"SPI.DIM5.2.INDEX","Maldives","MDV","2004-2015",12
"SPI.DIM5.2.INDEX","Mali","MLI","2004-2015",12
"SPI.DIM5.2.INDEX","Malta","MLT","2004-2015",12
"SPI.DIM5.2.INDEX","Marshall Islands","MHL","2004-2015",12
"SPI.DIM5.2.INDEX","Mauritania","MRT","2004-2015",12
"SPI.DIM5.2.INDEX","Mauritius","MUS","2004-2015",12
"SPI.DIM5.2.INDEX","Mexico","MEX","2004-2015",12
"SPI.DIM5.2.INDEX","Micronesia, Fed. Sts.","FSM","2004-2015",12
"SPI.DIM5.2.INDEX","Moldova","MDA","2004-2015",12
"SPI.DIM5.2.INDEX","Monaco","MCO","2004-2023",20
"SPI.DIM5.2.INDEX","Mongolia","MNG","2004-2015",12
"SPI.DIM5.2.INDEX","Montenegro","MNE","2004-2015",12
"SPI.DIM5.2.INDEX","Morocco","MAR","2004-2015",12
"SPI.DIM5.2.INDEX","Mozambique","MOZ","2004-2015",12
"SPI.DIM5.2.INDEX","Myanmar","MMR","2004-2015",12
"SPI.DIM5.2.INDEX","Namibia","NAM","2004-2015",12
"SPI.DIM5.2.INDEX","Nauru","NRU","2004-2015",12
"SPI.DIM5.2.INDEX","Nepal","NPL","2004-2015",12
"SPI.DIM5.2.INDEX","Netherlands","NLD","2004-2015",12
"SPI.DIM5.2.INDEX","New Caledonia","NCL","2004-2023",20
"SPI.DIM5.2.INDEX","New Zealand","NZL","2004-2015",12
"SPI.DIM5.2.INDEX","Nicaragua","NIC","2004-2015",12
"SPI.DIM5.2.INDEX","Niger","NER","2004-2015",12
"SPI.DIM5.2.INDEX","Nigeria","NGA","2004-2015",12
"SPI.DIM5.2.INDEX","North Macedonia","MKD","2004-2015",12
"SPI.DIM5.2.INDEX","Northern Mariana Islands","MNP","2004-2023",20
"SPI.DIM5.2.INDEX","Norway","NOR","2004-2015",12
"SPI.DIM5.2.INDEX","Oman","OMN","2004-2015",12
"SPI.DIM5.2.INDEX","Pakistan","PAK","2004-2015",12
"SPI.DIM5.2.INDEX","Palau","PLW","2004-2015",12
"SPI.DIM5.2.INDEX","Panama","PAN","2004-2015",12
"SPI.DIM5.2.INDEX","Papua New Guinea","PNG","2004-2015",12
"SPI.DIM5.2.INDEX","Paraguay","PRY","2004-2015",12
"SPI.DIM5.2.INDEX","Peru","PER","2004-2015",12
"SPI.DIM5.2.INDEX","Philippines","PHL","2004-2015",12
"SPI.DIM5.2.INDEX","Poland","POL","2004-2015",12
"SPI.DIM5.2.INDEX","Portugal","PRT","2004-2015",12
"SPI.DIM5.2.INDEX","Puerto Rico","PRI","2004-2023",20
"SPI.DIM5.2.INDEX","Qatar","QAT","2004-2015",12
"SPI.DIM5.2.INDEX","Romania","ROU","2004-2016",13
"SPI.DIM5.2.INDEX","Russian Federation","RUS","2004-2015",12
"SPI.DIM5.2.INDEX","Rwanda","RWA","2004-2015",12
"SPI.DIM5.2.INDEX","Samoa","WSM","2004-2015",12
"SPI.DIM5.2.INDEX","San Marino","SMR","2004-2015",12
"SPI.DIM5.2.INDEX","Sao Tome and Principe","STP","2004-2015",12
"SPI.DIM5.2.INDEX","Saudi Arabia","SAU","2004-2015",12
"SPI.DIM5.2.INDEX","Senegal","SEN","2004-2015",12
"SPI.DIM5.2.INDEX","Serbia","SRB","2004-2015",12
"SPI.DIM5.2.INDEX","Seychelles","SYC","2004-2015",12
"SPI.DIM5.2.INDEX","Sierra Leone","SLE","2004-2015",12
"SPI.DIM5.2.INDEX","Singapore","SGP","2004-2015",12
"SPI.DIM5.2.INDEX","Sint Maarten (Dutch part)","SXM","2004-2023",20
"SPI.DIM5.2.INDEX","Slovak Republic","SVK","2004-2015",12
"SPI.DIM5.2.INDEX","Slovenia","SVN","2004-2015",12
"SPI.DIM5.2.INDEX","Solomon Islands","SLB","2004-2015",12
"SPI.DIM5.2.INDEX","Somalia","SOM","2004-2015",12
"SPI.DIM5.2.INDEX","South Africa","ZAF","2004-2015",12
"SPI.DIM5.2.INDEX","South Sudan","SSD","2004-2015",12
"SPI.DIM5.2.INDEX","Spain","ESP","2004-2015",12
"SPI.DIM5.2.INDEX","Sri Lanka","LKA","2004-2015",12
"SPI.DIM5.2.INDEX","St. Kitts and Nevis","KNA","2004-2015",12
"SPI.DIM5.2.INDEX","St. Lucia","LCA","2004-2015",12
"SPI.DIM5.2.INDEX","St. Martin (French part)","MAF","2004-2023",20
"SPI.DIM5.2.INDEX","St. Vincent and the Grenadines","VCT","2004-2015",12
"SPI.DIM5.2.INDEX","Sudan","SDN","2004-2015",12
"SPI.DIM5.2.INDEX","Suriname","SUR","2004-2015",12
"SPI.DIM5.2.INDEX","Sweden","SWE","2004-2015",12
"SPI.DIM5.2.INDEX","Switzerland","CHE","2004-2015",12
"SPI.DIM5.2.INDEX","Syrian Arab Republic","SYR","2004-2015",12
"SPI.DIM5.2.INDEX","Tajikistan","TJK","2004-2015",12
"SPI.DIM5.2.INDEX","Tanzania","TZA","2004-2015",12
"SPI.DIM5.2.INDEX","Thailand","THA","2004-2015",12
"SPI.DIM5.2.INDEX","Timor-Leste","TLS","2004-2016",13
"SPI.DIM5.2.INDEX","Togo","TGO","2004-2015",12
"SPI.DIM5.2.INDEX","Tonga","TON","2004-2015",12
"SPI.DIM5.2.INDEX","Trinidad and Tobago","TTO","2004-2015",12
"SPI.DIM5.2.INDEX","Tunisia","TUN","2004-2015",12
"SPI.DIM5.2.INDEX","Turkiye","TUR","2004-2015",12
"SPI.DIM5.2.INDEX","Turkmenistan","TKM","2004-2015",12
"SPI.DIM5.2.INDEX","Turks and Caicos Islands","TCA","2004-2023",20
"SPI.DIM5.2.INDEX","Tuvalu","TUV","2004-2015",12
"SPI.DIM5.2.INDEX","Uganda","UGA","2004-2015",12
"SPI.DIM5.2.INDEX","Ukraine","UKR","2004-2015",12
"SPI.DIM5.2.INDEX","United Arab Emirates","ARE","2004-2015",12
"SPI.DIM5.2.INDEX","United Kingdom","GBR","2004-2015",12
"SPI.DIM5.2.INDEX","United States","USA","2004-2015",12
"SPI.DIM5.2.INDEX","Uruguay","URY","2004-2015",12
"SPI.DIM5.2.INDEX","Uzbekistan","UZB","2004-2015",12
"SPI.DIM5.2.INDEX","Vanuatu","VUT","2004-2015",12
"SPI.DIM5.2.INDEX","Venezuela, RB","VEN","2004-2015",12
"SPI.DIM5.2.INDEX","Viet Nam","VNM","2004-2015",12
"SPI.DIM5.2.INDEX","Virgin Islands (U.S.)","VIR","2004-2023",20
"SPI.DIM5.2.INDEX","West Bank and Gaza","PSE","2004-2016",13
"SPI.DIM5.2.INDEX","Yemen, Rep.","YEM","2004-2015",12
"SPI.DIM5.2.INDEX","Zambia","ZMB","2004-2015",12
"SPI.DIM5.2.INDEX","Zimbabwe","ZWE","2004-2015",12
"SPI.DIM5.5.INDEX","Afghanistan","AFG","2004-2023",20
"SPI.DIM5.5.INDEX","Albania","ALB","2004-2018",15
"SPI.DIM5.5.INDEX","Algeria","DZA","2004-2018",15
"SPI.DIM5.5.INDEX","American Samoa","ASM","2004-2023",20
"SPI.DIM5.5.INDEX","Andorra","AND","2004-2018",15
"SPI.DIM5.5.INDEX","Angola","AGO","2004-2023",20
"SPI.DIM5.5.INDEX","Antigua and Barbuda","ATG","2004-2018",15
"SPI.DIM5.5.INDEX","Argentina","ARG","2004-2018",15
"SPI.DIM5.5.INDEX","Armenia","ARM","2004-2018",15
"SPI.DIM5.5.INDEX","Aruba","ABW","2004-2023",20
"SPI.DIM5.5.INDEX","Azerbaijan","AZE","2004-2021",18
"SPI.DIM5.5.INDEX","Bahamas, The","BHS","2004-2023",20
"SPI.DIM5.5.INDEX","Bahrain","BHR","2004-2023",20
"SPI.DIM5.5.INDEX","Bangladesh","BGD","2004-2018",15
"SPI.DIM5.5.INDEX","Barbados","BRB","2004-2018",15
"SPI.DIM5.5.INDEX","Belarus","BLR","2004-2018",15
"SPI.DIM5.5.INDEX","Belize","BLZ","2004-2018",15
"SPI.DIM5.5.INDEX","Benin","BEN","2004-2018",15
"SPI.DIM5.5.INDEX","Bermuda","BMU","2004-2023",20
"SPI.DIM5.5.INDEX","Bhutan","BTN","2004-2018",15
"SPI.DIM5.5.INDEX","Bolivia","BOL","2004-2018",15
"SPI.DIM5.5.INDEX","Bosnia and Herzegovina","BIH","2004-2018",15
"SPI.DIM5.5.INDEX","Botswana","BWA","2004-2018",15
"SPI.DIM5.5.INDEX","Brazil","BRA","2004-2021",18
"SPI.DIM5.5.INDEX","British Virgin Islands","VGB","2004-2023",20
"SPI.DIM5.5.INDEX","Brunei Darussalam","BRN","2004-2018",15
"SPI.DIM5.5.INDEX","Bulgaria","BGR","2004-2018",15
"SPI.DIM5.5.INDEX","Burkina Faso","BFA","2004-2023",20
"SPI.DIM5.5.INDEX","Burundi","BDI","2004-2018",15
"SPI.DIM5.5.INDEX","Cabo Verde","CPV","2004-2018",15
"SPI.DIM5.5.INDEX","Cambodia","KHM","2004-2018",15
"SPI.DIM5.5.INDEX","Cameroon","CMR","2004-2018",15
"SPI.DIM5.5.INDEX","Cayman Islands","CYM","2004-2018",15
"SPI.DIM5.5.INDEX","Central African Republic","CAF","2004-2018",15
"SPI.DIM5.5.INDEX","Chad","TCD","2004-2018",15
"SPI.DIM5.5.INDEX","Channel Islands","CHI","2004-2023",20
"SPI.DIM5.5.INDEX","China","CHN","2004-2018",15
"SPI.DIM5.5.INDEX","Colombia","COL","2004-2018",15
"SPI.DIM5.5.INDEX","Comoros","COM","2004-2018",15
"SPI.DIM5.5.INDEX","Congo, Dem. Rep.","COD","2004-2018",15
"SPI.DIM5.5.INDEX","Congo, Rep.","COG","2004-2018",15
"SPI.DIM5.5.INDEX","Costa Rica","CRI","2004-2018",15
"SPI.DIM5.5.INDEX","Cote d'Ivoire","CIV","2004-2018",15
"SPI.DIM5.5.INDEX","Croatia","HRV","2004-2018",15
"SPI.DIM5.5.INDEX","Cuba","CUB","2004-2022",19
"SPI.DIM5.5.INDEX","Curacao","CUW","2004-2018",15
"SPI.DIM5.5.INDEX","Cyprus","CYP","2004-2018",15
"SPI.DIM5.5.INDEX","Djibouti","DJI","2004-2018",15
"SPI.DIM5.5.INDEX","Dominica","DMA","2004-2018",15
"SPI.DIM5.5.INDEX","Dominican Republic","DOM","2004-2018",15
"SPI.DIM5.5.INDEX","Ecuador","ECU","2004-2018",15
"SPI.DIM5.5.INDEX","Egypt, Arab Rep.","EGY","2004-2018",15
"SPI.DIM5.5.INDEX","El Salvador","SLV","2004-2018",15
"SPI.DIM5.5.INDEX","Equatorial Guinea","GNQ","2004-2018",15
"SPI.DIM5.5.INDEX","Eritrea","ERI","2004-2023",20
"SPI.DIM5.5.INDEX","Eswatini","SWZ","2004-2018",15
"SPI.DIM5.5.INDEX","Ethiopia","ETH","2004-2023",20
"SPI.DIM5.5.INDEX","Faroe Islands","FRO","2004-2018",15
"SPI.DIM5.5.INDEX","Fiji","FJI","2004-2021",18
"SPI.DIM5.5.INDEX","French Polynesia","PYF","2004-2023",20
"SPI.DIM5.5.INDEX","Gabon","GAB","2004-2018",15
"SPI.DIM5.5.INDEX","Gambia, The","GMB","2004-2018",15
"SPI.DIM5.5.INDEX","Georgia","GEO","2004-2021",18
"SPI.DIM5.5.INDEX","Ghana","GHA","2004-2022",19
"SPI.DIM5.5.INDEX","Gibraltar","GIB","2004-2023",20
"SPI.DIM5.5.INDEX","Greenland","GRL","2004-2023",20
"SPI.DIM5.5.INDEX","Grenada","GRD","2004-2023",20
"SPI.DIM5.5.INDEX","Guam","GUM","2004-2023",20
"SPI.DIM5.5.INDEX","Guatemala","GTM","2004-2018",15
"SPI.DIM5.5.INDEX","Guinea","GIN","2004-2018",15
"SPI.DIM5.5.INDEX","Guinea-Bissau","GNB","2004-2023",20
"SPI.DIM5.5.INDEX","Guyana","GUY","2004-2021",18
"SPI.DIM5.5.INDEX","Haiti","HTI","2004-2023",20
"SPI.DIM5.5.INDEX","Honduras","HND","2004-2018",15
"SPI.DIM5.5.INDEX","Hong Kong SAR, China","HKG","2004-2018",15
"SPI.DIM5.5.INDEX","India","IND","2004-2018",15
"SPI.DIM5.5.INDEX","Indonesia","IDN","2004-2018",15
"SPI.DIM5.5.INDEX","Iran, Islamic Rep.","IRN","2004-2018",15
"SPI.DIM5.5.INDEX","Iraq","IRQ","2004-2018",15
"SPI.DIM5.5.INDEX","Isle of Man","IMN","2004-2023",20
"SPI.DIM5.5.INDEX","Jamaica","JAM","2004-2018",15
"SPI.DIM5.5.INDEX","Jordan","JOR","2004-2018",15
"SPI.DIM5.5.INDEX","Kazakhstan","KAZ","2004-2018",15
"SPI.DIM5.5.INDEX","Kenya","KEN","2004-2021",18
"SPI.DIM5.5.INDEX","Kiribati","KIR","2004-2023",20
"SPI.DIM5.5.INDEX","Korea, Dem. People's Rep.","PRK","2004-2023",20
"SPI.DIM5.5.INDEX","Kosovo","XKX","2004-2023",20
"SPI.DIM5.5.INDEX","Kuwait","KWT","2004-2018",15
"SPI.DIM5.5.INDEX","Kyrgyz Republic","KGZ","2004-2018",15
"SPI.DIM5.5.INDEX","Lao PDR","LAO","2004-2021",18
"SPI.DIM5.5.INDEX","Lebanon","LBN","2004-2023",20
"SPI.DIM5.5.INDEX","Lesotho","LSO","2004-2023",20
"SPI.DIM5.5.INDEX","Liberia","LBR","2004-2018",15
"SPI.DIM5.5.INDEX","Libya","LBY","2004-2018",15
"SPI.DIM5.5.INDEX","Liechtenstein","LIE","2004-2018",15
"SPI.DIM5.5.INDEX","Macao SAR, China","MAC","2004-2018",15
"SPI.DIM5.5.INDEX","Madagascar","MDG","2004-2018",15
"SPI.DIM5.5.INDEX","Malawi","MWI","2004-2023",20
"SPI.DIM5.5.INDEX","Malaysia","MYS","2004-2021",18
"SPI.DIM5.5.INDEX","Maldives","MDV","2004-2018",15
"SPI.DIM5.5.INDEX","Mali","MLI","2004-2018",15
"SPI.DIM5.5.INDEX","Malta","MLT","2004-2021",18
"SPI.DIM5.5.INDEX","Marshall Islands","MHL","2004-2023",20
"SPI.DIM5.5.INDEX","Mauritania","MRT","2004-2018",15
"SPI.DIM5.5.INDEX","Mauritius","MUS","2004-2018",15
"SPI.DIM5.5.INDEX","Mexico","MEX","2004-2018",15
"SPI.DIM5.5.INDEX","Micronesia, Fed. Sts.","FSM","2004-2023",20
"SPI.DIM5.5.INDEX","Moldova","MDA","2004-2018",15
"SPI.DIM5.5.INDEX","Monaco","MCO","2004-2023",20
"SPI.DIM5.5.INDEX","Mongolia","MNG","2004-2018",15
"SPI.DIM5.5.INDEX","Montenegro","MNE","2004-2022",19
"SPI.DIM5.5.INDEX","Morocco","MAR","2004-2018",15
"SPI.DIM5.5.INDEX","Mozambique","MOZ","2004-2021",18
"SPI.DIM5.5.INDEX","Myanmar","MMR","2004-2023",20
"SPI.DIM5.5.INDEX","Namibia","NAM","2004-2022",19
"SPI.DIM5.5.INDEX","Nauru","NRU","2004-2018",15
"SPI.DIM5.5.INDEX","Nepal","NPL","2004-2018",15
"SPI.DIM5.5.INDEX","New Caledonia","NCL","2004-2023",20
"SPI.DIM5.5.INDEX","Nicaragua","NIC","2004-2023",20
"SPI.DIM5.5.INDEX","Niger","NER","2004-2018",15
"SPI.DIM5.5.INDEX","Nigeria","NGA","2004-2022",19
"SPI.DIM5.5.INDEX","North Macedonia","MKD","2004-2018",15
"SPI.DIM5.5.INDEX","Northern Mariana Islands","MNP","2004-2018",15
"SPI.DIM5.5.INDEX","Oman","OMN","2004-2018",15
"SPI.DIM5.5.INDEX","Pakistan","PAK","2004-2018",15
"SPI.DIM5.5.INDEX","Palau","PLW","2004-2018",15
"SPI.DIM5.5.INDEX","Panama","PAN","2004-2018",15
"SPI.DIM5.5.INDEX","Papua New Guinea","PNG","2004-2023",20
"SPI.DIM5.5.INDEX","Paraguay","PRY","2004-2018",15
"SPI.DIM5.5.INDEX","Peru","PER","2004-2021",18
"SPI.DIM5.5.INDEX","Philippines","PHL","2004-2021",18
"SPI.DIM5.5.INDEX","Puerto Rico","PRI","2004-2018",15
"SPI.DIM5.5.INDEX","Qatar","QAT","2004-2018",15
"SPI.DIM5.5.INDEX","Romania","ROU","2004-2018",15
"SPI.DIM5.5.INDEX","Russian Federation","RUS","2004-2018",15
"SPI.DIM5.5.INDEX","Rwanda","RWA","2004-2023",20
"SPI.DIM5.5.INDEX","Samoa","WSM","2004-2018",15
"SPI.DIM5.5.INDEX","San Marino","SMR","2004-2023",20
"SPI.DIM5.5.INDEX","Sao Tome and Principe","STP","2004-2018",15
"SPI.DIM5.5.INDEX","Saudi Arabia","SAU","2004-2018",15
"SPI.DIM5.5.INDEX","Senegal","SEN","2004-2018",15
"SPI.DIM5.5.INDEX","Serbia","SRB","2004-2018",15
"SPI.DIM5.5.INDEX","Seychelles","SYC","2004-2023",20
"SPI.DIM5.5.INDEX","Sierra Leone","SLE","2004-2018",15
"SPI.DIM5.5.INDEX","Sint Maarten (Dutch part)","SXM","2004-2023",20
"SPI.DIM5.5.INDEX","Solomon Islands","SLB","2004-2023",20
"SPI.DIM5.5.INDEX","Somalia","SOM","2004-2021",18
"SPI.DIM5.5.INDEX","South Africa","ZAF","2004-2018",15
"SPI.DIM5.5.INDEX","South Sudan","SSD","2004-2018",15
"SPI.DIM5.5.INDEX","Sri Lanka","LKA","2004-2018",15
"SPI.DIM5.5.INDEX","St. Kitts and Nevis","KNA","2004-2018",15
"SPI.DIM5.5.INDEX","St. Lucia","LCA","2004-2023",20
"SPI.DIM5.5.INDEX","St. Martin (French part)","MAF","2004-2023",20
"SPI.DIM5.5.INDEX","St. Vincent and the Grenadines","VCT","2004-2023",20
"SPI.DIM5.5.INDEX","Sudan","SDN","2004-2018",15
"SPI.DIM5.5.INDEX","Suriname","SUR","2004-2018",15
"SPI.DIM5.5.INDEX","Syrian Arab Republic","SYR","2004-2023",20
"SPI.DIM5.5.INDEX","Tajikistan","TJK","2004-2018",15
"SPI.DIM5.5.INDEX","Tanzania","TZA","2004-2018",15
"SPI.DIM5.5.INDEX","Thailand","THA","2004-2018",15
"SPI.DIM5.5.INDEX","Timor-Leste","TLS","2004-2022",19
"SPI.DIM5.5.INDEX","Togo","TGO","2004-2018",15
"SPI.DIM5.5.INDEX","Tonga","TON","2004-2018",15
"SPI.DIM5.5.INDEX","Trinidad and Tobago","TTO","2004-2023",20
"SPI.DIM5.5.INDEX","Tunisia","TUN","2004-2018",15
"SPI.DIM5.5.INDEX","Turkiye","TUR","2004-2018",15
"SPI.DIM5.5.INDEX","Turkmenistan","TKM","2004-2023",20
"SPI.DIM5.5.INDEX","Turks and Caicos Islands","TCA","2004-2023",20
"SPI.DIM5.5.INDEX","Tuvalu","TUV","2004-2023",20
"SPI.DIM5.5.INDEX","Uganda","UGA","2004-2018",15
"SPI.DIM5.5.INDEX","Ukraine","UKR","2004-2018",15
"SPI.DIM5.5.INDEX","United Arab Emirates","ARE","2004-2018",15
"SPI.DIM5.5.INDEX","Uruguay","URY","2004-2018",15
"SPI.DIM5.5.INDEX","Uzbekistan","UZB","2004-2018",15
"SPI.DIM5.5.INDEX","Vanuatu","VUT","2004-2018",15
"SPI.DIM5.5.INDEX","Venezuela, RB","VEN","2004-2023",20
"SPI.DIM5.5.INDEX","Viet Nam","VNM","2004-2023",20
"SPI.DIM5.5.INDEX","Virgin Islands (U.S.)","VIR","2004-2023",20
"SPI.DIM5.5.INDEX","West Bank and Gaza","PSE","2004-2018",15
"SPI.DIM5.5.INDEX","Yemen, Rep.","YEM","2004-2022",19
"SPI.DIM5.5.INDEX","Zambia","ZMB","2004-2023",20
"SPI.DIM5.5.INDEX","Zimbabwe","ZWE","2004-2018",15
"SPI.INDEX","Afghanistan","AFG","2004-2015",12
"SPI.INDEX","Albania","ALB","2004-2015",12
"SPI.INDEX","Algeria","DZA","2004-2015",12
"SPI.INDEX","American Samoa","ASM","2004-2023",20
"SPI.INDEX","Andorra","AND","2004-2021",18
"SPI.INDEX","Angola","AGO","2004-2015",12
"SPI.INDEX","Antigua and Barbuda","ATG","2004-2019",16
"SPI.INDEX","Argentina","ARG","2004-2015",12
"SPI.INDEX","Armenia","ARM","2004-2015",12
"SPI.INDEX","Aruba","ABW","2004-2023",20
"SPI.INDEX","Australia","AUS","2004-2015",12
"SPI.INDEX","Austria","AUT","2004-2015",12
"SPI.INDEX","Azerbaijan","AZE","2004-2015",12
"SPI.INDEX","Bahamas, The","BHS","2004-2015",12
"SPI.INDEX","Bahrain","BHR","2004-2015",12
"SPI.INDEX","Bangladesh","BGD","2004-2015",12
"SPI.INDEX","Barbados","BRB","2004-2021",18
"SPI.INDEX","Belarus","BLR","2004-2015",12
"SPI.INDEX","Belgium","BEL","2004-2015",12
"SPI.INDEX","Belize","BLZ","2004-2015",12
"SPI.INDEX","Benin","BEN","2004-2015",12
"SPI.INDEX","Bermuda","BMU","2004-2023",20
"SPI.INDEX","Bhutan","BTN","2004-2015",12
"SPI.INDEX","Bolivia","BOL","2004-2015",12
"SPI.INDEX","Bosnia and Herzegovina","BIH","2004-2015",12
"SPI.INDEX","Botswana","BWA","2004-2015",12
"SPI.INDEX","Brazil","BRA","2004-2015",12
"SPI.INDEX","British Virgin Islands","VGB","2004-2023",20
"SPI.INDEX","Brunei Darussalam","BRN","2004-2019",16
"SPI.INDEX","Bulgaria","BGR","2004-2015",12
"SPI.INDEX","Burkina Faso","BFA","2004-2015",12
"SPI.INDEX","Burundi","BDI","2004-2015",12
"SPI.INDEX","Cabo Verde","CPV","2004-2015",12
"SPI.INDEX","Cambodia","KHM","2004-2015",12
"SPI.INDEX","Cameroon","CMR","2004-2015",12
"SPI.INDEX","Canada","CAN","2004-2015",12
"SPI.INDEX","Cayman Islands","CYM","2004-2023",20
"SPI.INDEX","Central African Republic","CAF","2004-2021",18
"SPI.INDEX","Chad","TCD","2004-2015",12
"SPI.INDEX","Channel Islands","CHI","2004-2023",20
"SPI.INDEX","Chile","CHL","2004-2015",12
"SPI.INDEX","China","CHN","2004-2015",12
"SPI.INDEX","Colombia","COL","2004-2015",12
"SPI.INDEX","Comoros","COM","2004-2023",20
"SPI.INDEX","Congo, Dem. Rep.","COD","2004-2016",13
"SPI.INDEX","Congo, Rep.","COG","2004-2015",12
"SPI.INDEX","Costa Rica","CRI","2004-2015",12
"SPI.INDEX","Cote d'Ivoire","CIV","2004-2015",12
"SPI.INDEX","Croatia","HRV","2004-2015",12
"SPI.INDEX","Cuba","CUB","2004-2023",20
"SPI.INDEX","Curacao","CUW","2004-2023",20
"SPI.INDEX","Cyprus","CYP","2004-2015",12
"SPI.INDEX","Czechia","CZE","2004-2015",12
"SPI.INDEX","Denmark","DNK","2004-2015",12
"SPI.INDEX","Djibouti","DJI","2004-2015",12
"SPI.INDEX","Dominica","DMA","2004-2019",16
"SPI.INDEX","Dominican Republic","DOM","2004-2015",12
"SPI.INDEX","Ecuador","ECU","2004-2015",12
"SPI.INDEX","Egypt, Arab Rep.","EGY","2004-2015",12
"SPI.INDEX","El Salvador","SLV","2004-2015",12
"SPI.INDEX","Equatorial Guinea","GNQ","2004-2019",16
"SPI.INDEX","Eritrea","ERI","2004-2023",20
"SPI.INDEX","Estonia","EST","2004-2015",12
"SPI.INDEX","Eswatini","SWZ","2004-2015",12
"SPI.INDEX","Ethiopia","ETH","2004-2015",12
"SPI.INDEX","Faroe Islands","FRO","2004-2023",20
"SPI.INDEX","Fiji","FJI","2004-2015",12
"SPI.INDEX","Finland","FIN","2004-2015",12
"SPI.INDEX","France","FRA","2004-2015",12
"SPI.INDEX","French Polynesia","PYF","2004-2023",20
"SPI.INDEX","Gabon","GAB","2004-2015",12
"SPI.INDEX","Gambia, The","GMB","2004-2015",12
"SPI.INDEX","Georgia","GEO","2004-2015",12
"SPI.INDEX","Germany","DEU","2004-2015",12
"SPI.INDEX","Ghana","GHA","2004-2015",12
"SPI.INDEX","Gibraltar","GIB","2004-2023",20
"SPI.INDEX","Greece","GRC","2004-2015",12
"SPI.INDEX","Greenland","GRL","2004-2023",20
"SPI.INDEX","Grenada","GRD","2004-2021",18
"SPI.INDEX","Guam","GUM","2004-2023",20
"SPI.INDEX","Guatemala","GTM","2004-2015",12
"SPI.INDEX","Guinea","GIN","2004-2015",12
"SPI.INDEX","Guinea-Bissau","GNB","2004-2015",12
"SPI.INDEX","Guyana","GUY","2004-2015",12
"SPI.INDEX","Haiti","HTI","2004-2015",12
"SPI.INDEX","Honduras","HND","2004-2015",12
"SPI.INDEX","Hong Kong SAR, China","HKG","2004-2023",20
"SPI.INDEX","Hungary","HUN","2004-2015",12
"SPI.INDEX","Iceland","ISL","2004-2015",12
"SPI.INDEX","India","IND","2004-2015",12
"SPI.INDEX","Indonesia","IDN","2004-2015",12
"SPI.INDEX","Iran, Islamic Rep.","IRN","2004-2015",12
"SPI.INDEX","Iraq","IRQ","2004-2015",12
"SPI.INDEX","Ireland","IRL","2004-2015",12
"SPI.INDEX","Isle of Man","IMN","2004-2023",20
"SPI.INDEX","Israel","ISR","2004-2015",12
"SPI.INDEX","Italy","ITA","2004-2015",12
"SPI.INDEX","Jamaica","JAM","2004-2015",12
"SPI.INDEX","Japan","JPN","2004-2015",12
"SPI.INDEX","Jordan","JOR","2004-2015",12
"SPI.INDEX","Kazakhstan","KAZ","2004-2015",12
"SPI.INDEX","Kenya","KEN","2004-2015",12
"SPI.INDEX","Kiribati","KIR","2004-2015",12
"SPI.INDEX","Korea, Dem. People's Rep.","PRK","2004-2023",20
"SPI.INDEX","Korea, Rep.","KOR","2004-2015",12
"SPI.INDEX","Kosovo","XKX","2004-2023",20
"SPI.INDEX","Kuwait","KWT","2004-2015",12
"SPI.INDEX","Kyrgyz Republic","KGZ","2004-2015",12
"SPI.INDEX","Lao PDR","LAO","2004-2015",12
"SPI.INDEX","Latvia","LVA","2004-2015",12
"SPI.INDEX","Lebanon","LBN","2004-2015",12
"SPI.INDEX","Lesotho","LSO","2004-2015",12
"SPI.INDEX","Liberia","LBR","2004-2015",12
"SPI.INDEX","Libya","LBY","2004-2015",12
"SPI.INDEX","Liechtenstein","LIE","2004-2023",20
"SPI.INDEX","Lithuania","LTU","2004-2015",12
"SPI.INDEX","Luxembourg","LUX","2004-2015",12
"SPI.INDEX","Macao SAR, China","MAC","2004-2023",20
"SPI.INDEX","Madagascar","MDG","2004-2015",12
"SPI.INDEX","Malawi","MWI","2004-2015",12
"SPI.INDEX","Malaysia","MYS","2004-2015",12
"SPI.INDEX","Maldives","MDV","2004-2015",12
"SPI.INDEX","Mali","MLI","2004-2015",12
"SPI.INDEX","Malta","MLT","2004-2015",12
"SPI.INDEX","Marshall Islands","MHL","2004-2015",12
"SPI.INDEX","Mauritania","MRT","2004-2015",12
"SPI.INDEX","Mauritius","MUS","2004-2015",12
"SPI.INDEX","Mexico","MEX","2004-2015",12
"SPI.INDEX","Micronesia, Fed. Sts.","FSM","2004-2015",12
"SPI.INDEX","Moldova","MDA","2004-2015",12
"SPI.INDEX","Monaco","MCO","2004-2023",20
"SPI.INDEX","Mongolia","MNG","2004-2015",12
"SPI.INDEX","Montenegro","MNE","2004-2015",12
"SPI.INDEX","Morocco","MAR","2004-2015",12
"SPI.INDEX","Mozambique","MOZ","2004-2015",12
"SPI.INDEX","Myanmar","MMR","2004-2015",12
"SPI.INDEX","Namibia","NAM","2004-2015",12
"SPI.INDEX","Nauru","NRU","2004-2021",18
"SPI.INDEX","Nepal","NPL","2004-2015",12
"SPI.INDEX","Netherlands","NLD","2004-2015",12
"SPI.INDEX","New Caledonia","NCL","2004-2023",20
"SPI.INDEX","New Zealand","NZL","2004-2015",12
"SPI.INDEX","Nicaragua","NIC","2004-2015",12
"SPI.INDEX","Niger","NER","2004-2015",12
"SPI.INDEX","Nigeria","NGA","2004-2015",12
"SPI.INDEX","North Macedonia","MKD","2004-2015",12
"SPI.INDEX","Northern Mariana Islands","MNP","2004-2023",20
"SPI.INDEX","Norway","NOR","2004-2015",12
"SPI.INDEX","Oman","OMN","2004-2015",12
"SPI.INDEX","Pakistan","PAK","2004-2015",12
"SPI.INDEX","Palau","PLW","2004-2019",16
"SPI.INDEX","Panama","PAN","2004-2015",12
"SPI.INDEX","Papua New Guinea","PNG","2004-2015",12
"SPI.INDEX","Paraguay","PRY","2004-2015",12
"SPI.INDEX","Peru","PER","2004-2015",12
"SPI.INDEX","Philippines","PHL","2004-2015",12
"SPI.INDEX","Poland","POL","2004-2015",12
"SPI.INDEX","Portugal","PRT","2004-2015",12
"SPI.INDEX","Puerto Rico","PRI","2004-2023",20
"SPI.INDEX","Qatar","QAT","2004-2015",12
"SPI.INDEX","Romania","ROU","2004-2016",13
"SPI.INDEX","Russian Federation","RUS","2004-2015",12
"SPI.INDEX","Rwanda","RWA","2004-2015",12
"SPI.INDEX","Samoa","WSM","2004-2015",12
"SPI.INDEX","San Marino","SMR","2004-2023",20
"SPI.INDEX","Sao Tome and Principe","STP","2004-2015",12
"SPI.INDEX","Saudi Arabia","SAU","2004-2015",12
"SPI.INDEX","Senegal","SEN","2004-2015",12
"SPI.INDEX","Serbia","SRB","2004-2015",12
"SPI.INDEX","Seychelles","SYC","2004-2016",13
"SPI.INDEX","Sierra Leone","SLE","2004-2015",12
"SPI.INDEX","Singapore","SGP","2004-2015",12
"SPI.INDEX","Sint Maarten (Dutch part)","SXM","2004-2023",20
"SPI.INDEX","Slovak Republic","SVK","2004-2015",12
"SPI.INDEX","Slovenia","SVN","2004-2015",12
"SPI.INDEX","Solomon Islands","SLB","2004-2015",12
"SPI.INDEX","Somalia","SOM","2004-2016",13
"SPI.INDEX","South Africa","ZAF","2004-2015",12
"SPI.INDEX","South Sudan","SSD","2004-2015",12
"SPI.INDEX","Spain","ESP","2004-2015",12
"SPI.INDEX","Sri Lanka","LKA","2004-2015",12
"SPI.INDEX","St. Kitts and Nevis","KNA","2004-2019",16
"SPI.INDEX","St. Lucia","LCA","2004-2015",12
"SPI.INDEX","St. Martin (French part)","MAF","2004-2023",20
"SPI.INDEX","St. Vincent and the Grenadines","VCT","2004-2015",12
"SPI.INDEX","Sudan","SDN","2004-2015",12
"SPI.INDEX","Suriname","SUR","2004-2015",12
"SPI.INDEX","Sweden","SWE","2004-2015",12
"SPI.INDEX","Switzerland","CHE","2004-2015",12
"SPI.INDEX","Syrian Arab Republic","SYR","2004-2016",13
"SPI.INDEX","Tajikistan","TJK","2004-2015",12
"SPI.INDEX","Tanzania","TZA","2004-2015",12
"SPI.INDEX","Thailand","THA","2004-2015",12
"SPI.INDEX","Timor-Leste","TLS","2004-2016",13
"SPI.INDEX","Togo","TGO","2004-2015",12
"SPI.INDEX","Tonga","TON","2004-2019",16
"SPI.INDEX","Trinidad and Tobago","TTO","2004-2015",12
"SPI.INDEX","Tunisia","TUN","2004-2015",12
"SPI.INDEX","Turkiye","TUR","2004-2015",12
"SPI.INDEX","Turkmenistan","TKM","2004-2015",12
"SPI.INDEX","Turks and Caicos Islands","TCA","2004-2023",20
"SPI.INDEX","Tuvalu","TUV","2004-2021",18
"SPI.INDEX","Uganda","UGA","2004-2015",12
"SPI.INDEX","Ukraine","UKR","2004-2015",12
"SPI.INDEX","United Arab Emirates","ARE","2004-2015",12
"SPI.INDEX","United Kingdom","GBR","2004-2015",12
"SPI.INDEX","United States","USA","2004-2015",12
"SPI.INDEX","Uruguay","URY","2004-2015",12
"SPI.INDEX","Uzbekistan","UZB","2004-2015",12
"SPI.INDEX","Vanuatu","VUT","2004-2015",12
"SPI.INDEX","Venezuela, RB","VEN","2004-2015",12
"SPI.INDEX","Viet Nam","VNM","2004-2015",12
"SPI.INDEX","Virgin Islands (U.S.)","VIR","2004-2023",20
"SPI.INDEX","West Bank and Gaza","PSE","2004-2016",13
"SPI.INDEX","Yemen, Rep.","YEM","2004-2015",12
"SPI.INDEX","Zambia","ZMB","2004-2015",12
"SPI.INDEX","Zimbabwe","ZWE","2004-2015",12
"SPI.INDEX.PIL2","Afghanistan","AFG","2004-2015",12
"SPI.INDEX.PIL2","Albania","ALB","2004-2015",12
"SPI.INDEX.PIL2","Algeria","DZA","2004-2015",12
"SPI.INDEX.PIL2","American Samoa","ASM","2004-2023",20
"SPI.INDEX.PIL2","Andorra","AND","2004-2021",18
"SPI.INDEX.PIL2","Angola","AGO","2004-2015",12
"SPI.INDEX.PIL2","Antigua and Barbuda","ATG","2004-2019",16
"SPI.INDEX.PIL2","Argentina","ARG","2004-2015",12
"SPI.INDEX.PIL2","Armenia","ARM","2004-2015",12
"SPI.INDEX.PIL2","Aruba","ABW","2004-2023",20
"SPI.INDEX.PIL2","Australia","AUS","2004-2015",12
"SPI.INDEX.PIL2","Austria","AUT","2004-2015",12
"SPI.INDEX.PIL2","Azerbaijan","AZE","2004-2015",12
"SPI.INDEX.PIL2","Bahamas, The","BHS","2004-2015",12
"SPI.INDEX.PIL2","Bahrain","BHR","2004-2015",12
"SPI.INDEX.PIL2","Bangladesh","BGD","2004-2015",12
"SPI.INDEX.PIL2","Barbados","BRB","2004-2021",18
"SPI.INDEX.PIL2","Belarus","BLR","2004-2015",12
"SPI.INDEX.PIL2","Belgium","BEL","2004-2015",12
"SPI.INDEX.PIL2","Belize","BLZ","2004-2015",12
"SPI.INDEX.PIL2","Benin","BEN","2004-2015",12
"SPI.INDEX.PIL2","Bermuda","BMU","2004-2023",20
"SPI.INDEX.PIL2","Bhutan","BTN","2004-2015",12
"SPI.INDEX.PIL2","Bolivia","BOL","2004-2015",12
"SPI.INDEX.PIL2","Bosnia and Herzegovina","BIH","2004-2015",12
"SPI.INDEX.PIL2","Botswana","BWA","2004-2015",12
"SPI.INDEX.PIL2","Brazil","BRA","2004-2015",12
"SPI.INDEX.PIL2","British Virgin Islands","VGB","2004-2023",20
"SPI.INDEX.PIL2","Brunei Darussalam","BRN","2004-2019",16
"SPI.INDEX.PIL2","Bulgaria","BGR","2004-2015",12
"SPI.INDEX.PIL2","Burkina Faso","BFA","2004-2015",12
"SPI.INDEX.PIL2","Burundi","BDI","2004-2015",12
"SPI.INDEX.PIL2","Cabo Verde","CPV","2004-2015",12
"SPI.INDEX.PIL2","Cambodia","KHM","2004-2015",12
"SPI.INDEX.PIL2","Cameroon","CMR","2004-2015",12
"SPI.INDEX.PIL2","Canada","CAN","2004-2015",12
"SPI.INDEX.PIL2","Cayman Islands","CYM","2004-2023",20
"SPI.INDEX.PIL2","Central African Republic","CAF","2004-2021",18
"SPI.INDEX.PIL2","Chad","TCD","2004-2015",12
"SPI.INDEX.PIL2","Channel Islands","CHI","2004-2023",20
"SPI.INDEX.PIL2","Chile","CHL","2004-2015",12
"SPI.INDEX.PIL2","China","CHN","2004-2015",12
"SPI.INDEX.PIL2","Colombia","COL","2004-2015",12
"SPI.INDEX.PIL2","Comoros","COM","2004-2023",20
"SPI.INDEX.PIL2","Congo, Dem. Rep.","COD","2004-2016",13
"SPI.INDEX.PIL2","Congo, Rep.","COG","2004-2015",12
"SPI.INDEX.PIL2","Costa Rica","CRI","2004-2015",12
"SPI.INDEX.PIL2","Cote d'Ivoire","CIV","2004-2015",12
"SPI.INDEX.PIL2","Croatia","HRV","2004-2015",12
"SPI.INDEX.PIL2","Cuba","CUB","2004-2023",20
"SPI.INDEX.PIL2","Curacao","CUW","2004-2023",20
"SPI.INDEX.PIL2","Cyprus","CYP","2004-2015",12
"SPI.INDEX.PIL2","Czechia","CZE","2004-2015",12
"SPI.INDEX.PIL2","Denmark","DNK","2004-2015",12
"SPI.INDEX.PIL2","Djibouti","DJI","2004-2015",12
"SPI.INDEX.PIL2","Dominica","DMA","2004-2019",16
"SPI.INDEX.PIL2","Dominican Republic","DOM","2004-2015",12
"SPI.INDEX.PIL2","Ecuador","ECU","2004-2015",12
"SPI.INDEX.PIL2","Egypt, Arab Rep.","EGY","2004-2015",12
"SPI.INDEX.PIL2","El Salvador","SLV","2004-2015",12
"SPI.INDEX.PIL2","Equatorial Guinea","GNQ","2004-2019",16
"SPI.INDEX.PIL2","Eritrea","ERI","2004-2023",20
"SPI.INDEX.PIL2","Estonia","EST","2004-2015",12
"SPI.INDEX.PIL2","Eswatini","SWZ","2004-2015",12
"SPI.INDEX.PIL2","Ethiopia","ETH","2004-2015",12
"SPI.INDEX.PIL2","Faroe Islands","FRO","2004-2023",20
"SPI.INDEX.PIL2","Fiji","FJI","2004-2015",12
"SPI.INDEX.PIL2","Finland","FIN","2004-2015",12
"SPI.INDEX.PIL2","France","FRA","2004-2015",12
"SPI.INDEX.PIL2","French Polynesia","PYF","2004-2023",20
"SPI.INDEX.PIL2","Gabon","GAB","2004-2015",12
"SPI.INDEX.PIL2","Gambia, The","GMB","2004-2015",12
"SPI.INDEX.PIL2","Georgia","GEO","2004-2015",12
"SPI.INDEX.PIL2","Germany","DEU","2004-2015",12
"SPI.INDEX.PIL2","Ghana","GHA","2004-2015",12
"SPI.INDEX.PIL2","Gibraltar","GIB","2004-2023",20
"SPI.INDEX.PIL2","Greece","GRC","2004-2015",12
"SPI.INDEX.PIL2","Greenland","GRL","2004-2023",20
"SPI.INDEX.PIL2","Grenada","GRD","2004-2021",18
"SPI.INDEX.PIL2","Guam","GUM","2004-2023",20
"SPI.INDEX.PIL2","Guatemala","GTM","2004-2015",12
"SPI.INDEX.PIL2","Guinea","GIN","2004-2015",12
"SPI.INDEX.PIL2","Guinea-Bissau","GNB","2004-2015",12
"SPI.INDEX.PIL2","Guyana","GUY","2004-2015",12
"SPI.INDEX.PIL2","Haiti","HTI","2004-2015",12
"SPI.INDEX.PIL2","Honduras","HND","2004-2015",12
"SPI.INDEX.PIL2","Hong Kong SAR, China","HKG","2004-2023",20
"SPI.INDEX.PIL2","Hungary","HUN","2004-2015",12
"SPI.INDEX.PIL2","Iceland","ISL","2004-2015",12
"SPI.INDEX.PIL2","India","IND","2004-2015",12
"SPI.INDEX.PIL2","Indonesia","IDN","2004-2015",12
"SPI.INDEX.PIL2","Iran, Islamic Rep.","IRN","2004-2015",12
"SPI.INDEX.PIL2","Iraq","IRQ","2004-2015",12
"SPI.INDEX.PIL2","Ireland","IRL","2004-2015",12
"SPI.INDEX.PIL2","Isle of Man","IMN","2004-2023",20
"SPI.INDEX.PIL2","Israel","ISR","2004-2015",12
"SPI.INDEX.PIL2","Italy","ITA","2004-2015",12
"SPI.INDEX.PIL2","Jamaica","JAM","2004-2015",12
"SPI.INDEX.PIL2","Japan","JPN","2004-2015",12
"SPI.INDEX.PIL2","Jordan","JOR","2004-2015",12
"SPI.INDEX.PIL2","Kazakhstan","KAZ","2004-2015",12
"SPI.INDEX.PIL2","Kenya","KEN","2004-2015",12
"SPI.INDEX.PIL2","Kiribati","KIR","2004-2015",12
"SPI.INDEX.PIL2","Korea, Dem. People's Rep.","PRK","2004-2023",20
"SPI.INDEX.PIL2","Korea, Rep.","KOR","2004-2015",12
"SPI.INDEX.PIL2","Kosovo","XKX","2004-2016",13
"SPI.INDEX.PIL2","Kuwait","KWT","2004-2015",12
"SPI.INDEX.PIL2","Kyrgyz Republic","KGZ","2004-2015",12
"SPI.INDEX.PIL2","Lao PDR","LAO","2004-2015",12
"SPI.INDEX.PIL2","Latvia","LVA","2004-2015",12
"SPI.INDEX.PIL2","Lebanon","LBN","2004-2015",12
"SPI.INDEX.PIL2","Lesotho","LSO","2004-2015",12
"SPI.INDEX.PIL2","Liberia","LBR","2004-2015",12
"SPI.INDEX.PIL2","Libya","LBY","2004-2015",12
"SPI.INDEX.PIL2","Liechtenstein","LIE","2004-2023",20
"SPI.INDEX.PIL2","Lithuania","LTU","2004-2015",12
"SPI.INDEX.PIL2","Luxembourg","LUX","2004-2015",12
"SPI.INDEX.PIL2","Macao SAR, China","MAC","2004-2023",20
"SPI.INDEX.PIL2","Madagascar","MDG","2004-2015",12
"SPI.INDEX.PIL2","Malawi","MWI","2004-2015",12
"SPI.INDEX.PIL2","Malaysia","MYS","2004-2015",12
"SPI.INDEX.PIL2","Maldives","MDV","2004-2015",12
"SPI.INDEX.PIL2","Mali","MLI","2004-2015",12
"SPI.INDEX.PIL2","Malta","MLT","2004-2015",12
"SPI.INDEX.PIL2","Marshall Islands","MHL","2004-2015",12
"SPI.INDEX.PIL2","Mauritania","MRT","2004-2015",12
"SPI.INDEX.PIL2","Mauritius","MUS","2004-2015",12
"SPI.INDEX.PIL2","Mexico","MEX","2004-2015",12
"SPI.INDEX.PIL2","Micronesia, Fed. Sts.","FSM","2004-2015",12
"SPI.INDEX.PIL2","Moldova","MDA","2004-2015",12
"SPI.INDEX.PIL2","Monaco","MCO","2004-2023",20
"SPI.INDEX.PIL2","Mongolia","MNG","2004-2015",12
"SPI.INDEX.PIL2","Montenegro","MNE","2004-2015",12
"SPI.INDEX.PIL2","Morocco","MAR","2004-2015",12
"SPI.INDEX.PIL2","Mozambique","MOZ","2004-2015",12
"SPI.INDEX.PIL2","Myanmar","MMR","2004-2015",12
"SPI.INDEX.PIL2","Namibia","NAM","2004-2015",12
"SPI.INDEX.PIL2","Nauru","NRU","2004-2021",18
"SPI.INDEX.PIL2","Nepal","NPL","2004-2015",12
"SPI.INDEX.PIL2","Netherlands","NLD","2004-2015",12
"SPI.INDEX.PIL2","New Caledonia","NCL","2004-2023",20
"SPI.INDEX.PIL2","New Zealand","NZL","2004-2015",12
"SPI.INDEX.PIL2","Nicaragua","NIC","2004-2015",12
"SPI.INDEX.PIL2","Niger","NER","2004-2015",12
"SPI.INDEX.PIL2","Nigeria","NGA","2004-2015",12
"SPI.INDEX.PIL2","North Macedonia","MKD","2004-2015",12
"SPI.INDEX.PIL2","Northern Mariana Islands","MNP","2004-2023",20
"SPI.INDEX.PIL2","Norway","NOR","2004-2015",12
"SPI.INDEX.PIL2","Oman","OMN","2004-2015",12
"SPI.INDEX.PIL2","Pakistan","PAK","2004-2015",12
"SPI.INDEX.PIL2","Palau","PLW","2004-2019",16
"SPI.INDEX.PIL2","Panama","PAN","2004-2015",12
"SPI.INDEX.PIL2","Papua New Guinea","PNG","2004-2015",12
"SPI.INDEX.PIL2","Paraguay","PRY","2004-2015",12
"SPI.INDEX.PIL2","Peru","PER","2004-2015",12
"SPI.INDEX.PIL2","Philippines","PHL","2004-2015",12
"SPI.INDEX.PIL2","Poland","POL","2004-2015",12
"SPI.INDEX.PIL2","Portugal","PRT","2004-2015",12
"SPI.INDEX.PIL2","Puerto Rico","PRI","2004-2023",20
"SPI.INDEX.PIL2","Qatar","QAT","2004-2015",12
"SPI.INDEX.PIL2","Romania","ROU","2004-2016",13
"SPI.INDEX.PIL2","Russian Federation","RUS","2004-2015",12
"SPI.INDEX.PIL2","Rwanda","RWA","2004-2015",12
"SPI.INDEX.PIL2","Samoa","WSM","2004-2015",12
"SPI.INDEX.PIL2","San Marino","SMR","2004-2019",16
"SPI.INDEX.PIL2","Sao Tome and Principe","STP","2004-2015",12
"SPI.INDEX.PIL2","Saudi Arabia","SAU","2004-2015",12
"SPI.INDEX.PIL2","Senegal","SEN","2004-2015",12
"SPI.INDEX.PIL2","Serbia","SRB","2004-2015",12
"SPI.INDEX.PIL2","Seychelles","SYC","2004-2016",13
"SPI.INDEX.PIL2","Sierra Leone","SLE","2004-2015",12
"SPI.INDEX.PIL2","Singapore","SGP","2004-2015",12
"SPI.INDEX.PIL2","Sint Maarten (Dutch part)","SXM","2004-2023",20
"SPI.INDEX.PIL2","Slovak Republic","SVK","2004-2015",12
"SPI.INDEX.PIL2","Slovenia","SVN","2004-2015",12
"SPI.INDEX.PIL2","Solomon Islands","SLB","2004-2015",12
"SPI.INDEX.PIL2","Somalia","SOM","2004-2016",13
"SPI.INDEX.PIL2","South Africa","ZAF","2004-2015",12
"SPI.INDEX.PIL2","South Sudan","SSD","2004-2015",12
"SPI.INDEX.PIL2","Spain","ESP","2004-2015",12
"SPI.INDEX.PIL2","Sri Lanka","LKA","2004-2015",12
"SPI.INDEX.PIL2","St. Kitts and Nevis","KNA","2004-2019",16
"SPI.INDEX.PIL2","St. Lucia","LCA","2004-2015",12
"SPI.INDEX.PIL2","St. Martin (French part)","MAF","2004-2023",20
"SPI.INDEX.PIL2","St. Vincent and the Grenadines","VCT","2004-2015",12
"SPI.INDEX.PIL2","Sudan","SDN","2004-2015",12
"SPI.INDEX.PIL2","Suriname","SUR","2004-2015",12
"SPI.INDEX.PIL2","Sweden","SWE","2004-2015",12
"SPI.INDEX.PIL2","Switzerland","CHE","2004-2015",12
"SPI.INDEX.PIL2","Syrian Arab Republic","SYR","2004-2016",13
"SPI.INDEX.PIL2","Tajikistan","TJK","2004-2015",12
"SPI.INDEX.PIL2","Tanzania","TZA","2004-2015",12
"SPI.INDEX.PIL2","Thailand","THA","2004-2015",12
"SPI.INDEX.PIL2","Timor-Leste","TLS","2004-2016",13
"SPI.INDEX.PIL2","Togo","TGO","2004-2015",12
"SPI.INDEX.PIL2","Tonga","TON","2004-2019",16
"SPI.INDEX.PIL2","Trinidad and Tobago","TTO","2004-2015",12
"SPI.INDEX.PIL2","Tunisia","TUN","2004-2015",12
"SPI.INDEX.PIL2","Turkiye","TUR","2004-2015",12
"SPI.INDEX.PIL2","Turkmenistan","TKM","2004-2015",12
"SPI.INDEX.PIL2","Turks and Caicos Islands","TCA","2004-2023",20
"SPI.INDEX.PIL2","Tuvalu","TUV","2004-2021",18
"SPI.INDEX.PIL2","Uganda","UGA","2004-2015",12
"SPI.INDEX.PIL2","Ukraine","UKR","2004-2015",12
"SPI.INDEX.PIL2","United Arab Emirates","ARE","2004-2015",12
"SPI.INDEX.PIL2","United Kingdom","GBR","2004-2015",12
"SPI.INDEX.PIL2","United States","USA","2004-2015",12
"SPI.INDEX.PIL2","Uruguay","URY","2004-2015",12
"SPI.INDEX.PIL2","Uzbekistan","UZB","2004-2015",12
"SPI.INDEX.PIL2","Vanuatu","VUT","2004-2015",12
"SPI.INDEX.PIL2","Venezuela, RB","VEN","2004-2015",12
"SPI.INDEX.PIL2","Viet Nam","VNM","2004-2015",12
"SPI.INDEX.PIL2","Virgin Islands (U.S.)","VIR","2004-2023",20
"SPI.INDEX.PIL2","West Bank and Gaza","PSE","2004-2016",13
"SPI.INDEX.PIL2","Yemen, Rep.","YEM","2004-2015",12
"SPI.INDEX.PIL2","Zambia","ZMB","2004-2015",12
"SPI.INDEX.PIL2","Zimbabwe","ZWE","2004-2015",12
"SPI.INDEX.PIL3","Afghanistan","AFG","2004",1
"SPI.INDEX.PIL3","Albania","ALB","2004",1
"SPI.INDEX.PIL3","Algeria","DZA","2004",1
"SPI.INDEX.PIL3","American Samoa","ASM","2004",1
"SPI.INDEX.PIL3","Andorra","AND","2004",1
"SPI.INDEX.PIL3","Angola","AGO","2004",1
"SPI.INDEX.PIL3","Antigua and Barbuda","ATG","2004",1
"SPI.INDEX.PIL3","Argentina","ARG","2004",1
"SPI.INDEX.PIL3","Armenia","ARM","2004",1
"SPI.INDEX.PIL3","Aruba","ABW","2004",1
"SPI.INDEX.PIL3","Australia","AUS","2004",1
"SPI.INDEX.PIL3","Austria","AUT","2004",1
"SPI.INDEX.PIL3","Azerbaijan","AZE","2004",1
"SPI.INDEX.PIL3","Bahamas, The","BHS","2004",1
"SPI.INDEX.PIL3","Bahrain","BHR","2004",1
"SPI.INDEX.PIL3","Bangladesh","BGD","2004",1
"SPI.INDEX.PIL3","Barbados","BRB","2004",1
"SPI.INDEX.PIL3","Belarus","BLR","2004",1
"SPI.INDEX.PIL3","Belgium","BEL","2004",1
"SPI.INDEX.PIL3","Belize","BLZ","2004",1
"SPI.INDEX.PIL3","Benin","BEN","2004",1
"SPI.INDEX.PIL3","Bermuda","BMU","2004",1
"SPI.INDEX.PIL3","Bhutan","BTN","2004",1
"SPI.INDEX.PIL3","Bolivia","BOL","2004",1
"SPI.INDEX.PIL3","Bosnia and Herzegovina","BIH","2004",1
"SPI.INDEX.PIL3","Botswana","BWA","2004",1
"SPI.INDEX.PIL3","Brazil","BRA","2004",1
"SPI.INDEX.PIL3","British Virgin Islands","VGB","2004",1
"SPI.INDEX.PIL3","Brunei Darussalam","BRN","2004",1
"SPI.INDEX.PIL3","Bulgaria","BGR","2004",1
"SPI.INDEX.PIL3","Burkina Faso","BFA","2004",1
"SPI.INDEX.PIL3","Burundi","BDI","2004",1
"SPI.INDEX.PIL3","Cabo Verde","CPV","2004",1
"SPI.INDEX.PIL3","Cambodia","KHM","2004",1
"SPI.INDEX.PIL3","Cameroon","CMR","2004",1
"SPI.INDEX.PIL3","Canada","CAN","2004",1
"SPI.INDEX.PIL3","Cayman Islands","CYM","2004",1
"SPI.INDEX.PIL3","Central African Republic","CAF","2004",1
"SPI.INDEX.PIL3","Chad","TCD","2004",1
"SPI.INDEX.PIL3","Channel Islands","CHI","2004-2023",20
"SPI.INDEX.PIL3","Chile","CHL","2004",1
"SPI.INDEX.PIL3","China","CHN","2004",1
"SPI.INDEX.PIL3","Colombia","COL","2004",1
"SPI.INDEX.PIL3","Comoros","COM","2004",1
"SPI.INDEX.PIL3","Congo, Dem. Rep.","COD","2004",1
"SPI.INDEX.PIL3","Congo, Rep.","COG","2004",1
"SPI.INDEX.PIL3","Costa Rica","CRI","2004",1
"SPI.INDEX.PIL3","Cote d'Ivoire","CIV","2004",1
"SPI.INDEX.PIL3","Croatia","HRV","2004",1
"SPI.INDEX.PIL3","Cuba","CUB","2004",1
"SPI.INDEX.PIL3","Curacao","CUW","2004",1
"SPI.INDEX.PIL3","Cyprus","CYP","2004",1
"SPI.INDEX.PIL3","Czechia","CZE","2004",1
"SPI.INDEX.PIL3","Denmark","DNK","2004",1
"SPI.INDEX.PIL3","Djibouti","DJI","2004",1
"SPI.INDEX.PIL3","Dominica","DMA","2004",1
"SPI.INDEX.PIL3","Dominican Republic","DOM","2004",1
"SPI.INDEX.PIL3","Ecuador","ECU","2004",1
"SPI.INDEX.PIL3","Egypt, Arab Rep.","EGY","2004",1
"SPI.INDEX.PIL3","El Salvador","SLV","2004",1
"SPI.INDEX.PIL3","Equatorial Guinea","GNQ","2004",1
"SPI.INDEX.PIL3","Eritrea","ERI","2004",1
"SPI.INDEX.PIL3","Estonia","EST","2004",1
"SPI.INDEX.PIL3","Eswatini","SWZ","2004",1
"SPI.INDEX.PIL3","Ethiopia","ETH","2004",1
"SPI.INDEX.PIL3","Faroe Islands","FRO","2004",1
"SPI.INDEX.PIL3","Fiji","FJI","2004",1
"SPI.INDEX.PIL3","Finland","FIN","2004",1
"SPI.INDEX.PIL3","France","FRA","2004",1
"SPI.INDEX.PIL3","French Polynesia","PYF","2004",1
"SPI.INDEX.PIL3","Gabon","GAB","2004",1
"SPI.INDEX.PIL3","Gambia, The","GMB","2004",1
"SPI.INDEX.PIL3","Georgia","GEO","2004",1
"SPI.INDEX.PIL3","Germany","DEU","2004",1
"SPI.INDEX.PIL3","Ghana","GHA","2004",1
"SPI.INDEX.PIL3","Gibraltar","GIB","2004",1
"SPI.INDEX.PIL3","Greece","GRC","2004",1
"SPI.INDEX.PIL3","Greenland","GRL","2004",1
"SPI.INDEX.PIL3","Grenada","GRD","2004",1
"SPI.INDEX.PIL3","Guam","GUM","2004",1
"SPI.INDEX.PIL3","Guatemala","GTM","2004",1
"SPI.INDEX.PIL3","Guinea","GIN","2004",1
"SPI.INDEX.PIL3","Guinea-Bissau","GNB","2004",1
"SPI.INDEX.PIL3","Guyana","GUY","2004",1
"SPI.INDEX.PIL3","Haiti","HTI","2004",1
"SPI.INDEX.PIL3","Honduras","HND","2004",1
"SPI.INDEX.PIL3","Hong Kong SAR, China","HKG","2004",1
"SPI.INDEX.PIL3","Hungary","HUN","2004",1
"SPI.INDEX.PIL3","Iceland","ISL","2004",1
"SPI.INDEX.PIL3","India","IND","2004",1
"SPI.INDEX.PIL3","Indonesia","IDN","2004",1
"SPI.INDEX.PIL3","Iran, Islamic Rep.","IRN","2004",1
"SPI.INDEX.PIL3","Iraq","IRQ","2004",1
"SPI.INDEX.PIL3","Ireland","IRL","2004",1
"SPI.INDEX.PIL3","Isle of Man","IMN","2004",1
"SPI.INDEX.PIL3","Israel","ISR","2004",1
"SPI.INDEX.PIL3","Italy","ITA","2004",1
"SPI.INDEX.PIL3","Jamaica","JAM","2004",1
"SPI.INDEX.PIL3","Japan","JPN","2004",1
"SPI.INDEX.PIL3","Jordan","JOR","2004",1
"SPI.INDEX.PIL3","Kazakhstan","KAZ","2004",1
"SPI.INDEX.PIL3","Kenya","KEN","2004",1
"SPI.INDEX.PIL3","Kiribati","KIR","2004",1
"SPI.INDEX.PIL3","Korea, Dem. People's Rep.","PRK","2004",1
"SPI.INDEX.PIL3","Korea, Rep.","KOR","2004",1
"SPI.INDEX.PIL3","Kosovo","XKX","2004-2023",20
"SPI.INDEX.PIL3","Kuwait","KWT","2004",1
"SPI.INDEX.PIL3","Kyrgyz Republic","KGZ","2004",1
"SPI.INDEX.PIL3","Lao PDR","LAO","2004",1
"SPI.INDEX.PIL3","Latvia","LVA","2004",1
"SPI.INDEX.PIL3","Lebanon","LBN","2004",1
"SPI.INDEX.PIL3","Lesotho","LSO","2004",1
"SPI.INDEX.PIL3","Liberia","LBR","2004",1
"SPI.INDEX.PIL3","Libya","LBY","2004",1
"SPI.INDEX.PIL3","Liechtenstein","LIE","2004",1
"SPI.INDEX.PIL3","Lithuania","LTU","2004",1
"SPI.INDEX.PIL3","Luxembourg","LUX","2004",1
"SPI.INDEX.PIL3","Macao SAR, China","MAC","2004",1
"SPI.INDEX.PIL3","Madagascar","MDG","2004",1
"SPI.INDEX.PIL3","Malawi","MWI","2004",1
"SPI.INDEX.PIL3","Malaysia","MYS","2004",1
"SPI.INDEX.PIL3","Maldives","MDV","2004",1
"SPI.INDEX.PIL3","Mali","MLI","2004",1
"SPI.INDEX.PIL3","Malta","MLT","2004",1
"SPI.INDEX.PIL3","Marshall Islands","MHL","2004",1
"SPI.INDEX.PIL3","Mauritania","MRT","2004",1
"SPI.INDEX.PIL3","Mauritius","MUS","2004",1
"SPI.INDEX.PIL3","Mexico","MEX","2004",1
"SPI.INDEX.PIL3","Micronesia, Fed. Sts.","FSM","2004",1
"SPI.INDEX.PIL3","Moldova","MDA","2004",1
"SPI.INDEX.PIL3","Monaco","MCO","2004",1
"SPI.INDEX.PIL3","Mongolia","MNG","2004",1
"SPI.INDEX.PIL3","Montenegro","MNE","2004",1
"SPI.INDEX.PIL3","Morocco","MAR","2004",1
"SPI.INDEX.PIL3","Mozambique","MOZ","2004",1
"SPI.INDEX.PIL3","Myanmar","MMR","2004",1
"SPI.INDEX.PIL3","Namibia","NAM","2004",1
"SPI.INDEX.PIL3","Nauru","NRU","2004",1
"SPI.INDEX.PIL3","Nepal","NPL","2004",1
"SPI.INDEX.PIL3","Netherlands","NLD","2004",1
"SPI.INDEX.PIL3","New Caledonia","NCL","2004",1
"SPI.INDEX.PIL3","New Zealand","NZL","2004",1
"SPI.INDEX.PIL3","Nicaragua","NIC","2004",1
"SPI.INDEX.PIL3","Niger","NER","2004",1
"SPI.INDEX.PIL3","Nigeria","NGA","2004",1
"SPI.INDEX.PIL3","North Macedonia","MKD","2004",1
"SPI.INDEX.PIL3","Northern Mariana Islands","MNP","2004",1
"SPI.INDEX.PIL3","Norway","NOR","2004",1
"SPI.INDEX.PIL3","Oman","OMN","2004",1
"SPI.INDEX.PIL3","Pakistan","PAK","2004",1
"SPI.INDEX.PIL3","Palau","PLW","2004",1
"SPI.INDEX.PIL3","Panama","PAN","2004",1
"SPI.INDEX.PIL3","Papua New Guinea","PNG","2004",1
"SPI.INDEX.PIL3","Paraguay","PRY","2004",1
"SPI.INDEX.PIL3","Peru","PER","2004",1
"SPI.INDEX.PIL3","Philippines","PHL","2004",1
"SPI.INDEX.PIL3","Poland","POL","2004",1
"SPI.INDEX.PIL3","Portugal","PRT","2004",1
"SPI.INDEX.PIL3","Puerto Rico","PRI","2004",1
"SPI.INDEX.PIL3","Qatar","QAT","2004",1
"SPI.INDEX.PIL3","Romania","ROU","2004",1
"SPI.INDEX.PIL3","Russian Federation","RUS","2004",1
"SPI.INDEX.PIL3","Rwanda","RWA","2004",1
"SPI.INDEX.PIL3","Samoa","WSM","2004",1
"SPI.INDEX.PIL3","San Marino","SMR","2004",1
"SPI.INDEX.PIL3","Sao Tome and Principe","STP","2004",1
"SPI.INDEX.PIL3","Saudi Arabia","SAU","2004",1
"SPI.INDEX.PIL3","Senegal","SEN","2004",1
"SPI.INDEX.PIL3","Serbia","SRB","2004",1
"SPI.INDEX.PIL3","Seychelles","SYC","2004",1
"SPI.INDEX.PIL3","Sierra Leone","SLE","2004",1
"SPI.INDEX.PIL3","Singapore","SGP","2004",1
"SPI.INDEX.PIL3","Sint Maarten (Dutch part)","SXM","2004",1
"SPI.INDEX.PIL3","Slovak Republic","SVK","2004",1
"SPI.INDEX.PIL3","Slovenia","SVN","2004",1
"SPI.INDEX.PIL3","Solomon Islands","SLB","2004",1
"SPI.INDEX.PIL3","Somalia","SOM","2004",1
"SPI.INDEX.PIL3","South Africa","ZAF","2004",1
"SPI.INDEX.PIL3","South Sudan","SSD","2004",1
"SPI.INDEX.PIL3","Spain","ESP","2004",1
"SPI.INDEX.PIL3","Sri Lanka","LKA","2004",1
"SPI.INDEX.PIL3","St. Kitts and Nevis","KNA","2004",1
"SPI.INDEX.PIL3","St. Lucia","LCA","2004",1
"SPI.INDEX.PIL3","St. Martin (French part)","MAF","2004",1
"SPI.INDEX.PIL3","St. Vincent and the Grenadines","VCT","2004",1
"SPI.INDEX.PIL3","Sudan","SDN","2004",1
"SPI.INDEX.PIL3","Suriname","SUR","2004",1
"SPI.INDEX.PIL3","Sweden","SWE","2004",1
"SPI.INDEX.PIL3","Switzerland","CHE","2004",1
"SPI.INDEX.PIL3","Syrian Arab Republic","SYR","2004",1
"SPI.INDEX.PIL3","Tajikistan","TJK","2004",1
"SPI.INDEX.PIL3","Tanzania","TZA","2004",1
"SPI.INDEX.PIL3","Thailand","THA","2004",1
"SPI.INDEX.PIL3","Timor-Leste","TLS","2004",1
"SPI.INDEX.PIL3","Togo","TGO","2004",1
"SPI.INDEX.PIL3","Tonga","TON","2004",1
"SPI.INDEX.PIL3","Trinidad and Tobago","TTO","2004",1
"SPI.INDEX.PIL3","Tunisia","TUN","2004",1
"SPI.INDEX.PIL3","Turkiye","TUR","2004",1
"SPI.INDEX.PIL3","Turkmenistan","TKM","2004",1
"SPI.INDEX.PIL3","Turks and Caicos Islands","TCA","2004",1
"SPI.INDEX.PIL3","Tuvalu","TUV","2004",1
"SPI.INDEX.PIL3","Uganda","UGA","2004",1
"SPI.INDEX.PIL3","Ukraine","UKR","2004",1
"SPI.INDEX.PIL3","United Arab Emirates","ARE","2004",1
"SPI.INDEX.PIL3","United Kingdom","GBR","2004",1
"SPI.INDEX.PIL3","United States","USA","2004",1
"SPI.INDEX.PIL3","Uruguay","URY","2004",1
"SPI.INDEX.PIL3","Uzbekistan","UZB","2004",1
"SPI.INDEX.PIL3","Vanuatu","VUT","2004",1
"SPI.INDEX.PIL3","Venezuela, RB","VEN","2004",1
"SPI.INDEX.PIL3","Viet Nam","VNM","2004",1
"SPI.INDEX.PIL3","Virgin Islands (U.S.)","VIR","2004",1
"SPI.INDEX.PIL3","West Bank and Gaza","PSE","2004",1
"SPI.INDEX.PIL3","Yemen, Rep.","YEM","2004",1
"SPI.INDEX.PIL3","Zambia","ZMB","2004",1
"SPI.INDEX.PIL3","Zimbabwe","ZWE","2004",1
"SPI.INDEX.PIL4","Afghanistan","AFG","2004-2014",11
"SPI.INDEX.PIL4","Albania","ALB","2004-2014",11
"SPI.INDEX.PIL4","Algeria","DZA","2004-2014",11
"SPI.INDEX.PIL4","American Samoa","ASM","2004-2023",20
"SPI.INDEX.PIL4","Andorra","AND","2004-2021",18
"SPI.INDEX.PIL4","Angola","AGO","2004-2014",11
"SPI.INDEX.PIL4","Antigua and Barbuda","ATG","2004-2019",16
"SPI.INDEX.PIL4","Argentina","ARG","2004-2014",11
"SPI.INDEX.PIL4","Armenia","ARM","2004-2014",11
"SPI.INDEX.PIL4","Aruba","ABW","2004-2023",20
"SPI.INDEX.PIL4","Australia","AUS","2004-2015",12
"SPI.INDEX.PIL4","Austria","AUT","2004-2015",12
"SPI.INDEX.PIL4","Azerbaijan","AZE","2004-2014",11
"SPI.INDEX.PIL4","Bahamas, The","BHS","2004-2015",12
"SPI.INDEX.PIL4","Bahrain","BHR","2004-2015",12
"SPI.INDEX.PIL4","Bangladesh","BGD","2004-2014",11
"SPI.INDEX.PIL4","Barbados","BRB","2004-2021",18
"SPI.INDEX.PIL4","Belarus","BLR","2004-2014",11
"SPI.INDEX.PIL4","Belgium","BEL","2004-2015",12
"SPI.INDEX.PIL4","Belize","BLZ","2004-2014",11
"SPI.INDEX.PIL4","Benin","BEN","2004-2014",11
"SPI.INDEX.PIL4","Bermuda","BMU","2004-2023",20
"SPI.INDEX.PIL4","Bhutan","BTN","2004-2014",11
"SPI.INDEX.PIL4","Bolivia","BOL","2004-2014",11
"SPI.INDEX.PIL4","Bosnia and Herzegovina","BIH","2004-2014",11
"SPI.INDEX.PIL4","Botswana","BWA","2004-2014",11
"SPI.INDEX.PIL4","Brazil","BRA","2004-2014",11
"SPI.INDEX.PIL4","British Virgin Islands","VGB","2004-2023",20
"SPI.INDEX.PIL4","Brunei Darussalam","BRN","2004-2019",16
"SPI.INDEX.PIL4","Bulgaria","BGR","2004-2014",11
"SPI.INDEX.PIL4","Burkina Faso","BFA","2004-2014",11
"SPI.INDEX.PIL4","Burundi","BDI","2004-2014",11
"SPI.INDEX.PIL4","Cabo Verde","CPV","2004-2014",11
"SPI.INDEX.PIL4","Cambodia","KHM","2004-2014",11
"SPI.INDEX.PIL4","Cameroon","CMR","2004-2014",11
"SPI.INDEX.PIL4","Canada","CAN","2004-2015",12
"SPI.INDEX.PIL4","Cayman Islands","CYM","2004-2023",20
"SPI.INDEX.PIL4","Central African Republic","CAF","2004-2021",18
"SPI.INDEX.PIL4","Chad","TCD","2004-2014",11
"SPI.INDEX.PIL4","Channel Islands","CHI","2004-2023",20
"SPI.INDEX.PIL4","Chile","CHL","2004-2014",11
"SPI.INDEX.PIL4","China","CHN","2004-2014",11
"SPI.INDEX.PIL4","Colombia","COL","2004-2014",11
"SPI.INDEX.PIL4","Comoros","COM","2004-2023",20
"SPI.INDEX.PIL4","Congo, Dem. Rep.","COD","2004-2014",11
"SPI.INDEX.PIL4","Congo, Rep.","COG","2004-2014",11
"SPI.INDEX.PIL4","Costa Rica","CRI","2004-2015",12
"SPI.INDEX.PIL4","Cote d'Ivoire","CIV","2004-2014",11
"SPI.INDEX.PIL4","Croatia","HRV","2004-2015",12
"SPI.INDEX.PIL4","Cuba","CUB","2004-2023",20
"SPI.INDEX.PIL4","Curacao","CUW","2004-2023",20
"SPI.INDEX.PIL4","Cyprus","CYP","2004-2015",12
"SPI.INDEX.PIL4","Czechia","CZE","2004-2015",12
"SPI.INDEX.PIL4","Denmark","DNK","2004-2015",12
"SPI.INDEX.PIL4","Djibouti","DJI","2004-2014",11
"SPI.INDEX.PIL4","Dominica","DMA","2004-2019",16
"SPI.INDEX.PIL4","Dominican Republic","DOM","2004-2014",11
"SPI.INDEX.PIL4","Ecuador","ECU","2004-2014",11
"SPI.INDEX.PIL4","Egypt, Arab Rep.","EGY","2004-2014",11
"SPI.INDEX.PIL4","El Salvador","SLV","2004-2014",11
"SPI.INDEX.PIL4","Equatorial Guinea","GNQ","2004-2019",16
"SPI.INDEX.PIL4","Eritrea","ERI","2004-2023",20
"SPI.INDEX.PIL4","Estonia","EST","2004-2015",12
"SPI.INDEX.PIL4","Eswatini","SWZ","2004-2014",11
"SPI.INDEX.PIL4","Ethiopia","ETH","2004-2014",11
"SPI.INDEX.PIL4","Faroe Islands","FRO","2004-2023",20
"SPI.INDEX.PIL4","Fiji","FJI","2004-2014",11
"SPI.INDEX.PIL4","Finland","FIN","2004-2015",12
"SPI.INDEX.PIL4","France","FRA","2004-2015",12
"SPI.INDEX.PIL4","French Polynesia","PYF","2004-2023",20
"SPI.INDEX.PIL4","Gabon","GAB","2004-2014",11
"SPI.INDEX.PIL4","Gambia, The","GMB","2004-2014",11
"SPI.INDEX.PIL4","Georgia","GEO","2004-2014",11
"SPI.INDEX.PIL4","Germany","DEU","2004-2015",12
"SPI.INDEX.PIL4","Ghana","GHA","2004-2014",11
"SPI.INDEX.PIL4","Gibraltar","GIB","2004-2023",20
"SPI.INDEX.PIL4","Greece","GRC","2004-2015",12
"SPI.INDEX.PIL4","Greenland","GRL","2004-2023",20
"SPI.INDEX.PIL4","Grenada","GRD","2004-2021",18
"SPI.INDEX.PIL4","Guam","GUM","2004-2023",20
"SPI.INDEX.PIL4","Guatemala","GTM","2004-2014",11
"SPI.INDEX.PIL4","Guinea","GIN","2004-2014",11
"SPI.INDEX.PIL4","Guinea-Bissau","GNB","2004-2014",11
"SPI.INDEX.PIL4","Guyana","GUY","2004-2014",11
"SPI.INDEX.PIL4","Haiti","HTI","2004-2014",11
"SPI.INDEX.PIL4","Honduras","HND","2004-2014",11
"SPI.INDEX.PIL4","Hong Kong SAR, China","HKG","2004-2023",20
"SPI.INDEX.PIL4","Hungary","HUN","2004-2015",12
"SPI.INDEX.PIL4","Iceland","ISL","2004-2015",12
"SPI.INDEX.PIL4","India","IND","2004-2014",11
"SPI.INDEX.PIL4","Indonesia","IDN","2004-2014",11
"SPI.INDEX.PIL4","Iran, Islamic Rep.","IRN","2004-2014",11
"SPI.INDEX.PIL4","Iraq","IRQ","2004-2015",12
"SPI.INDEX.PIL4","Ireland","IRL","2004-2015",12
"SPI.INDEX.PIL4","Isle of Man","IMN","2004-2023",20
"SPI.INDEX.PIL4","Israel","ISR","2004-2015",12
"SPI.INDEX.PIL4","Italy","ITA","2004-2015",12
"SPI.INDEX.PIL4","Jamaica","JAM","2004-2014",11
"SPI.INDEX.PIL4","Japan","JPN","2004-2015",12
"SPI.INDEX.PIL4","Jordan","JOR","2004-2014",11
"SPI.INDEX.PIL4","Kazakhstan","KAZ","2004-2014",11
"SPI.INDEX.PIL4","Kenya","KEN","2004-2014",11
"SPI.INDEX.PIL4","Kiribati","KIR","2004-2014",11
"SPI.INDEX.PIL4","Korea, Dem. People's Rep.","PRK","2004-2023",20
"SPI.INDEX.PIL4","Korea, Rep.","KOR","2004-2015",12
"SPI.INDEX.PIL4","Kosovo","XKX","2004-2014",11
"SPI.INDEX.PIL4","Kuwait","KWT","2004-2015",12
"SPI.INDEX.PIL4","Kyrgyz Republic","KGZ","2004-2014",11
"SPI.INDEX.PIL4","Lao PDR","LAO","2004-2014",11
"SPI.INDEX.PIL4","Latvia","LVA","2004-2015",12
"SPI.INDEX.PIL4","Lebanon","LBN","2004-2014",11
"SPI.INDEX.PIL4","Lesotho","LSO","2004-2014",11
"SPI.INDEX.PIL4","Liberia","LBR","2004-2014",11
"SPI.INDEX.PIL4","Libya","LBY","2004-2015",12
"SPI.INDEX.PIL4","Liechtenstein","LIE","2004-2023",20
"SPI.INDEX.PIL4","Lithuania","LTU","2004-2015",12
"SPI.INDEX.PIL4","Luxembourg","LUX","2004-2015",12
"SPI.INDEX.PIL4","Macao SAR, China","MAC","2004-2023",20
"SPI.INDEX.PIL4","Madagascar","MDG","2004-2014",11
"SPI.INDEX.PIL4","Malawi","MWI","2004-2014",11
"SPI.INDEX.PIL4","Malaysia","MYS","2004-2014",11
"SPI.INDEX.PIL4","Maldives","MDV","2004-2014",11
"SPI.INDEX.PIL4","Mali","MLI","2004-2014",11
"SPI.INDEX.PIL4","Malta","MLT","2004-2015",12
"SPI.INDEX.PIL4","Marshall Islands","MHL","2004-2014",11
"SPI.INDEX.PIL4","Mauritania","MRT","2004-2014",11
"SPI.INDEX.PIL4","Mauritius","MUS","2004-2014",11
"SPI.INDEX.PIL4","Mexico","MEX","2004-2014",11
"SPI.INDEX.PIL4","Micronesia, Fed. Sts.","FSM","2004-2014",11
"SPI.INDEX.PIL4","Moldova","MDA","2004-2014",11
"SPI.INDEX.PIL4","Monaco","MCO","2004-2023",20
"SPI.INDEX.PIL4","Mongolia","MNG","2004-2014",11
"SPI.INDEX.PIL4","Montenegro","MNE","2004-2014",11
"SPI.INDEX.PIL4","Morocco","MAR","2004-2014",11
"SPI.INDEX.PIL4","Mozambique","MOZ","2004-2014",11
"SPI.INDEX.PIL4","Myanmar","MMR","2004-2015",12
"SPI.INDEX.PIL4","Namibia","NAM","2004-2014",11
"SPI.INDEX.PIL4","Nauru","NRU","2004-2021",18
"SPI.INDEX.PIL4","Nepal","NPL","2004-2014",11
"SPI.INDEX.PIL4","Netherlands","NLD","2004-2015",12
"SPI.INDEX.PIL4","New Caledonia","NCL","2004-2023",20
"SPI.INDEX.PIL4","New Zealand","NZL","2004-2015",12
"SPI.INDEX.PIL4","Nicaragua","NIC","2004-2014",11
"SPI.INDEX.PIL4","Niger","NER","2004-2014",11
"SPI.INDEX.PIL4","Nigeria","NGA","2004-2014",11
"SPI.INDEX.PIL4","North Macedonia","MKD","2004-2014",11
"SPI.INDEX.PIL4","Northern Mariana Islands","MNP","2004-2023",20
"SPI.INDEX.PIL4","Norway","NOR","2004-2015",12
"SPI.INDEX.PIL4","Oman","OMN","2004-2015",12
"SPI.INDEX.PIL4","Pakistan","PAK","2004-2014",11
"SPI.INDEX.PIL4","Palau","PLW","2004-2019",16
"SPI.INDEX.PIL4","Panama","PAN","2004-2014",11
"SPI.INDEX.PIL4","Papua New Guinea","PNG","2004-2014",11
"SPI.INDEX.PIL4","Paraguay","PRY","2004-2014",11
"SPI.INDEX.PIL4","Peru","PER","2004-2014",11
"SPI.INDEX.PIL4","Philippines","PHL","2004-2014",11
"SPI.INDEX.PIL4","Poland","POL","2004-2015",12
"SPI.INDEX.PIL4","Portugal","PRT","2004-2015",12
"SPI.INDEX.PIL4","Puerto Rico","PRI","2004-2023",20
"SPI.INDEX.PIL4","Qatar","QAT","2004-2015",12
"SPI.INDEX.PIL4","Romania","ROU","2004-2014",11
"SPI.INDEX.PIL4","Russian Federation","RUS","2004-2014",11
"SPI.INDEX.PIL4","Rwanda","RWA","2004-2014",11
"SPI.INDEX.PIL4","Samoa","WSM","2004-2014",11
"SPI.INDEX.PIL4","San Marino","SMR","2004-2023",20
"SPI.INDEX.PIL4","Sao Tome and Principe","STP","2004-2014",11
"SPI.INDEX.PIL4","Saudi Arabia","SAU","2004-2014",11
"SPI.INDEX.PIL4","Senegal","SEN","2004-2014",11
"SPI.INDEX.PIL4","Serbia","SRB","2004-2014",11
"SPI.INDEX.PIL4","Seychelles","SYC","2004-2016",13
"SPI.INDEX.PIL4","Sierra Leone","SLE","2004-2014",11
"SPI.INDEX.PIL4","Singapore","SGP","2004-2015",12
"SPI.INDEX.PIL4","Sint Maarten (Dutch part)","SXM","2004-2023",20
"SPI.INDEX.PIL4","Slovak Republic","SVK","2004-2015",12
"SPI.INDEX.PIL4","Slovenia","SVN","2004-2015",12
"SPI.INDEX.PIL4","Solomon Islands","SLB","2004-2014",11
"SPI.INDEX.PIL4","Somalia","SOM","2004-2016",13
"SPI.INDEX.PIL4","South Africa","ZAF","2004-2014",11
"SPI.INDEX.PIL4","South Sudan","SSD","2004-2014",11
"SPI.INDEX.PIL4","Spain","ESP","2004-2015",12
"SPI.INDEX.PIL4","Sri Lanka","LKA","2004-2014",11
"SPI.INDEX.PIL4","St. Kitts and Nevis","KNA","2004-2019",16
"SPI.INDEX.PIL4","St. Lucia","LCA","2004-2014",11
"SPI.INDEX.PIL4","St. Martin (French part)","MAF","2004-2023",20
"SPI.INDEX.PIL4","St. Vincent and the Grenadines","VCT","2004-2014",11
"SPI.INDEX.PIL4","Sudan","SDN","2004-2014",11
"SPI.INDEX.PIL4","Suriname","SUR","2004-2015",12
"SPI.INDEX.PIL4","Sweden","SWE","2004-2015",12
"SPI.INDEX.PIL4","Switzerland","CHE","2004-2015",12
"SPI.INDEX.PIL4","Syrian Arab Republic","SYR","2004-2016",13
"SPI.INDEX.PIL4","Tajikistan","TJK","2004-2014",11
"SPI.INDEX.PIL4","Tanzania","TZA","2004-2014",11
"SPI.INDEX.PIL4","Thailand","THA","2004-2014",11
"SPI.INDEX.PIL4","Timor-Leste","TLS","2004-2014",11
"SPI.INDEX.PIL4","Togo","TGO","2004-2014",11
"SPI.INDEX.PIL4","Tonga","TON","2004-2019",16
"SPI.INDEX.PIL4","Trinidad and Tobago","TTO","2004-2015",12
"SPI.INDEX.PIL4","Tunisia","TUN","2004-2014",11
"SPI.INDEX.PIL4","Turkiye","TUR","2004-2014",11
"SPI.INDEX.PIL4","Turkmenistan","TKM","2004-2014",11
"SPI.INDEX.PIL4","Turks and Caicos Islands","TCA","2004-2023",20
"SPI.INDEX.PIL4","Tuvalu","TUV","2004-2021",18
"SPI.INDEX.PIL4","Uganda","UGA","2004-2014",11
"SPI.INDEX.PIL4","Ukraine","UKR","2004-2014",11
"SPI.INDEX.PIL4","United Arab Emirates","ARE","2004-2015",12
"SPI.INDEX.PIL4","United Kingdom","GBR","2004-2015",12
"SPI.INDEX.PIL4","United States","USA","2004-2015",12
"SPI.INDEX.PIL4","Uruguay","URY","2004-2014",11
"SPI.INDEX.PIL4","Uzbekistan","UZB","2004-2014",11
"SPI.INDEX.PIL4","Vanuatu","VUT","2004-2014",11
"SPI.INDEX.PIL4","Venezuela, RB","VEN","2004-2014",11
"SPI.INDEX.PIL4","Viet Nam","VNM","2004-2014",11
"SPI.INDEX.PIL4","Virgin Islands (U.S.)","VIR","2004-2023",20
"SPI.INDEX.PIL4","West Bank and Gaza","PSE","2004-2014",11
"SPI.INDEX.PIL4","Yemen, Rep.","YEM","2004-2014",11
"SPI.INDEX.PIL4","Zambia","ZMB","2004-2014",11
"SPI.INDEX.PIL4","Zimbabwe","ZWE","2004-2014",11
"SPI.INDEX.PIL5","Afghanistan","AFG","2004-2015",12
"SPI.INDEX.PIL5","Albania","ALB","2004-2015",12
"SPI.INDEX.PIL5","Algeria","DZA","2004-2015",12
"SPI.INDEX.PIL5","American Samoa","ASM","2004-2023",20
"SPI.INDEX.PIL5","Andorra","AND","2004-2019",16
"SPI.INDEX.PIL5","Angola","AGO","2004-2015",12
"SPI.INDEX.PIL5","Antigua and Barbuda","ATG","2004-2015",12
"SPI.INDEX.PIL5","Argentina","ARG","2004-2015",12
"SPI.INDEX.PIL5","Armenia","ARM","2004-2015",12
"SPI.INDEX.PIL5","Aruba","ABW","2004-2023",20
"SPI.INDEX.PIL5","Australia","AUS","2004-2015",12
"SPI.INDEX.PIL5","Austria","AUT","2004-2015",12
"SPI.INDEX.PIL5","Azerbaijan","AZE","2004-2015",12
"SPI.INDEX.PIL5","Bahamas, The","BHS","2004-2015",12
"SPI.INDEX.PIL5","Bahrain","BHR","2004-2015",12
"SPI.INDEX.PIL5","Bangladesh","BGD","2004-2015",12
"SPI.INDEX.PIL5","Barbados","BRB","2004-2015",12
"SPI.INDEX.PIL5","Belarus","BLR","2004-2015",12
"SPI.INDEX.PIL5","Belgium","BEL","2004-2015",12
"SPI.INDEX.PIL5","Belize","BLZ","2004-2015",12
"SPI.INDEX.PIL5","Benin","BEN","2004-2015",12
"SPI.INDEX.PIL5","Bermuda","BMU","2004-2023",20
"SPI.INDEX.PIL5","Bhutan","BTN","2004-2015",12
"SPI.INDEX.PIL5","Bolivia","BOL","2004-2015",12
"SPI.INDEX.PIL5","Bosnia and Herzegovina","BIH","2004-2015",12
"SPI.INDEX.PIL5","Botswana","BWA","2004-2015",12
"SPI.INDEX.PIL5","Brazil","BRA","2004-2015",12
"SPI.INDEX.PIL5","British Virgin Islands","VGB","2004-2023",20
"SPI.INDEX.PIL5","Brunei Darussalam","BRN","2004-2015",12
"SPI.INDEX.PIL5","Bulgaria","BGR","2004-2015",12
"SPI.INDEX.PIL5","Burkina Faso","BFA","2004-2015",12
"SPI.INDEX.PIL5","Burundi","BDI","2004-2015",12
"SPI.INDEX.PIL5","Cabo Verde","CPV","2004-2015",12
"SPI.INDEX.PIL5","Cambodia","KHM","2004-2015",12
"SPI.INDEX.PIL5","Cameroon","CMR","2004-2015",12
"SPI.INDEX.PIL5","Canada","CAN","2004-2015",12
"SPI.INDEX.PIL5","Cayman Islands","CYM","2004-2023",20
"SPI.INDEX.PIL5","Central African Republic","CAF","2004-2015",12
"SPI.INDEX.PIL5","Chad","TCD","2004-2015",12
"SPI.INDEX.PIL5","Channel Islands","CHI","2004-2023",20
"SPI.INDEX.PIL5","Chile","CHL","2004-2015",12
"SPI.INDEX.PIL5","China","CHN","2004-2015",12
"SPI.INDEX.PIL5","Colombia","COL","2004-2015",12
"SPI.INDEX.PIL5","Comoros","COM","2004-2015",12
"SPI.INDEX.PIL5","Congo, Dem. Rep.","COD","2004-2016",13
"SPI.INDEX.PIL5","Congo, Rep.","COG","2004-2015",12
"SPI.INDEX.PIL5","Costa Rica","CRI","2004-2015",12
"SPI.INDEX.PIL5","Cote d'Ivoire","CIV","2004-2015",12
"SPI.INDEX.PIL5","Croatia","HRV","2004-2015",12
"SPI.INDEX.PIL5","Cuba","CUB","2004-2023",20
"SPI.INDEX.PIL5","Curacao","CUW","2004-2023",20
"SPI.INDEX.PIL5","Cyprus","CYP","2004-2015",12
"SPI.INDEX.PIL5","Czechia","CZE","2004-2015",12
"SPI.INDEX.PIL5","Denmark","DNK","2004-2015",12
"SPI.INDEX.PIL5","Djibouti","DJI","2004-2015",12
"SPI.INDEX.PIL5","Dominica","DMA","2004-2015",12
"SPI.INDEX.PIL5","Dominican Republic","DOM","2004-2015",12
"SPI.INDEX.PIL5","Ecuador","ECU","2004-2015",12
"SPI.INDEX.PIL5","Egypt, Arab Rep.","EGY","2004-2015",12
"SPI.INDEX.PIL5","El Salvador","SLV","2004-2015",12
"SPI.INDEX.PIL5","Equatorial Guinea","GNQ","2004-2015",12
"SPI.INDEX.PIL5","Eritrea","ERI","2004-2015",12
"SPI.INDEX.PIL5","Estonia","EST","2004-2015",12
"SPI.INDEX.PIL5","Eswatini","SWZ","2004-2015",12
"SPI.INDEX.PIL5","Ethiopia","ETH","2004-2015",12
"SPI.INDEX.PIL5","Faroe Islands","FRO","2004-2023",20
"SPI.INDEX.PIL5","Fiji","FJI","2004-2015",12
"SPI.INDEX.PIL5","Finland","FIN","2004-2015",12
"SPI.INDEX.PIL5","France","FRA","2004-2015",12
"SPI.INDEX.PIL5","French Polynesia","PYF","2004-2023",20
"SPI.INDEX.PIL5","Gabon","GAB","2004-2015",12
"SPI.INDEX.PIL5","Gambia, The","GMB","2004-2015",12
"SPI.INDEX.PIL5","Georgia","GEO","2004-2015",12
"SPI.INDEX.PIL5","Germany","DEU","2004-2015",12
"SPI.INDEX.PIL5","Ghana","GHA","2004-2015",12
"SPI.INDEX.PIL5","Gibraltar","GIB","2004-2023",20
"SPI.INDEX.PIL5","Greece","GRC","2004-2015",12
"SPI.INDEX.PIL5","Greenland","GRL","2004-2023",20
"SPI.INDEX.PIL5","Grenada","GRD","2004-2015",12
"SPI.INDEX.PIL5","Guam","GUM","2004-2023",20
"SPI.INDEX.PIL5","Guatemala","GTM","2004-2015",12
"SPI.INDEX.PIL5","Guinea","GIN","2004-2015",12
"SPI.INDEX.PIL5","Guinea-Bissau","GNB","2004-2015",12
"SPI.INDEX.PIL5","Guyana","GUY","2004-2015",12
"SPI.INDEX.PIL5","Haiti","HTI","2004-2015",12
"SPI.INDEX.PIL5","Honduras","HND","2004-2015",12
"SPI.INDEX.PIL5","Hong Kong SAR, China","HKG","2004-2023",20
"SPI.INDEX.PIL5","Hungary","HUN","2004-2015",12
"SPI.INDEX.PIL5","Iceland","ISL","2004-2015",12
"SPI.INDEX.PIL5","India","IND","2004-2015",12
"SPI.INDEX.PIL5","Indonesia","IDN","2004-2015",12
"SPI.INDEX.PIL5","Iran, Islamic Rep.","IRN","2004-2015",12
"SPI.INDEX.PIL5","Iraq","IRQ","2004-2015",12
"SPI.INDEX.PIL5","Ireland","IRL","2004-2015",12
"SPI.INDEX.PIL5","Isle of Man","IMN","2004-2023",20
"SPI.INDEX.PIL5","Israel","ISR","2004-2015",12
"SPI.INDEX.PIL5","Italy","ITA","2004-2015",12
"SPI.INDEX.PIL5","Jamaica","JAM","2004-2015",12
"SPI.INDEX.PIL5","Japan","JPN","2004-2015",12
"SPI.INDEX.PIL5","Jordan","JOR","2004-2015",12
"SPI.INDEX.PIL5","Kazakhstan","KAZ","2004-2015",12
"SPI.INDEX.PIL5","Kenya","KEN","2004-2015",12
"SPI.INDEX.PIL5","Kiribati","KIR","2004-2015",12
"SPI.INDEX.PIL5","Korea, Dem. People's Rep.","PRK","2004-2023",20
"SPI.INDEX.PIL5","Korea, Rep.","KOR","2004-2015",12
"SPI.INDEX.PIL5","Kosovo","XKX","2004-2016",13
"SPI.INDEX.PIL5","Kuwait","KWT","2004-2015",12
"SPI.INDEX.PIL5","Kyrgyz Republic","KGZ","2004-2015",12
"SPI.INDEX.PIL5","Lao PDR","LAO","2004-2015",12
"SPI.INDEX.PIL5","Latvia","LVA","2004-2015",12
"SPI.INDEX.PIL5","Lebanon","LBN","2004-2015",12
"SPI.INDEX.PIL5","Lesotho","LSO","2004-2015",12
"SPI.INDEX.PIL5","Liberia","LBR","2004-2015",12
"SPI.INDEX.PIL5","Libya","LBY","2004-2015",12
"SPI.INDEX.PIL5","Liechtenstein","LIE","2004-2023",20
"SPI.INDEX.PIL5","Lithuania","LTU","2004-2015",12
"SPI.INDEX.PIL5","Luxembourg","LUX","2004-2015",12
"SPI.INDEX.PIL5","Macao SAR, China","MAC","2004-2023",20
"SPI.INDEX.PIL5","Madagascar","MDG","2004-2015",12
"SPI.INDEX.PIL5","Malawi","MWI","2004-2015",12
"SPI.INDEX.PIL5","Malaysia","MYS","2004-2015",12
"SPI.INDEX.PIL5","Maldives","MDV","2004-2015",12
"SPI.INDEX.PIL5","Mali","MLI","2004-2015",12
"SPI.INDEX.PIL5","Malta","MLT","2004-2015",12
"SPI.INDEX.PIL5","Marshall Islands","MHL","2004-2015",12
"SPI.INDEX.PIL5","Mauritania","MRT","2004-2015",12
"SPI.INDEX.PIL5","Mauritius","MUS","2004-2015",12
"SPI.INDEX.PIL5","Mexico","MEX","2004-2015",12
"SPI.INDEX.PIL5","Micronesia, Fed. Sts.","FSM","2004-2015",12
"SPI.INDEX.PIL5","Moldova","MDA","2004-2015",12
"SPI.INDEX.PIL5","Monaco","MCO","2004-2023",20
"SPI.INDEX.PIL5","Mongolia","MNG","2004-2015",12
"SPI.INDEX.PIL5","Montenegro","MNE","2004-2015",12
"SPI.INDEX.PIL5","Morocco","MAR","2004-2015",12
"SPI.INDEX.PIL5","Mozambique","MOZ","2004-2015",12
"SPI.INDEX.PIL5","Myanmar","MMR","2004-2015",12
"SPI.INDEX.PIL5","Namibia","NAM","2004-2015",12
"SPI.INDEX.PIL5","Nauru","NRU","2004-2015",12
"SPI.INDEX.PIL5","Nepal","NPL","2004-2015",12
"SPI.INDEX.PIL5","Netherlands","NLD","2004-2015",12
"SPI.INDEX.PIL5","New Caledonia","NCL","2004-2023",20
"SPI.INDEX.PIL5","New Zealand","NZL","2004-2015",12
"SPI.INDEX.PIL5","Nicaragua","NIC","2004-2015",12
"SPI.INDEX.PIL5","Niger","NER","2004-2015",12
"SPI.INDEX.PIL5","Nigeria","NGA","2004-2015",12
"SPI.INDEX.PIL5","North Macedonia","MKD","2004-2015",12
"SPI.INDEX.PIL5","Northern Mariana Islands","MNP","2004-2023",20
"SPI.INDEX.PIL5","Norway","NOR","2004-2015",12
"SPI.INDEX.PIL5","Oman","OMN","2004-2015",12
"SPI.INDEX.PIL5","Pakistan","PAK","2004-2015",12
"SPI.INDEX.PIL5","Palau","PLW","2004-2015",12
"SPI.INDEX.PIL5","Panama","PAN","2004-2015",12
"SPI.INDEX.PIL5","Papua New Guinea","PNG","2004-2015",12
"SPI.INDEX.PIL5","Paraguay","PRY","2004-2015",12
"SPI.INDEX.PIL5","Peru","PER","2004-2015",12
"SPI.INDEX.PIL5","Philippines","PHL","2004-2015",12
"SPI.INDEX.PIL5","Poland","POL","2004-2015",12
"SPI.INDEX.PIL5","Portugal","PRT","2004-2015",12
"SPI.INDEX.PIL5","Puerto Rico","PRI","2004-2023",20
"SPI.INDEX.PIL5","Qatar","QAT","2004-2015",12
"SPI.INDEX.PIL5","Romania","ROU","2004-2016",13
"SPI.INDEX.PIL5","Russian Federation","RUS","2004-2015",12
"SPI.INDEX.PIL5","Rwanda","RWA","2004-2015",12
"SPI.INDEX.PIL5","Samoa","WSM","2004-2015",12
"SPI.INDEX.PIL5","San Marino","SMR","2004-2015",12
"SPI.INDEX.PIL5","Sao Tome and Principe","STP","2004-2015",12
"SPI.INDEX.PIL5","Saudi Arabia","SAU","2004-2015",12
"SPI.INDEX.PIL5","Senegal","SEN","2004-2015",12
"SPI.INDEX.PIL5","Serbia","SRB","2004-2015",12
"SPI.INDEX.PIL5","Seychelles","SYC","2004-2015",12
"SPI.INDEX.PIL5","Sierra Leone","SLE","2004-2015",12
"SPI.INDEX.PIL5","Singapore","SGP","2004-2015",12
"SPI.INDEX.PIL5","Sint Maarten (Dutch part)","SXM","2004-2023",20
"SPI.INDEX.PIL5","Slovak Republic","SVK","2004-2015",12
"SPI.INDEX.PIL5","Slovenia","SVN","2004-2015",12
"SPI.INDEX.PIL5","Solomon Islands","SLB","2004-2015",12
"SPI.INDEX.PIL5","Somalia","SOM","2004-2015",12
"SPI.INDEX.PIL5","South Africa","ZAF","2004-2015",12
"SPI.INDEX.PIL5","South Sudan","SSD","2004-2015",12
"SPI.INDEX.PIL5","Spain","ESP","2004-2015",12
"SPI.INDEX.PIL5","Sri Lanka","LKA","2004-2015",12
"SPI.INDEX.PIL5","St. Kitts and Nevis","KNA","2004-2015",12
"SPI.INDEX.PIL5","St. Lucia","LCA","2004-2015",12
"SPI.INDEX.PIL5","St. Martin (French part)","MAF","2004-2023",20
"SPI.INDEX.PIL5","St. Vincent and the Grenadines","VCT","2004-2015",12
"SPI.INDEX.PIL5","Sudan","SDN","2004-2015",12
"SPI.INDEX.PIL5","Suriname","SUR","2004-2015",12
"SPI.INDEX.PIL5","Sweden","SWE","2004-2015",12
"SPI.INDEX.PIL5","Switzerland","CHE","2004-2015",12
"SPI.INDEX.PIL5","Syrian Arab Republic","SYR","2004-2015",12
"SPI.INDEX.PIL5","Tajikistan","TJK","2004-2015",12
"SPI.INDEX.PIL5","Tanzania","TZA","2004-2015",12
"SPI.INDEX.PIL5","Thailand","THA","2004-2015",12
"SPI.INDEX.PIL5","Timor-Leste","TLS","2004-2016",13
"SPI.INDEX.PIL5","Togo","TGO","2004-2015",12
"SPI.INDEX.PIL5","Tonga","TON","2004-2015",12
"SPI.INDEX.PIL5","Trinidad and Tobago","TTO","2004-2015",12
"SPI.INDEX.PIL5","Tunisia","TUN","2004-2015",12
"SPI.INDEX.PIL5","Turkiye","TUR","2004-2015",12
"SPI.INDEX.PIL5","Turkmenistan","TKM","2004-2015",12
"SPI.INDEX.PIL5","Turks and Caicos Islands","TCA","2004-2023",20
"SPI.INDEX.PIL5","Tuvalu","TUV","2004-2015",12
"SPI.INDEX.PIL5","Uganda","UGA","2004-2015",12
"SPI.INDEX.PIL5","Ukraine","UKR","2004-2015",12
"SPI.INDEX.PIL5","United Arab Emirates","ARE","2004-2015",12
"SPI.INDEX.PIL5","United Kingdom","GBR","2004-2015",12
"SPI.INDEX.PIL5","United States","USA","2004-2015",12
"SPI.INDEX.PIL5","Uruguay","URY","2004-2015",12
"SPI.INDEX.PIL5","Uzbekistan","UZB","2004-2015",12
"SPI.INDEX.PIL5","Vanuatu","VUT","2004-2015",12
"SPI.INDEX.PIL5","Venezuela, RB","VEN","2004-2015",12
"SPI.INDEX.PIL5","Viet Nam","VNM","2004-2015",12
"SPI.INDEX.PIL5","Virgin Islands (U.S.)","VIR","2004-2023",20
"SPI.INDEX.PIL5","West Bank and Gaza","PSE","2004-2016",13
"SPI.INDEX.PIL5","Yemen, Rep.","YEM","2004-2015",12
"SPI.INDEX.PIL5","Zambia","ZMB","2004-2015",12
"SPI.INDEX.PIL5","Zimbabwe","ZWE","2004-2015",12
